dataset,category,sector,factor_or_theme,region,bbid,name,currency,type,assetId,needs_review
PAIR_BASKETS_LEVELS,Other / Review,Broad (US),,Americas,GSPUERNY,GS US Barra Ern Yld Pair,USD,Custom Basket,MA01V746G2Z0R1QF,True
PAIR_BASKETS_LEVELS,Sector Factor,TMT / Tech,Volatility,Americas,GSTMRSVL,GS US TMT Residual Volatility,USD,Custom Basket,MA08NQDBCKPSYMZB,False
PAIR_BASKETS_LEVELS,Other / Review,Broad (US),,Americas,GSPUFCFP,GS Hi vs Lo FCF,USD,Custom Basket,MA0D9FP24YF65JDG,True
PAIR_BASKETS_LEVELS,Sector Factor,Financials,Momentum,Americas,GSFIMOMO,GS US Financials Momentum,USD,Custom Basket,MA0G5T1GQJ3KRT84,False
PAIR_BASKETS_LEVELS,Theme,TMT / Tech,Software,Americas,GSPUSOFT,GS Cheap vs Exp Software,USD,Custom Basket,MA0P21T77CF1Q35D,False
PAIR_BASKETS_LEVELS,HF Positioning,HF Positioning,VIP vs Short,Global,GSPRSQ75,.GSPRSQ75,USD,Custom Basket,MA18223X5PVPESWY,False
PAIR_BASKETS_LEVELS,Sector Factor,Health Care,Growth,Americas,GSHCGRWT,GS US Health Care Growth,USD,Custom Basket,MA1M1APPEM9G6FX1,False
PAIR_BASKETS_LEVELS,Other / Review,Broad / Cross-sector,,Global,GSPAJBVA,.GSPAJBVA,JPY,Custom Basket,MA1PX7F3RQ4N3FMQ,True
PAIR_BASKETS_LEVELS,Factor,Broad (US),Momentum,Americas,GSPUWFMO,Wolfe Momentum Pair,USD,Custom Basket,MA1Q5MK4CPHHXWG8,False
PAIR_BASKETS_LEVELS,Other / Review,Broad (US),,Americas,GSPUWREV,Wolfe Revisions Pair,USD,Custom Basket,MA1VN8CWWN2E0XWY,True
PAIR_BASKETS_LEVELS,Theme,TMT / Tech,AI,Americas,GSPUCHAT,GS US AI vs Nonprof Tech,USD,Custom Basket,MA1ZWCE19031B8FY,False
PAIR_BASKETS_LEVELS,HF Positioning,Telecom / Comm Svcs,VIP vs Short,Americas,GSPRVSTL,GS US Tels VIP vs Short,USD,Custom Basket,MA213ANPM586WF9F,False
PAIR_BASKETS_LEVELS,Theme,Broad (US),Labor / Wage,Americas,GSPUWAGH,GS Wage Pressure Pair,USD,Custom Basket,MA21XW27RKXE2CGM,False
PAIR_BASKETS_LEVELS,Other / Review,Broad (US),,Americas,GSPUOILY,GS US Wolfe Oil Pair,USD,Custom Basket,MA2AAYR6698XF8B2,True
PAIR_BASKETS_LEVELS,Factor,Broad / Cross-sector,Beta,Americas,GSKOBETA,GS US Beta (EFMUSALTS),USD,Custom Basket,MA2D13KM5YFWT85G,False
PAIR_BASKETS_LEVELS,Other / Review,Broad (US),,Americas,GSPUSENT,GS US Barra Sentiment,USD,Custom Basket,MA2VVE5R6CF1RSC8,True
PAIR_BASKETS_LEVELS,Other / Review,TMT / Tech,,Americas,GSPUNEXT,GS New Tech vs Exp Defs,USD,Custom Basket,MA31J1G8FVYRCZEA,True
PAIR_BASKETS_LEVELS,Factor,Broad (US),Size,Americas,GSPUWSIZ,Wolfe Size Pair,USD,Custom Basket,MA349R99VENVMNXN,False
PAIR_BASKETS_LEVELS,Theme,Broad (US),Inflation / Pricing Power,Americas,GSPUCPIP,GS US Inflation Pair,USD,Custom Basket,MA35S5PJ6677A3S3,False
PAIR_BASKETS_LEVELS,Factor,Broad (US),Growth,Americas,GSPUWGRO,Wolfe Growth Pair,USD,Custom Basket,MA46STE7FRVAFWQG,False
PAIR_BASKETS_LEVELS,Factor,Broad (US),Momentum,Americas,GSPUMOMO,GS US Momo ex Memes Pair,USD,Custom Basket,MA4EPYC53HVW64Q2,False
PAIR_BASKETS_LEVELS,Factor,Broad (US),Momentum,Americas,GSPUMOMW,GS US Wolfe Momo,USD,Custom Basket,MA4EZ79BSYHH0BY8,False
PAIR_BASKETS_LEVELS,HF Positioning,Consumer,VIP vs Short,Americas,GSPRVSCS,GS US Cons VIP vs Short,USD,Custom Basket,MA4F7H3YVZCXGPHM,False
PAIR_BASKETS_LEVELS,Factor,Broad (US),Profitability,Americas,GSPUWPRF,Wolfe Profitability Pair,USD,Custom Basket,MA4FRRRP55PSNBTD,False
PAIR_BASKETS_LEVELS,Theme,Broad / Cross-sector,HF / Positioning Theme,Americas,GSTHVIPP,GS HF VIP vs VIP Short,USD,Custom Basket,MA4G9W2JB1H33MZ8,False
PAIR_BASKETS_LEVELS,Sector Factor,Health Care,Momentum,Americas,GSPUHLCM,GS US HC Momo Pair,USD,Custom Basket,MA4MTAJRJZV3EX9V,False
PAIR_BASKETS_LEVELS,HF Positioning,HF Positioning,VIP vs Short,Americas,GSPRQLBB,GS Buyback Pair,USD,Custom Basket,MA4SBKK9R35P20MN,False
PAIR_BASKETS_LEVELS,Other / Review,Broad (US),,Americas,GSPUBASI,,USD,Custom Basket,MA4WJ5MJYGB4DM49,True
PAIR_BASKETS_LEVELS,Factor,Broad (US),Momentum,Americas,GSPUMFMO,GS US Axioma Momentum,USD,Custom Basket,MA4ZHZZPG8TSNMTV,False
PAIR_BASKETS_LEVELS,Other / Review,Broad (US),,Americas,GSPULTRV,GS US Barra LT Reversal,USD,Custom Basket,MA57JSQ3QJG01TDK,True
PAIR_BASKETS_LEVELS,HF Positioning,HF Positioning,VIP vs Short,Americas,GSPRSQ65,.GSPRSQ65,USD,Custom Basket,MA57QA0WPY2R69XE,False
PAIR_BASKETS_LEVELS,Sector Factor,Energy,Momentum,Americas,GSENEMOM,GS US Energy Momo Pair,USD,Custom Basket,MA5CYZDD2CBBBQ3V,False
PAIR_BASKETS_LEVELS,Sector Factor,Financials,Profitability,Americas,GSFIPROF,GS US Financials Prof,USD,Custom Basket,MA5FDK6XT69HH7M4,False
PAIR_BASKETS_LEVELS,Factor,Broad (US),Profitability,Americas,GSPUBGPF,GS US GEMLT Prof Pair,USD,Custom Basket,MA5K3SBW9E2DJWB9,False
PAIR_BASKETS_LEVELS,Other / Review,Broad / Cross-sector,,Global,GSPAJBSZ,.GSPAJBSZ,JPY,Custom Basket,MA5M9EGH176E2KWS,True
PAIR_BASKETS_LEVELS,Sector Factor,TMT / Tech,Growth vs Value,Americas,GSTMTGVP,GS US TMT Gro vs Val,USD,Custom Basket,MA5NJM88VAGX1MF4,False
PAIR_BASKETS_LEVELS,Sector Factor,Financials,Volatility,Americas,GSFIRSVL,GS US Financials Res Vol,USD,Custom Basket,MA5QV4H1G1D5CPCN,False
PAIR_BASKETS_LEVELS,Sector Factor,Health Care,Value,Americas,GSHCVALU,GS US Health Care Value,USD,Custom Basket,MA5TMZRDK2BHEGQ6,False
PAIR_BASKETS_LEVELS,Factor,Broad (US),Volatility,Americas,GSPUBGRV,GS US GEMLT Res Vol Pair,USD,Custom Basket,MA60M9S3XYBJ9DXH,False
PAIR_BASKETS_LEVELS,HF Positioning,HF Positioning,VIP vs Short,Americas,GSPRHIMO,GS US High Beta Momo,USD,Custom Basket,MA61CCW0GWZVAY4Y,False
PAIR_BASKETS_LEVELS,Other / Review,Broad (US),,Americas,GSPUMOXX,.GSPUMOXX,USD,Custom Basket,MA61VT7GVF5B5NG6,True
PAIR_BASKETS_LEVELS,HF Positioning,Consumer,VIP vs Short,Americas,GSPRVSCD,GS US Cons VIP vs Short,USD,Custom Basket,MA6PQ5JYMCMHVDJ0,False
PAIR_BASKETS_LEVELS,Sector Factor,Consumer,Leverage,Americas,GSCNLEVG,GS US Consumer Leverage,USD,Custom Basket,MA6Q1QDV69J25TTM,False
PAIR_BASKETS_LEVELS,Other / Review,Broad (US),,Americas,GSPUMFVO,GS US Axioma Vol,USD,Custom Basket,MA6SYQAEQFKP6FK1,True
PAIR_BASKETS_LEVELS,Other / Review,Broad (US),,Americas,GSPUBASZ,,USD,Custom Basket,MA6X8BGTN76RTE3F,True
PAIR_BASKETS_LEVELS,Other / Review,Broad / Cross-sector,,Global,GSPAJBFS,.GSPAJBFS,JPY,Custom Basket,MA6Y2TMJPY3V4DRY,True
PAIR_BASKETS_LEVELS,Other / Review,Broad (US),,Americas,GSPUSTAG,GS Stagflation Pair,USD,Custom Basket,MA71D9KQ6GFXQP70,True
PAIR_BASKETS_LEVELS,Theme,Broad (US),AI,Americas,GSPUARTI,GS AI Pair,USD,Custom Basket,MA78VHWVMMHHT05W,False
PAIR_BASKETS_LEVELS,Factor,Broad / Cross-sector,Size,Americas,GSRPESUP,GS RP Equity Size US Long/Short,USD,Custom Basket,MA7F4M6Q382GQTKX,False
PAIR_BASKETS_LEVELS,Theme,TMT / Tech,Software,Americas,GSPUSFTX,GS Software Pair,USD,Custom Basket,MA7NVS765GGJ9RXK,False
PAIR_BASKETS_LEVELS,Sector Factor,Consumer,Momentum,Americas,GSCNDMOP,GS US Cons Momo Pair,USD,Custom Basket,MA7NY6D4DY2S4ZJN,False
PAIR_BASKETS_LEVELS,Sector Factor,Consumer,Crowding,Americas,GSCNCRWD,GS US Consumer Crowding,USD,Custom Basket,MA7Q3YEY7C1S24YC,False
PAIR_BASKETS_LEVELS,Factor,Broad (US),Growth,Americas,GSPUVLSG,GS Value vs Sec Growth,USD,Custom Basket,MA7RMNFH3YR0H9T3,False
PAIR_BASKETS_LEVELS,Sector Factor,TMT / Tech,Momentum,Americas,GSTMTMOM,GS US TMT Momo Pair,USD,Custom Basket,MA7YTR8MCQPEYR17,False
PAIR_BASKETS_LEVELS,Theme,Broad / Cross-sector,China / Supply Chain,Americas,GSP24TRF,GS Tariff Risk Pair,USD,Custom Basket,MA7ZNDDVQ9Q5TRZB,False
PAIR_BASKETS_LEVELS,Factor,Broad / Cross-sector,Volatility,Europe,GSRPEWEP,GS RP Equity Volatility EU Long/Short,EUR,Custom Basket,MA83D56HP5E8TF7Q,False
PAIR_BASKETS_LEVELS,Factor,Broad / Cross-sector,Profitability,Americas,GSKOPROF,GS US Profitability EFMUSALTS,USD,Custom Basket,MA89NWV8XRKKR5DC,False
PAIR_BASKETS_LEVELS,Factor,Broad (US),Momentum,Americas,GSPUBGMO,GS US GEMLT Momo Pair,USD,Custom Basket,MA8GBG3Z8WH45XJ0,False
PAIR_BASKETS_LEVELS,Other / Review,Broad / Cross-sector,,Americas,GSCBLL05,.GSCBLL05,USD,Custom Basket,MA8MHQNZEYCGK7G6,True
PAIR_BASKETS_LEVELS,Factor,Broad (US),Growth vs Value,Americas,GSPUGRVA,GS Growth vs Value,USD,Custom Basket,MA8MZG4ENC16TVNR,False
PAIR_BASKETS_LEVELS,Other / Review,Consumer,,Americas,GSPUSVGD,GS Cons Services v Goods,USD,Custom Basket,MA8PK99K5Z285MDG,True
PAIR_BASKETS_LEVELS,HF Positioning,Real Estate,VIP vs Short,Americas,GSPRVSRE,GS US RE VIP vs Short,USD,Custom Basket,MA8Q74R1XF000W14,False
PAIR_BASKETS_LEVELS,Factor,Broad (US),Quality,Americas,GSPUQUAL,GS US Quality Pair,USD,Custom Basket,MA8R7BY1JTPQG84D,False
PAIR_BASKETS_LEVELS,Other / Review,Broad (US),,Americas,GSPUINFS,GS Infrastructure Pair,USD,Custom Basket,MA90KVBXX671PD1S,True
PAIR_BASKETS_LEVELS,Factor,Broad / Cross-sector,Growth,Americas,GSIPGROP,GS Investment Profile (IP) Growth Factor Pair,USD,Custom Basket,MA9BC65DCME3H4MT,False
PAIR_BASKETS_LEVELS,Factor,Broad (US),Volatility,Americas,GSPUWVOL,Wolfe Volatility Pair,USD,Custom Basket,MA9BMEE3K3A52YN8,False
PAIR_BASKETS_LEVELS,Theme,Broad (US),China / Supply Chain,Americas,GSPUSHOR,GS Onshoring Pair,USD,Custom Basket,MA9D972NSDATGCC3,False
PAIR_BASKETS_LEVELS,HF Positioning,HF Positioning,VIP vs Short,Americas,GSPRMUTL,GS MF OW vs UW,USD,Custom Basket,MA9S51P2C6HQ32SN,False
PAIR_BASKETS_LEVELS,Sector Factor,Industrials,Volatility,Americas,GSINRSVL,GS US Industrial Residual Volatility,USD,Custom Basket,MA9Y34DM1TKR748Q,False
PAIR_BASKETS_LEVELS,HF Positioning,HF Positioning,VIP vs Short,Americas,GSPRAIIN,GS US vs Int'l Sales,USD,Custom Basket,MA9Y4RD12PWFYDNH,False
PAIR_BASKETS_LEVELS,HF Positioning,HF Positioning,VIP vs Short,Global,GSPRUCIT,GS China vs US Internet,USD,Custom Basket,MAA1431PX2ER9T4Q,False
PAIR_BASKETS_LEVELS,Other / Review,Broad (US),,Americas,GSPUBGEY,GS US GEMLT Earning Pair,USD,Custom Basket,MAA6AA9T3F6A8ETK,True
PAIR_BASKETS_LEVELS,Other / Review,Broad / Cross-sector,,Global,GSPAJBRV,.GSPAJBRV,JPY,Custom Basket,MAAD87Y1QXQFPA7J,True
PAIR_BASKETS_LEVELS,Other / Review,Broad / Cross-sector,,Americas,GSP24REP,GS Republican Pair,USD,Custom Basket,MAAFE3WP97V9DHWA,True
PAIR_BASKETS_LEVELS,Sector Factor,Health Care,Size,Americas,GSHCSIZE,GS US Health Care Size,USD,Custom Basket,MAAK44VMVJYTWY86,False
PAIR_BASKETS_LEVELS,Other / Review,Broad (US),,Americas,GSPUSBCP,GS Stock Based Comp Pair,USD,Custom Basket,MAAKJ85KP3EKN2Z2,True
PAIR_BASKETS_LEVELS,Other / Review,Broad (US),,Americas,GSPUMFBP,GS US Axioma Mkt Sens,USD,Custom Basket,MAAM9RGA5VXTT8SS,True
PAIR_BASKETS_LEVELS,Other / Review,Broad (US),,Americas,GSPUHLCN,.GSPUHLCN,USD,Custom Basket,MAANYREVBHJBHNVE,True
PAIR_BASKETS_LEVELS,Sector Factor,Industrials,Momentum,Americas,GSINLMOP,GS US Indus Momo Pair,USD,Custom Basket,MAAQMX1B46JJGQ1Q,False
PAIR_BASKETS_LEVELS,Sector Factor,TMT / Tech,Growth,Americas,GSTMGRWT,GS US TMT Growth,USD,Custom Basket,MAB8SV3SAPFMMQM1,False
PAIR_BASKETS_LEVELS,Factor,Broad (US),Growth,Americas,GSPUGROW,GS US Barra Growth Pair,USD,Custom Basket,MABASVVW2C3ZX4ET,False
PAIR_BASKETS_LEVELS,Sector Factor,Consumer,Growth,Americas,GSCNGRWT,GS US Consumer Growth,USD,Custom Basket,MABC9BDJH8DJRCEA,False
PAIR_BASKETS_LEVELS,HF Positioning,Health Care,VIP vs Short,Americas,GSPFVSHC,GS US HC VIP vs Short,USD,Custom Basket,MABDDBVNN3GC0R9Z,False
PAIR_BASKETS_LEVELS,Theme,Broad (US),China / Supply Chain,Americas,GSPUCADR,China HK vs ADR only,USD,Custom Basket,MABJFVJJ7A315HFG,False
PAIR_BASKETS_LEVELS,Other / Review,Consumer,,Americas,GSPULOHO,Low Inc Cons vs Housing,USD,Custom Basket,MABQMR581X7E2M5V,True
PAIR_BASKETS_LEVELS,Other / Review,Broad / Cross-sector,,Global,GSPESGCY,.GSPESGCY,USD,Custom Basket,MABV4WNMKP3Z9RRK,True
PAIR_BASKETS_LEVELS,Sector Factor,TMT / Tech,Short Interest,Americas,GSTMSHRT,GS US TMT Short Interest,USD,Custom Basket,MAC0EABM7Q1QFPY6,False
PAIR_BASKETS_LEVELS,Factor,Broad (US),Growth vs Value,Americas,GSPUMFGV,GS US Axioma Gro vs Val,USD,Custom Basket,MAC24QXNWXD6Y4EW,False
PAIR_BASKETS_LEVELS,Other / Review,Broad (US),,Americas,GSPUHIFL,GS Floating Rt Debt Pair,USD,Custom Basket,MAC5EAY2BP7SCCCC,True
PAIR_BASKETS_LEVELS,Sector Factor,Health Care,Volatility,Americas,GSHCRSVL,GS US Health Care Residual Volatility,USD,Custom Basket,MACKX99PS81G6NMA,False
PAIR_BASKETS_LEVELS,Sector Factor,Consumer,Size,Americas,GSCNSIZE,GS US Consumer Size,USD,Custom Basket,MACNPN9T0BFTJXZQ,False
PAIR_BASKETS_LEVELS,HF Positioning,Financials,VIP vs Short,Americas,GSPRVSFN,GS US Fins VIP vs Short,USD,Custom Basket,MACPG3FCFXD8XE7G,False
PAIR_BASKETS_LEVELS,Factor,Broad (US),Value,Americas,GSPUMFVA,GS US Axioma Value Pair,USD,Custom Basket,MACV8AP04C338NWK,False
PAIR_BASKETS_LEVELS,Other / Review,Broad / Cross-sector,,Global,GSPAJBLE,.GSPAJBLE,JPY,Custom Basket,MACYKF965WDC8TM3,True
PAIR_BASKETS_LEVELS,Factor,Broad (US),Value,Americas,GSPUWVAL,Wolfe Value Pair,USD,Custom Basket,MACZ1DHB2NAB6RR0,False
PAIR_BASKETS_LEVELS,HF Positioning,Materials,VIP vs Short,Americas,GSPRVSMA,GS US Mats VIP vs Short,USD,Custom Basket,MAD1K7QVX3KZWWQB,False
PAIR_BASKETS_LEVELS,Sector Factor,Industrials,Crowding,Americas,GSINCRWD,GS US Industrial Crowding,USD,Custom Basket,MAD3G0459XXGFRPS,False
PAIR_BASKETS_LEVELS,Other / Review,Broad / Cross-sector,,Americas,GSKODIVD,GS US Div Yld EFMUSALTS,USD,Custom Basket,MAD63FHMSEWM6N45,True
PAIR_BASKETS_LEVELS,Other / Review,Broad / Cross-sector,,Global,GSPAJPVO,GS Japan Volality,JPY,Custom Basket,MADBRMDCFFZ9JHP9,True
PAIR_BASKETS_LEVELS,Other / Review,Broad / Cross-sector,,Global,GSPAJBGR,.GSPAJBGR,JPY,Custom Basket,MADV89KK1MBWVQAH,True
PAIR_BASKETS_LEVELS,Factor,Broad (US),Beta,Americas,GSPUBGBE,GS US GEMLT Beta Pair,USD,Custom Basket,MADY60QDSFRKF393,False
PAIR_BASKETS_LEVELS,Sector Factor,TMT / Tech,Size,Americas,GSTMSIZE,GS US TMT Size,USD,Custom Basket,MAE3HPV3SZ26QWGX,False
PAIR_BASKETS_LEVELS,Factor,Broad (US),Volatility,Americas,GSPURSVL,GS US Barra Res Vol Pair,USD,Custom Basket,MAE67MZ982F2JM01,False
PAIR_BASKETS_LEVELS,HF Positioning,Energy,VIP vs Short,Americas,GSPRVSEN,GS US En VIP vs Short,USD,Custom Basket,MAEC8HCJDWNKH5V0,False
PAIR_BASKETS_LEVELS,Other / Review,Broad / Cross-sector,,Global,GSPAJBMO,.GSPAJBMO,JPY,Custom Basket,MAEFVMRE40CR2FHH,True
PAIR_BASKETS_LEVELS,Other / Review,Broad (US),,Americas,GSPUSCGC,GS US Serv vs Goods PMI,USD,Custom Basket,MAEGAXCATBNV1M3K,True
PAIR_BASKETS_LEVELS,Factor,Broad (US),Liquidity,Americas,GSPUMFLP,GS US Axioma Liquidity,USD,Custom Basket,MAEM4VZNS3AF20XN,False
PAIR_BASKETS_LEVELS,Sector Factor,TMT / Tech,Momentum,Americas,GSTMMOMO,GS US TMT Momentum,USD,Custom Basket,MAEWJ7SNPJJMB1T0,False
PAIR_BASKETS_LEVELS,Factor,Broad (US),Cyclicals vs Defensives,Americas,GSPUCYDE,GS Cyclicals vs Defens,USD,Custom Basket,MAEXSW9VD6GT02A5,False
PAIR_BASKETS_LEVELS,Sector Factor,Industrials,Growth,Americas,GSINGRWT,GS US Industrial Growth,USD,Custom Basket,MAF1YR8YTFWGD9M0,False
PAIR_BASKETS_LEVELS,Factor,Broad (US),Growth,Americas,GSPUHGMP,GS Hi Growth H/L Margin,USD,Custom Basket,MAF52HD5W40S7H32,False
PAIR_BASKETS_LEVELS,HF Positioning,Industrials,VIP vs Short,Americas,GSPRVSIN,GS US Ind VIP vs Short,USD,Custom Basket,MAF5FRQW7ZZEGG24,False
PAIR_BASKETS_LEVELS,Sector Factor,Financials,Leverage,Americas,GSFILEVG,GS US Financials Leverage,USD,Custom Basket,MAF8AD7TCYJAZHEQ,False
PAIR_BASKETS_LEVELS,Other / Review,Broad / Cross-sector,,Global,GSPAJBEQ,.GSPAJBEQ,JPY,Custom Basket,MAF8PEDG80W2CKB6,True
PAIR_BASKETS_LEVELS,Other / Review,Broad (US),,Americas,GSPUDEMP,.GSPUDEMP,USD,Custom Basket,MAF9TFTQDGJAE46M,True
PAIR_BASKETS_LEVELS,Other / Review,Broad / Cross-sector,,Americas,GSTELWP5,,USD,Custom Basket,MAFECA62BED6XVEH,True
PAIR_BASKETS_LEVELS,Factor,Broad / Cross-sector,Value,Americas,GSRPEVUP,GS RP Equity Value US Long/Short,USD,Custom Basket,MAFGKPPVEDFGS7RE,False
PAIR_BASKETS_LEVELS,HF Positioning,HF Positioning,VIP vs Short,Americas,GSPRSQ45,.GSPRSQ45,USD,Custom Basket,MAFGVKF2YAQNEAS4,False
PAIR_BASKETS_LEVELS,Factor,Broad (US),Value,Americas,GSPUVALU,GS US Barra Value Pair,USD,Custom Basket,MAFKX61YEQY136FA,False
PAIR_BASKETS_LEVELS,Theme,Broad (US),Rates Sensitivity,Americas,GSPUDURA,GS Duration Pair,USD,Custom Basket,MAFWMDZP4A23WD9S,False
PAIR_BASKETS_LEVELS,Other / Review,Broad / Cross-sector,,Americas,GSP24DEM,.GSP24DEM,USD,Custom Basket,MAFXS71VNFX37FPJ,True
PAIR_BASKETS_LEVELS,Sector Factor,Industrials,Leverage,Americas,GSINLEVG,GS US Industrial Leverage,USD,Custom Basket,MAGCAXD2WZQEMB0F,False
PAIR_BASKETS_LEVELS,Factor,Broad / Cross-sector,Momentum,Europe,GSRPEMEP,GS RP Equity Momentum EU Long/Short,EUR,Custom Basket,MAGD5ACRMHKEJKGP,False
PAIR_BASKETS_LEVELS,Factor,Broad (US),Dividend / Yield,Americas,GSPUMFEY,GS US Axioma Ern Yield,USD,Custom Basket,MAGD7KEX9AF063AP,False
PAIR_BASKETS_LEVELS,Factor,Broad / Cross-sector,Value,Europe,GSRPEVEP,GS RP Equity Value EU Long/Short,EUR,Custom Basket,MAGR9XMV0EF6HNM1,False
PAIR_BASKETS_LEVELS,Sector Factor,Consumer,Volatility,Americas,GSCNRSVL,GS US Consumer Residual Volatility,USD,Custom Basket,MAH45VEMVN1D9YQ3,False
PAIR_BASKETS_LEVELS,Factor,Broad (US),Size,Americas,GSPUMFSI,GS US Axioma Size Pair,USD,Custom Basket,MAH6HHDJF0K7ZDR5,False
PAIR_BASKETS_LEVELS,Other / Review,Broad / Cross-sector,,Europe,GSTEDP14,depdoot test pair 14,EUR,Custom Basket,MAHA1BGSS8STNR38,True
PAIR_BASKETS_LEVELS,Factor,Broad / Cross-sector,Growth,Global,GSPAJPGR,GS Japan Growth,HKD,Custom Basket,MAHCE6QEXD5Z4SCQ,False
PAIR_BASKETS_LEVELS,Other / Review,Broad / Cross-sector,,Global,GSPAJPMO,.GSPAJPMO,JPY,Custom Basket,MAHKBDT3R82B5R8N,True
PAIR_BASKETS_LEVELS,Factor,Broad (US),Growth,Americas,GSPUGRWT,GS US Barra Growth Pair,USD,Custom Basket,MAHQYQRN9G11AGEB,False
PAIR_BASKETS_LEVELS,Other / Review,Broad (US),,Americas,GSPUSHRT,GS US Barra Short Int,USD,Custom Basket,MAHRV3Y5E8PTZGP2,True
PAIR_BASKETS_LEVELS,Sector Factor,Financials,Crowding,Americas,GSFICRWD,GS US Financials Crowding,USD,Custom Basket,MAHSBF29474GQ093,False
PAIR_BASKETS_LEVELS,Sector Factor,Financials,Growth,Americas,GSFIGRWT,GS US Financials Growth,USD,Custom Basket,MAHVQWF7ANRXDTK8,False
PAIR_BASKETS_LEVELS,HF Positioning,HF Positioning,VIP vs Short,Americas,GSPRGDPT,GS Cycs vs Defs,USD,Custom Basket,MAJN19B1SQ8GMTHQ,False
PAIR_BASKETS_LEVELS,Factor,Broad (US),Growth,Americas,GSPUBGGW,GS US GEMLT Growth Pair,USD,Custom Basket,MAJN1NZXZJDDB322,False
PAIR_BASKETS_LEVELS,Factor,Broad / Cross-sector,Value,Americas,GSKOVALU,GS US Value (EFMUSALTS),USD,Custom Basket,MAJSSHD1Z4T9EFBX,False
PAIR_BASKETS_LEVELS,Factor,Broad / Cross-sector,Leverage,Americas,GSKOLEVG,GS US Leverage (EFMUSALTS),USD,Custom Basket,MAJW98JP714QBNYC,False
PAIR_BASKETS_LEVELS,Factor,Broad (US),Growth,Americas,GSPUSGBO,GS Sec Growth vs Bonds,USD,Custom Basket,MAK1RV367MPQYA4N,False
PAIR_BASKETS_LEVELS,Factor,Broad / Cross-sector,Volatility,Americas,GSRPEWUP,GS RP Equity Volatility US Long/Short,USD,Custom Basket,MAK32EHY34YARRNY,False
PAIR_BASKETS_LEVELS,Sector Factor,Financials,Size,Americas,GSFISIZE,GS US Financials Size,USD,Custom Basket,MAK4NBT4ZKZ5J5T5,False
PAIR_BASKETS_LEVELS,Factor,Broad (US),Size,Americas,GSPUBGSZ,GS US GEMLT Size Pair,USD,Custom Basket,MAK523AMBMKAWJ6A,False
PAIR_BASKETS_LEVELS,Factor,Broad (US),Dividend / Yield,Americas,GSPUWERN,Wolfe Earnings Yield,USD,Custom Basket,MAKGA14BH39N26EG,False
PAIR_BASKETS_LEVELS,Sector Factor,Health Care,Beta,Americas,GSHCBETA,GS US Health Care Beta,USD,Custom Basket,MAKXFTMC39R76J07,False
PAIR_BASKETS_LEVELS,Sector Factor,Industrials,Momentum,Americas,GSINMOMO,GS US Industrial Momentum,USD,Custom Basket,MAM2BAR5GJ4RZ1F6,False
PAIR_BASKETS_LEVELS,Other / Review,Broad (US),,Americas,GSPUBARV,,USD,Custom Basket,MAMNBNG53X9QHV90,True
PAIR_BASKETS_LEVELS,Other / Review,Broad / Cross-sector,,Americas,GSWRTYLD,.GSWRTYLD,USD,Custom Basket,MAMRF85T1ZMBPMWR,True
PAIR_BASKETS_LEVELS,Other / Review,Broad (US),,Americas,GSPUVOLW,GS US Wolfe Vol,USD,Custom Basket,MAMVRYWFDWTMZH4D,True
PAIR_BASKETS_LEVELS,Factor,Broad / Cross-sector,Quality,Americas,GSKOERNQ,GS US Ern Qual EFMUSALTS,USD,Custom Basket,MANCK0MD3D2M4PR5,False
PAIR_BASKETS_LEVELS,Factor,Broad (US),Value,Americas,GSPUBGVA,GS US GEMLT Value Pair,USD,Custom Basket,MANJB91QRW3PPM3Z,False
PAIR_BASKETS_LEVELS,Factor,Broad (US),Momentum,Americas,GSPUMFTP,GS US Axioma ST Momo,USD,Custom Basket,MANM7PEVJ7Y9GNYE,False
PAIR_BASKETS_LEVELS,Other / Review,Broad (US),,Americas,GSPUTAXP,Corporate Tax Factor,USD,Custom Basket,MANP9BFF3P2ZSXNZ,True
PAIR_BASKETS_LEVELS,HF Positioning,Utilities,VIP vs Short,Americas,GSPRVSUT,GS US Utes VIP vs Short,USD,Custom Basket,MANQ7KKTVHBN866Z,False
PAIR_BASKETS_LEVELS,Sector Factor,Financials,Value,Americas,GSFIVALU,GS US Financials Value,USD,Custom Basket,MANR1V75W666P7S0,False
PAIR_BASKETS_LEVELS,Other / Review,Broad (US),,Americas,GSPU10YR,GS US Wolfe 10Yr Pair,USD,Custom Basket,MANXQAZC5ARXKHCP,True
PAIR_BASKETS_LEVELS,Sector Factor,Health Care,Momentum,Americas,GSHCMOMO,GS US Health Care Momentum,USD,Custom Basket,MAP2TW0513B08JBK,False
PAIR_BASKETS_LEVELS,Other / Review,Broad / Cross-sector,,Global,GSPAJBST,.GSPAJBST,JPY,Custom Basket,MAP43B87KNB6J108,True
PAIR_BASKETS_LEVELS,Other / Review,Broad (US),,Americas,GSPUWRSV,,USD,Custom Basket,MAP7AFSYT340HPHG,True
PAIR_BASKETS_LEVELS,Factor,Broad (US),Quality,Americas,GSPUBGIQ,GS US GEMLT Quality Pair,USD,Custom Basket,MAPH9FJ9YJ0Z6P3N,False
PAIR_BASKETS_LEVELS,Sector Factor,Industrials,Short Interest,Americas,GSINSHRT,GS US Industrial Short Interest,USD,Custom Basket,MAPK8RKZQ1MQW99N,False
PAIR_BASKETS_LEVELS,Sector Factor,Consumer,Profitability,Americas,GSCNPROF,GS US Consumer Profitability,USD,Custom Basket,MAPRF71WFN79HFJX,False
PAIR_BASKETS_LEVELS,Sector Factor,Industrials,Beta,Americas,GSINBETA,GS US Industrial Beta,USD,Custom Basket,MAPRNXPV4A3EQC46,False
PAIR_BASKETS_LEVELS,Factor,Broad (US),Profitability,Americas,GSPUPROF,GS Small Cap Prof Pair,USD,Custom Basket,MAPV5TP4NZ30T8VX,False
PAIR_BASKETS_LEVELS,Factor,Broad (US),Size,Americas,GSPUSIZE,GS US Barra Size Pair,USD,Custom Basket,MAPW53PNZNF86SSN,False
PAIR_BASKETS_LEVELS,Sector Factor,Financials,Beta,Americas,GSFIBETA,GS US Financials Beta,USD,Custom Basket,MAPYWQAN3TSKKK38,False
PAIR_BASKETS_LEVELS,Factor,Broad / Cross-sector,Size,Europe,GSRPESEP,GS RP Equity Size EU Long/Short,EUR,Custom Basket,MAPZDZAQT8AFT3JY,False
PAIR_BASKETS_LEVELS,Factor,Broad / Cross-sector,Growth,Americas,GSKOGRWT,GS US Growth (EFMUSALTS),USD,Custom Basket,MAQ28Q80W32GM050,False
PAIR_BASKETS_LEVELS,Factor,Broad (US),Profitability,Americas,GSPUPRFB,GS US Barra Prof Pair,USD,Custom Basket,MAQ45HDD233YJ4FP,False
PAIR_BASKETS_LEVELS,Factor,Broad (US),Beta,Americas,GSPUBETA,GS US Barra Beta Pair,USD,Custom Basket,MAQAWT6T2RVSKNFY,False
PAIR_BASKETS_LEVELS,Sector Factor,Industrials,Size,Americas,GSINSIZE,GS US Industrial Size,USD,Custom Basket,MAQJDEWJBMG7A5MD,False
PAIR_BASKETS_LEVELS,Sector Factor,TMT / Tech,Growth,Americas,GSTMTGRO,GS US TMT Growth Pair,USD,Custom Basket,MAR70BW7E2NPT5RC,False
PAIR_BASKETS_LEVELS,Other / Review,Broad (US),,Americas,GSPUBETX,,USD,Custom Basket,MAR9YGAS0F0WFPEZ,True
PAIR_BASKETS_LEVELS,Other / Review,Broad / Cross-sector,,Europe,GSXEMKTP,GS EMEA Theme of Themes Pair,EUR,Custom Basket,MARHETVNMEVQV08R,True
PAIR_BASKETS_LEVELS,Factor,Broad / Cross-sector,Size,Global,GSPAJPSI,GS Japan Size,HKD,Custom Basket,MAS2TWB9KTTH0S7Z,False
PAIR_BASKETS_LEVELS,Sector Factor,Consumer,Value,Asia,GSCNVALU,GS US Consumer Value,USD,Custom Basket,MAS5C2670BFA47Q8,False
PAIR_BASKETS_LEVELS,Sector Factor,Industrials,Value,Americas,GSINVALU,GS US Industrial Value,USD,Custom Basket,MAS72PPDGHX6S70A,False
PAIR_BASKETS_LEVELS,Other / Review,Broad / Cross-sector,,Americas,GSPQSPRD,GS QI HY Spreads,USD,Custom Basket,MAS9H56YB3HW2BW3,True
PAIR_BASKETS_LEVELS,Other / Review,Broad (US),,Americas,GSPUHPVP,Large Cap vs NPB,USD,Custom Basket,MASFT26XVEWJ0VN4,True
PAIR_BASKETS_LEVELS,Other / Review,Broad (US),,Americas,GSPUBABT,,USD,Custom Basket,MASHPSXCXXEGWVZH,True
PAIR_BASKETS_LEVELS,Factor,Broad / Cross-sector,Quality,Europe,GSRPEQEP,GS RP Equity Quality EU Long/Short,EUR,Custom Basket,MASW4M8PA93VGPV2,False
PAIR_BASKETS_LEVELS,Theme,TMT / Tech,Profitability Theme (Profitable vs Nonprofitable),Americas,GSPUMENP,GS Mega vs Nonprof Tech,USD,Custom Basket,MASXCZG92BS7E0C3,False
PAIR_BASKETS_LEVELS,Sector Factor,TMT / Tech,Beta,Americas,GSTMBETA,GS US TMT Beta,USD,Custom Basket,MAT3T45WBMTH4N98,False
PAIR_BASKETS_LEVELS,Sector Factor,TMT / Tech,Crowding,Americas,GSTMCRWD,GS US TMT Crowding,USD,Custom Basket,MAT5JS8QMS2QM1BV,False
PAIR_BASKETS_LEVELS,Other / Review,Broad / Cross-sector,,Americas,GSP24RXC,.GSP24RXC,USD,Custom Basket,MAT60SBFJQ4C1Z8B,True
PAIR_BASKETS_LEVELS,Factor,Broad (US),Quality,Americas,GSPUMGMT,GS US Barra Mgmt Qual,USD,Custom Basket,MAT8A79RRPVPDR9H,False
PAIR_BASKETS_LEVELS,Factor,Broad (US),Growth,Americas,GSPUMFGR,GS US Axioma Growth,USD,Custom Basket,MATMZJ52VSCJ298Y,False
PAIR_BASKETS_LEVELS,Factor,Broad (US),Quality,Americas,GSPUERNQ,GS US Earnings Qual Pair,USD,Custom Basket,MATVFRFS4MGSJBQZ,False
PAIR_BASKETS_LEVELS,Other / Review,Broad (US),,Americas,GSPUMRGN,GS US Margin Pair,USD,Custom Basket,MAV008E66FAYSF71,True
PAIR_BASKETS_LEVELS,Other / Review,Broad (US),,Americas,GSPUTAXF,.GSPUTAXF,USD,Custom Basket,MAV1GJNDG86FNTRZ,True
PAIR_BASKETS_LEVELS,Sector Factor,Consumer,Momentum,Asia,GSCNMOMO,GS US Consumer Momentum,USD,Custom Basket,MAV2AQGRA75V8SB5,False
PAIR_BASKETS_LEVELS,Other / Review,Broad (US),,Americas,GSPUWBTA,,USD,Custom Basket,MAV3NYK9N7NG86H0,True
PAIR_BASKETS_LEVELS,Theme,Broad (US),Clean Energy / ESG,Americas,GSPUESGS,GS ESG Pair,USD,Custom Basket,MAV43BQ8D5WRF7WY,False
PAIR_BASKETS_LEVELS,HF Positioning,HF Positioning,VIP vs Short,Americas,GSPRLEVR,GS Strong vs Weak BS,USD,Custom Basket,MAV4KPHWQD1R7W7X,False
PAIR_BASKETS_LEVELS,Sector Factor,Consumer,Short Interest,Americas,GSCNSHRT,GS US Consumer Short Interest,USD,Custom Basket,MAV5YHY6BADZA46R,False
PAIR_BASKETS_LEVELS,Factor,Broad (US),Dividend / Yield,Americas,GSPUWDIV,US Wolfe Div Yield Pair,USD,Custom Basket,MAV9QBMYCHZ22FQ3,False
PAIR_BASKETS_LEVELS,Other / Review,Broad / Cross-sector,,Americas,GSKOERNY,GS US Ern Yld EFMUSALTS,USD,Custom Basket,MAVA23NNSV72NWX2,True
PAIR_BASKETS_LEVELS,Sector Factor,TMT / Tech,Value,Americas,GSTMVALU,GS US TMT Value,USD,Custom Basket,MAVESFNRW7R2M0QS,False
PAIR_BASKETS_LEVELS,Factor,Broad / Cross-sector,Value,Global,GSPAJPVA,GS Japan Value,JPY,Custom Basket,MAVKKXFXEVPC3ESQ,False
PAIR_BASKETS_LEVELS,HF Positioning,HF Positioning,VIP vs Short,Americas,GSPRSTAY,.GSPRSTAY,USD,Custom Basket,MAVQWVBPYCPC3F6S,False
PAIR_BASKETS_LEVELS,Factor,Broad / Cross-sector,Momentum,Americas,GSRPEMUP,GS RP Equity Momentum US Long/Short,USD,Custom Basket,MAVS9ZH4PH2QR1FY,False
PAIR_BASKETS_LEVELS,Other / Review,Energy,,Americas,GSPUNATO,Nat Gas vs Oily Energy,USD,Custom Basket,MAVVC1XVD4XH8CWS,True
PAIR_BASKETS_LEVELS,Other / Review,Broad / Cross-sector,,Global,GSPAJBEY,.GSPAJBEY,JPY,Custom Basket,MAVXG4DAF1DP5SD0,True
PAIR_BASKETS_LEVELS,Sector Factor,Financials,Momentum,Americas,GSFINMOM,Financial Momo (Hi/Lo),USD,Custom Basket,MAVYWY5EC9143GV0,False
PAIR_BASKETS_LEVELS,Other / Review,Broad (US),,Americas,GSPUDFLT,.GSPUDFLT,USD,Custom Basket,MAW1P61Q5JTJXK98,True
PAIR_BASKETS_LEVELS,Other / Review,Broad / Cross-sector,,Americas,GSIPVALP,GS Investment Profile (IP) Valuation Factor Pair,USD,Custom Basket,MAW595W0MXHTG94R,True
PAIR_BASKETS_LEVELS,Sector Factor,Industrials,Profitability,Americas,GSINPROF,GS US Industrial Profitability,USD,Custom Basket,MAWA9BG18TN46MVH,False
PAIR_BASKETS_LEVELS,Sector Factor,Consumer,Beta,Americas,GSCNBETA,GS US Consumer Beta,USD,Custom Basket,MAWDES9KGRF95XVC,False
PAIR_BASKETS_LEVELS,Factor,Broad / Cross-sector,Volatility,Americas,GSKORSVL,GS US Res Vol (EFMUSALTS),USD,Custom Basket,MAWF46CN2GYC4FRE,False
PAIR_BASKETS_LEVELS,Factor,Broad (US),Crowding,Americas,GSPUCRWD,GS US Wolfe Crowding,USD,Custom Basket,MAWJ07ZQES1177J9,False
PAIR_BASKETS_LEVELS,Factor,Broad / Cross-sector,Size,Americas,GSKOSIZE,GS US Size (EFMUSALTS),USD,Custom Basket,MAWKAD7K552GA1JV,False
PAIR_BASKETS_LEVELS,Other / Review,Broad / Cross-sector,,Global,GSPAJBBE,.GSPAJBBE,JPY,Custom Basket,MAWPYW81SSPMYJXK,True
PAIR_BASKETS_LEVELS,HF Positioning,TMT / Tech,VIP vs Short,Americas,GSPRVSIT,GS US IT VIP vs Short,USD,Custom Basket,MAWQPP3JQS85KV44,False
PAIR_BASKETS_LEVELS,Theme,Broad (US),Healthcare Innovation,Global,GSPUGLPP,GS GLP-1 Pair,USD,Custom Basket,MAWXPBD78A4YZV2Q,False
PAIR_BASKETS_LEVELS,Sector Factor,Health Care,Short Interest,Americas,GSHCSHRT,GS US Health Care Short Interest,USD,Custom Basket,MAX2J7X7RC1TMX73,False
PAIR_BASKETS_LEVELS,Other / Review,Broad (US),,Americas,GSPUBAMO,,USD,Custom Basket,MAXCZ4SZ09XPJVFC,True
PAIR_BASKETS_LEVELS,Sector Factor,Health Care,Crowding,Americas,GSHCCRWD,GS US Health Care Crowding,USD,Custom Basket,MAXF5Q7Z458M5ZD5,False
PAIR_BASKETS_LEVELS,Sector Factor,TMT / Tech,Leverage,Americas,GSTMLEVG,GS US TMT Leverage,USD,Custom Basket,MAXFZ8TW4X5Y3SJX,False
PAIR_BASKETS_LEVELS,Other / Review,Broad (US),,Americas,GSPUPOWR,GS US Power Pair,USD,Custom Basket,MAXT2JRXXQKE9ZCW,True
PAIR_BASKETS_LEVELS,Other / Review,Broad / Cross-sector,,Global,GSTEDZPA,.GSTEDZPA,USD,Custom Basket,MAXTNX8ADWGN1DS4,True
PAIR_BASKETS_LEVELS,Factor,Broad (US),Leverage,Americas,GSPULEVG,GS US Barra Leverage,USD,Custom Basket,MAXYES9JT3M4P3ZZ,False
PAIR_BASKETS_LEVELS,Other / Review,Broad / Cross-sector,,Americas,GSKOINVQ,GS US inv Ql EFMUSALTS,USD,Custom Basket,MAY1R8S2453HX8AD,True
PAIR_BASKETS_LEVELS,Other / Review,Broad (US),,Americas,GSPUGMPT,GS Margin Pair,USD,Custom Basket,MAY48TPVBHW35X9P,True
PAIR_BASKETS_LEVELS,Other / Review,Broad (US),,Americas,GSPUDIVD,GS US Barra Div Yld Pair,USD,Custom Basket,MAY5DY963083BGFD,True
PAIR_BASKETS_LEVELS,Theme,TMT / Tech,Software,Americas,GSPUSOSE,Software vs Semis,USD,Custom Basket,MAYDFNZ4F46XWHC5,False
PAIR_BASKETS_LEVELS,Sector Factor,Financials,Short Interest,Americas,GSFISHRT,GS US Financials Short Interest,USD,Custom Basket,MAYZ9EG4BVT6QTWV,False
PAIR_BASKETS_LEVELS,Other / Review,Broad / Cross-sector,,Americas,GSKOMOMO,.GSKOMOMO,USD,Custom Basket,MAZ05JT4CC2HZGAN,True
PAIR_BASKETS_LEVELS,Factor,Broad (US),Short Interest,Americas,GSPUWSHI,GS Short Interest,USD,Custom Basket,MAZ5TXA7DXY2BXWG,False
PAIR_BASKETS_LEVELS,Factor,Broad (US),Leverage,Americas,GSPUWLEV,Wolfe Leverage Pair,USD,Custom Basket,MAZGFYTBBHF3KSQC,False
PAIR_BASKETS_LEVELS,Other / Review,Broad / Cross-sector,,Americas,GSKOSINT,GS US Shrt Int EFMUSALTS,USD,Custom Basket,MAZHXN6Q1B8WFW0M,True
PAIR_BASKETS_LEVELS,Factor,Broad / Cross-sector,Quality,Americas,GSRPEQUP,GS RP Equity Quality US Long/Short,USD,Custom Basket,MAZRVNQ3BTRSA363,False
PAIR_BASKETS_LEVELS,Other / Review,Broad (US),,Americas,GSPUBGLV,GS US GEMLT Lev Pair,USD,Custom Basket,MAZW0GZNP2C5H200,True
PAIR_BASKETS_LEVELS,Other / Review,Broad (US),,Americas,GSPUHALO,,USD,Custom Basket,MAZWH6PQ4WG2TA0A,True
PAIR_BASKETS_LEVELS,HF Positioning,HF Positioning,VIP vs Short,Americas,GSPRHVMS,GS HF VIP vs Most Short,USD,Custom Basket,MAZYVPZSJP2EZ9W0,False
CUSTOM_BASKETS_LEVELS,Theme,Broad / Cross-sector,China / Supply Chain,Americas,GSXACHSB,GS China Domes Stimulus,USD,Custom Basket,MA00P5V948H7QW17,False
CUSTOM_BASKETS_LEVELS,Factor,Broad / Cross-sector,Volatility,Europe,GSXELVOW,EU Reactive Low Vol,EUR,Custom Basket,MA00RB2M0T0FX0A4,False
CUSTOM_BASKETS_LEVELS,Theme,Broad / Cross-sector,China / Supply Chain,Americas,GSXACHGG,GS China Going Global,USD,Custom Basket,MA00VEVSZQHJD52R,False
CUSTOM_BASKETS_LEVELS,Other / Review,Broad / Cross-sector,,Asia,GSXAMFWS,GS Japan Vol Short,JPY,Custom Basket,MA01GPR89HZF1FZ5,True
CUSTOM_BASKETS_LEVELS,Other / Review,Broad / Cross-sector,,Europe,GSCMDGEH,GS Diageo Hedge,GBP,Custom Basket,MA01N5AR9BNASBXW,True
CUSTOM_BASKETS_LEVELS,Theme,Broad / Cross-sector,Healthcare Innovation,Americas,GSXGHDDD,Drug Discovery Dataset,USD,Custom Basket,MA01T6SPV5FC3C5C,False
CUSTOM_BASKETS_LEVELS,Other / Review,TMT / Tech,,Asia,GSCBHKBM,GS HK  Tech Ex Baba Mei,HKD,Custom Basket,MA01X9HMECNHNH3W,True
CUSTOM_BASKETS_LEVELS,Other / Review,Broad / Cross-sector,,Americas,GSXUBFTL,GS US Barra High LTR,USD,Custom Basket,MA020DEA15D3H66G,True
CUSTOM_BASKETS_LEVELS,Factor,Broad / Cross-sector,Growth,Americas,GSXUWFGS,GS US Wolfe Low Growth,USD,Custom Basket,MA030QXBQ25SPF7G,False
CUSTOM_BASKETS_LEVELS,Other / Review,Financials,,Americas,GSFINCRB,GS Banks w/ CRE Exposure,USD,Custom Basket,MA0475XY8VJENTTK,True
CUSTOM_BASKETS_LEVELS,Theme,Broad / Cross-sector,AI,Americas,GSCBHSMA,SMid Cap AI Prod Hedge,USD,Custom Basket,MA055DQ1RTF7CDST,False
CUSTOM_BASKETS_LEVELS,Other / Review,Broad / Cross-sector,,Americas,GSXABIOT,GS Asia Biotech,USD,Custom Basket,MA055RF6SEZEWW5G,True
CUSTOM_BASKETS_LEVELS,Sector Factor,Financials,Value,Americas,GSFIBFVL,GS US Fin Value Long,USD,Custom Basket,MA05HYVXZDHBEGKV,False
CUSTOM_BASKETS_LEVELS,Other / Review,Broad / Cross-sector,,Europe,GSCMRYAH,GS Ryanair Hedge,EUR,Custom Basket,MA05WC8FWQVW7QGJ,True
CUSTOM_BASKETS_LEVELS,Other / Review,Broad / Cross-sector,,Americas,GSHLCOMB,GS US Commercial Biotech,USD,Custom Basket,MA06RFBPBGY0R4GQ,True
CUSTOM_BASKETS_LEVELS,Factor,Broad / Cross-sector,Size,Americas,GSXACHSS,GS China Size Short,USD,Custom Basket,MA07JCXB2BBMZGPA,False
CUSTOM_BASKETS_LEVELS,Other / Review,Broad / Cross-sector,,Europe,GSCMORFP,.GSCMORFP,EUR,Custom Basket,MA07YSTH0W5CHKTX,True
CUSTOM_BASKETS_LEVELS,Other / Review,Broad / Cross-sector,,Europe,GSCMLUPE,GS Lundin Custom Hedge,SEK,Custom Basket,MA0913EQJ3GS8QA7,True
CUSTOM_BASKETS_LEVELS,Other / Review,Broad / Cross-sector,,Europe,GSXEMEGA,GS Make EU Great Again,EUR,Custom Basket,MA09S4RQ5E8YKA8S,True
CUSTOM_BASKETS_LEVELS,Other / Review,Broad / Cross-sector,,Americas,GS24DEML,GS24 Dem Pol Outperform,USD,Custom Basket,MA0B5NSA72BR66C3,True
CUSTOM_BASKETS_LEVELS,Other / Review,Broad / Cross-sector,,Americas,GSHLCHSP,GS Hospitals & Providers,USD,Custom Basket,MA0B6Q5W4H21NG2W,True
CUSTOM_BASKETS_LEVELS,Other / Review,Broad / Cross-sector,,Europe,GSCMMICH,GS Magnum Hedge,EUR,Custom Basket,MA0BFSKVTJZZBVCQ,True
CUSTOM_BASKETS_LEVELS,Other / Review,Financials,,Americas,GSFINMNY,GS Fins Moneycenters,USD,Custom Basket,MA0BGN0BH9ASGTB7,True
CUSTOM_BASKETS_LEVELS,Other / Review,Broad / Cross-sector,,Europe,GSCMDTEH,GS Deutsche Telekom Hedg,EUR,Custom Basket,MA0BGP0WVZ5H5RQR,True
CUSTOM_BASKETS_LEVELS,Other / Review,Broad / Cross-sector,,Americas,GSXACOMO,GS Asia Commodities,USD,Custom Basket,MA0BQFMB2ZCH6CAP,True
CUSTOM_BASKETS_LEVELS,Theme,Broad / Cross-sector,China / Supply Chain,Asia,GSCBCNSR,GS Custom China Basket,CNH,Custom Basket,MA0CCB1KSHEGQR14,False
CUSTOM_BASKETS_LEVELS,Factor,Broad / Cross-sector,Quality,Asia,GSCBJHPQ,GS Japan High PB Quality,JPY,Custom Basket,MA0CPZD6SJMPB00G,False
CUSTOM_BASKETS_LEVELS,Other / Review,Broad / Cross-sector,,Americas,GSXACHHU,GS CH A/H - H Line USD,USD,Custom Basket,MA0D3BBEVKP47ABA,True
CUSTOM_BASKETS_LEVELS,Other / Review,Broad / Cross-sector,,Asia,GSXAJPHD,GS Japan High Divs,JPY,Custom Basket,MA0DKZMQFNSRCY3K,True
CUSTOM_BASKETS_LEVELS,Factor,Broad / Cross-sector,Momentum,Europe,GSXELMOW,EU Reactive Low Momo,EUR,Custom Basket,MA0E7FS9AJWMVKVQ,False
CUSTOM_BASKETS_LEVELS,Other / Review,Broad / Cross-sector,,Europe,GSCMNEST,GS Neste Hedge,EUR,Custom Basket,MA0EZP3X27F7YCB4,True
CUSTOM_BASKETS_LEVELS,Other / Review,Broad / Cross-sector,,Europe,GSCMSCOR,GS Custom Scor Hedge,EUR,Custom Basket,MA0F5CG58D24ZQ7N,True
CUSTOM_BASKETS_LEVELS,Other / Review,Broad / Cross-sector,,Americas,GSCBK19U,GS Korea 198 USD,USD,Custom Basket,MA0FD379ZF4V3TMN,True
CUSTOM_BASKETS_LEVELS,Theme,Financials,Rates Sensitivity,Europe,GSXERATE,GS EU Rate Sensitive Fin,EUR,Custom Basket,MA0FJB9Z4FBR5FG9,False
CUSTOM_BASKETS_LEVELS,Other / Review,Broad / Cross-sector,,Asia,GSXAKPBP,GS Korea L PB H Profit,KRW,Custom Basket,MA0FM0QMJYCKDXRX,True
CUSTOM_BASKETS_LEVELS,Factor,Broad / Cross-sector,Profitability,Europe,GSXELPRF,GS EU Low Profitability,EUR,Custom Basket,MA0FW484VZMDW1CF,False
CUSTOM_BASKETS_LEVELS,Other / Review,Broad / Cross-sector,,Europe,GSCMORAH,GS Orascom Hedge,USD,Custom Basket,MA0H7ZYZAAZXKQVC,True
CUSTOM_BASKETS_LEVELS,Factor,Broad / Cross-sector,Leverage,Americas,GSXUBGLL,GS US GEMLT Hi Leverage,USD,Custom Basket,MA0HKPA43N8MDXKF,False
CUSTOM_BASKETS_LEVELS,Other / Review,Broad / Cross-sector,,Europe,GSCMFRES,GS Fresnillo Hedge,GBP,Custom Basket,MA0HMNXRJSYH03YN,True
CUSTOM_BASKETS_LEVELS,Other / Review,Consumer,,Americas,GSXULOCN,GS Low Income Consumer,USD,Custom Basket,MA0HT6VF0HGTMJX1,True
CUSTOM_BASKETS_LEVELS,Other / Review,Broad / Cross-sector,,Asia,GSXATWHN,GS Taiwan High Divs -NTR,TWD,Custom Basket,MA0HWNGRKA0EY5XX,True
CUSTOM_BASKETS_LEVELS,Factor,Broad / Cross-sector,Value,Europe,GSXUHVAL,US High Beta Cheap Value,USD,Custom Basket,MA0HZWV1CVT0RHVQ,False
CUSTOM_BASKETS_LEVELS,Other / Review,Broad / Cross-sector,,Europe,GSXEDEIN,GS German Intl Exposure,EUR,Custom Basket,MA0J8X8PD37QT8E5,True
CUSTOM_BASKETS_LEVELS,Other / Review,Broad / Cross-sector,,Asia,GSXAJBQS,GS JP Barra Qlty Short,JPY,Custom Basket,MA0KX76RFXQQSDB7,True
CUSTOM_BASKETS_LEVELS,Other / Review,Broad / Cross-sector,,Europe,GSCMVODH,GS Vodafone Hedge,GBP,Custom Basket,MA0M7NCER65SXVNB,True
CUSTOM_BASKETS_LEVELS,Other / Review,Broad / Cross-sector,,Asia,GSXAJDSC,GS JP Domes Sec Consol,JPY,Custom Basket,MA0MQQTQVGGY9BKP,True
CUSTOM_BASKETS_LEVELS,Other / Review,Broad / Cross-sector,,Europe,GSCBRUS1,GS EU Russia Exposure,EUR,Custom Basket,MA0N0P7WPJP1NCQS,True
CUSTOM_BASKETS_LEVELS,Other / Review,Broad / Cross-sector,,Europe,GSCMDISC,EU at a Discount,EUR,Custom Basket,MA0Q5MW5TYKZNF8Z,True
CUSTOM_BASKETS_LEVELS,Other / Review,Broad / Cross-sector,,Europe,GSCMENIH,GS Eni Hedge,EUR,Custom Basket,MA0Q8XEXM0JEQPW5,True
CUSTOM_BASKETS_LEVELS,Theme,Broad / Cross-sector,Clean Energy / ESG,Europe,GSXAESGS,GS Japan Low ESG,JPY,Custom Basket,MA0RSPZFR0Z1F7M2,False
CUSTOM_BASKETS_LEVELS,Other / Review,Broad / Cross-sector,,Europe,GSCMVKHG,GS Vallourec Hedge,EUR,Custom Basket,MA0RZNY55HKMBJ4N,True
CUSTOM_BASKETS_LEVELS,Theme,Broad / Cross-sector,AI,Americas,GSXAAIGC,GS China AI Gen Content,USD,Custom Basket,MA0SN9WAJDG0D2NP,False
CUSTOM_BASKETS_LEVELS,Other / Review,Broad / Cross-sector,,Americas,GSXUSENS,GS US Sensors,USD,Custom Basket,MA0T54NZRYM8ETQ1,True
CUSTOM_BASKETS_LEVELS,Factor,Broad / Cross-sector,Growth,Americas,GSXULVSG,GS US Hi Value vs Growth,USD,Custom Basket,MA0TNGGFFTMV3X5Y,False
CUSTOM_BASKETS_LEVELS,Factor,Broad / Cross-sector,Growth,Asia,GSXAJBGL,GS Japan Barra Growth Lo,JPY,Custom Basket,MA0TQR900SHW311P,False
CUSTOM_BASKETS_LEVELS,Other / Review,Broad / Cross-sector,,Europe,GSCMVNAH,GS Vonovia Hedge,EUR,Custom Basket,MA0W7NM777XBMCQ9,True
CUSTOM_BASKETS_LEVELS,Theme,Broad / Cross-sector,China / Supply Chain,Americas,GSXACHAI,GS China Artificial Intl,USD,Custom Basket,MA0W87J1PRV58Q7C,False
CUSTOM_BASKETS_LEVELS,Other / Review,Broad / Cross-sector,,Asia,GSCBJLAM,GS Japan Low AGM,JPY,Custom Basket,MA0WZV86AC52R3FZ,True
CUSTOM_BASKETS_LEVELS,Other / Review,Broad / Cross-sector,,Europe,GSCMWKH3,GS Wolters Kluwer Hedge,EUR,Custom Basket,MA0X4R2WVWE4W6F9,True
CUSTOM_BASKETS_LEVELS,Other / Review,Broad / Cross-sector,,Europe,GSCMSNDZ,GS Sandoz Hedge,CHF,Custom Basket,MA0Y1M96WCR6WN74,True
CUSTOM_BASKETS_LEVELS,Other / Review,Broad / Cross-sector,,Asia,GSXAKRIN,GS Korea Weak Won,KRW,Custom Basket,MA0Y2KGR8AHH21P8,True
CUSTOM_BASKETS_LEVELS,Other / Review,Broad / Cross-sector,,Americas,GSCMKBRH,KBR Hedge,USD,Custom Basket,MA0ZFVNBGMKWJBB7,True
CUSTOM_BASKETS_LEVELS,Other / Review,Broad / Cross-sector,,Asia,GSXATXTM,GS Taiwan ex TSMC,TWD,Custom Basket,MA0ZHN83RGGDK85B,True
CUSTOM_BASKETS_LEVELS,Other / Review,Broad / Cross-sector,,Asia,GSXAJHAG,GS Japan High AGM,JPY,Custom Basket,MA0ZJGDS118STQGT,True
CUSTOM_BASKETS_LEVELS,Other / Review,Broad / Cross-sector,,Asia,GSXAJPIN,GS Japan Weak Yen,JPY,Custom Basket,MA0ZVXFE0TGH85MP,True
CUSTOM_BASKETS_LEVELS,Theme,TMT / Tech,Software,Europe,GSCMSWON,GS SoftwareOne Hedge,CHF,Custom Basket,MA10N3AFTS3T17JK,False
CUSTOM_BASKETS_LEVELS,Other / Review,Broad / Cross-sector,,Europe,GSXEMOON,GS EU Space,EUR,Custom Basket,MA11ZDPZS27SWH7D,True
CUSTOM_BASKETS_LEVELS,Factor,Broad / Cross-sector,Volatility,Europe,GSXELRSV,GS EU Low Residual Vol,EUR,Custom Basket,MA12XE4FGC17YK58,False
CUSTOM_BASKETS_LEVELS,Other / Review,Broad / Cross-sector,,Europe,GSCMAIBH,GS AIB Hedge,EUR,Custom Basket,MA13YYFWEA5ERT2E,True
CUSTOM_BASKETS_LEVELS,Other / Review,Broad / Cross-sector,,Americas,GSXUIBIO,GS US Biotechnology,USD,Custom Basket,MA140EYTYSBECCFV,True
CUSTOM_BASKETS_LEVELS,Sector Factor,TMT / Tech,Volatility,Americas,GSTMBFRL,GS US TMT Res Vol Long,USD,Custom Basket,MA14GWEK2D6QC343,False
CUSTOM_BASKETS_LEVELS,Factor,Broad / Cross-sector,Volatility,Europe,GSXEHVOW,EU Reactiv Hi Volatility,EUR,Custom Basket,MA14HXPE1KPTDCSF,False
CUSTOM_BASKETS_LEVELS,Other / Review,Financials,,Americas,GSFINWCO,GS Fins West Coast Ofc,USD,Custom Basket,MA15935CW0F3RS50,True
CUSTOM_BASKETS_LEVELS,Other / Review,Broad / Cross-sector,,Americas,GSCBSSPC,(Post) SPAC-Sensitives,USD,Custom Basket,MA159TNXJTX5P9VZ,True
CUSTOM_BASKETS_LEVELS,Other / Review,Broad / Cross-sector,,Asia,GSCB3896,GS HK Hedge,HKD,Custom Basket,MA15T28Y1S9BYGX0,True
CUSTOM_BASKETS_LEVELS,Other / Review,Broad / Cross-sector,,Asia,GSCBJNH2,GS Japan Hedge,JPY,Custom Basket,MA1639P482GY58H2,True
CUSTOM_BASKETS_LEVELS,Other / Review,Broad / Cross-sector,,Americas,GSDESKFR,GS Desk Infra,USD,Custom Basket,MA16C04C58WW31C9,True
CUSTOM_BASKETS_LEVELS,Factor,Broad / Cross-sector,Momentum,Asia,GSCBKMXL,GS Korea MOMO Long ex AI,KRW,Custom Basket,MA16ZN5VGH7AEZFG,False
CUSTOM_BASKETS_LEVELS,Other / Review,Energy,,Americas,GSXUENRG,GS US Energy,USD,Custom Basket,MA178X3SMNCMFE0X,True
CUSTOM_BASKETS_LEVELS,Other / Review,Broad / Cross-sector,,Europe,GSCMABFH,GS ABF Hedge,GBP,Custom Basket,MA17EP6J6VK86SNT,True
CUSTOM_BASKETS_LEVELS,Theme,Broad / Cross-sector,AI,Americas,GSXAPCBS,Asia AI Bottleneck PCBs,USD,Custom Basket,MA17X6VMNR8HECFM,False
CUSTOM_BASKETS_LEVELS,Other / Review,Broad / Cross-sector,,Europe,GSCMNWGH,GS Natwest Hedge Basket,GBP,Custom Basket,MA17Z4271KHQ0MGZ,True
CUSTOM_BASKETS_LEVELS,Other / Review,Health Care,,Americas,GSXUHLTH,GS US Health Care,USD,Custom Basket,MA187Z8QV59SG2M1,True
CUSTOM_BASKETS_LEVELS,Theme,TMT / Tech,Software,Asia,GSCBCHSF,GS China Software,CNH,Custom Basket,MA189Z5G0N0HNHV3,False
CUSTOM_BASKETS_LEVELS,Other / Review,Broad / Cross-sector,,Asia,GSCBJRTL,GS Japan Custom Retail,JPY,Custom Basket,MA18QC046285MDB2,True
CUSTOM_BASKETS_LEVELS,Sector Factor,Materials,Profitability,Americas,GSCBNPXC,Low Prof R2K ex Enrg/Mat,USD,Custom Basket,MA18X85R6V8MV2TN,False
CUSTOM_BASKETS_LEVELS,Factor,Broad / Cross-sector,Momentum,Americas,GSKOBFML,GS US Barra Hi Momentum,USD,Custom Basket,MA1AS1Q8TG1FFDJH,False
CUSTOM_BASKETS_LEVELS,Other / Review,Broad / Cross-sector,,Americas,GSXULIPO,GS Liquid IPO Basket,USD,Custom Basket,MA1B4T6RN90HSF2X,True
CUSTOM_BASKETS_LEVELS,Other / Review,Broad / Cross-sector,,Americas,GSXASTAY,GS Asia Stay at Home,USD,Custom Basket,MA1C2Q2AAAT57AX7,True
CUSTOM_BASKETS_LEVELS,Other / Review,Broad / Cross-sector,,Europe,GSCMDGHG,GS Vinci Hedge,EUR,Custom Basket,MA1C8X41P2PBTM0D,True
CUSTOM_BASKETS_LEVELS,Other / Review,Broad / Cross-sector,,Europe,GSCMHUSQ,GS Husqvarna Hedge,SEK,Custom Basket,MA1CRXKFWXEC5E7T,True
CUSTOM_BASKETS_LEVELS,Other / Review,Broad / Cross-sector,,Asia,GSCBGPB1,Corp Gov & Def: Low PBR,JPY,Custom Basket,MA1D0B2BJVQ0WCCT,True
CUSTOM_BASKETS_LEVELS,Other / Review,Broad / Cross-sector,,Americas,GSXAMETA,GS Asia Metaverse,USD,Custom Basket,MA1D1XM296T3AKM5,True
CUSTOM_BASKETS_LEVELS,Other / Review,Broad / Cross-sector,,Europe,GSXEUKCO,GS UK Consumption,GBP,Custom Basket,MA1DHW4H06482K37,True
CUSTOM_BASKETS_LEVELS,Other / Review,Broad / Cross-sector,,Europe,GSCMRECO,GS Recordati Hedge,EUR,Custom Basket,MA1DSJW41W0V0CY1,True
CUSTOM_BASKETS_LEVELS,Other / Review,Broad / Cross-sector,,Europe,GSCMSYEN,GS Syensqo Hedge,EUR,Custom Basket,MA1E402WFGPQGF1N,True
CUSTOM_BASKETS_LEVELS,Theme,TMT / Tech,China / Supply Chain,Asia,GSXACGRP,GS China GARP Tech,CNH,Custom Basket,MA1E43XZZ2ZTJB10,False
CUSTOM_BASKETS_LEVELS,Other / Review,Broad / Cross-sector,,Asia,GSXAJGSC,GS JP Global Sec Consol.,JPY,Custom Basket,MA1E456K95VWVBJ4,True
CUSTOM_BASKETS_LEVELS,Other / Review,Broad / Cross-sector,,Asia,GSCBJIH1,GS JPIP Hedge - HM,JPY,Custom Basket,MA1EHH52JDRBKBSW,True
CUSTOM_BASKETS_LEVELS,Other / Review,Broad / Cross-sector,,Americas,GSGSHUTB,GSGSHUTB,USD,Custom Basket,MA1EPC662BDN4665,True
CUSTOM_BASKETS_LEVELS,Other / Review,Broad / Cross-sector,,Europe,GSCMSAXG,GS Stroeer Hedge,EUR,Custom Basket,MA1EYJZTD6W5DMTP,True
CUSTOM_BASKETS_LEVELS,Other / Review,Broad / Cross-sector,,Europe,GSCMKLA2,GS Global Klarna Hedge,USD,Custom Basket,MA1FW2XJ010AVVZ2,True
CUSTOM_BASKETS_LEVELS,Other / Review,Broad / Cross-sector,,Asia,GSCBTWSH,GS Broad Taiwan Hedge,TWD,Custom Basket,MA1G0AP66TCHFE34,True
CUSTOM_BASKETS_LEVELS,Other / Review,Broad / Cross-sector,,Global,GSXAAUCY,GS Australia Cyclicals,AUD,Custom Basket,MA1G0R3N8GHRF0Z1,True
CUSTOM_BASKETS_LEVELS,Other / Review,Energy,,Asia,GSXAHKME,GS HK Mining & Energy,HKD,Custom Basket,MA1GC2E54SR62XKA,True
CUSTOM_BASKETS_LEVELS,Other / Review,Broad / Cross-sector,,Europe,GSCMLLOY,GS Lloyds Bank Hedge,GBP,Custom Basket,MA1GJTQEWPH78ACB,True
CUSTOM_BASKETS_LEVELS,Other / Review,Broad / Cross-sector,,Europe,GSXGBOTZ,GS Global Robotics,USD,Custom Basket,MA1H620HDSSRT605,True
CUSTOM_BASKETS_LEVELS,Theme,Broad / Cross-sector,China / Supply Chain,Asia,GSCBCXUS,GS China Exporters x US,CNH,Custom Basket,MA1HC80AE7MG8YH9,False
CUSTOM_BASKETS_LEVELS,Factor,Broad / Cross-sector,Quality,Americas,GSXUBFNL,GS US Hi Earnings Qual,USD,Custom Basket,MA1HEQ40V90AQG61,False
CUSTOM_BASKETS_LEVELS,Other / Review,Broad / Cross-sector,,Europe,GSCMEDFF,GSCMEDFF,EUR,Custom Basket,MA1HZT2AF517W2YM,True
CUSTOM_BASKETS_LEVELS,Other / Review,Financials,,Americas,GSFINREG,GS Fins De-Regulation,USD,Custom Basket,MA1JBZHBA01X88Q3,True
CUSTOM_BASKETS_LEVELS,Factor,Broad / Cross-sector,Momentum,Europe,GSXEMO20,GS EU Momentum Top 20,EUR,Custom Basket,MA1JSV1CN0G3XZ72,False
CUSTOM_BASKETS_LEVELS,Other / Review,Broad / Cross-sector,,Europe,GSWDADAP,GS New Cycle Adaptors,USD,Custom Basket,MA1KKPZKJ1ZS0W17,True
CUSTOM_BASKETS_LEVELS,Other / Review,Broad / Cross-sector,,Europe,GSCBKDIV,GS EU High Div Yld Banks,EUR,Custom Basket,MA1KVMZ7VRVKB0ZZ,True
CUSTOM_BASKETS_LEVELS,Other / Review,Broad / Cross-sector,,Asia,GSCBJSBS,GS Japan Strong B/S,JPY,Custom Basket,MA1KXT29ZC60BVE5,True
CUSTOM_BASKETS_LEVELS,Theme,Broad / Cross-sector,AI,Americas,GSXABOTL,GS Asia AI Bottlenecks,USD,Custom Basket,MA1M67HY36ZKQS7T,False
CUSTOM_BASKETS_LEVELS,Theme,Broad / Cross-sector,Buybacks / Capital Return,Asia,GSCBJPBB,GS Japan Buybacks,JPY,Custom Basket,MA1NEQY7Q7XNGDHB,False
CUSTOM_BASKETS_LEVELS,Other / Review,Broad / Cross-sector,,Europe,GSCMATOS,GS Atos Hedge,EUR,Custom Basket,MA1NVZ89BYB1ZQ8D,True
CUSTOM_BASKETS_LEVELS,Other / Review,Broad / Cross-sector,,Europe,GSXFCESD,GS CEEMEA Strong Divs,USD,Custom Basket,MA1NYK9JFZ1GAV48,True
CUSTOM_BASKETS_LEVELS,Factor,Broad / Cross-sector,Value,Americas,GSXACART,GS China AI Value Chain,USD,Custom Basket,MA1PXN216ZDGQ81J,False
CUSTOM_BASKETS_LEVELS,Other / Review,Broad / Cross-sector,,Europe,GSCBSWBA,Swedish Banks,SEK,Custom Basket,MA1PYY5A1SMV2T59,True
CUSTOM_BASKETS_LEVELS,Factor,Broad / Cross-sector,Growth,Americas,GSXACGRO,GS China Secular Growth,USD,Custom Basket,MA1Q65N132Q6M6D7,False
CUSTOM_BASKETS_LEVELS,Factor,Broad / Cross-sector,Value,Asia,GSXAKVU2,GS Korea Value Up Ph 2,KRW,Custom Basket,MA1QNMC8DM7SKJWZ,False
CUSTOM_BASKETS_LEVELS,Other / Review,Broad / Cross-sector,,Europe,GSCMHEIN,GS Heineken Hedge,EUR,Custom Basket,MA1R78ZPS8FCFG90,True
CUSTOM_BASKETS_LEVELS,Theme,Broad / Cross-sector,China / Supply Chain,Asia,GSXAC5GC,GS China 5G Comms,CNH,Custom Basket,MA1RKERQ58NSJF8S,False
CUSTOM_BASKETS_LEVELS,Other / Review,Broad / Cross-sector,,Europe,GSCMORSH,GS Orsted Hedge,DKK,Custom Basket,MA1SEAW0Y1XNGY1A,True
CUSTOM_BASKETS_LEVELS,Factor,Broad / Cross-sector,Size,Americas,GSXAPESS,GS APeJC Size Short,USD,Custom Basket,MA1SGVTKC25R3111,False
CUSTOM_BASKETS_LEVELS,Other / Review,Broad / Cross-sector,,Europe,GSQIU10S,QI US10Y Short,USD,Custom Basket,MA1SNQBP6KPP7BVM,True
CUSTOM_BASKETS_LEVELS,Factor,Broad / Cross-sector,Volatility,Americas,GSXUBARL,GS US Barra High Res Vol,USD,Custom Basket,MA1TCGCXR1CP1Y0R,False
CUSTOM_BASKETS_LEVELS,Other / Review,Broad / Cross-sector,,Americas,GSXUFIXR,GS US Construction,USD,Custom Basket,MA1VQR4WEPQ1BRA8,True
CUSTOM_BASKETS_LEVELS,Other / Review,Broad / Cross-sector,,Americas,GSCMCAPR,GS CPRI Hedge,USD,Custom Basket,MA1VZH6QF1FNMX0T,True
CUSTOM_BASKETS_LEVELS,Other / Review,Broad / Cross-sector,,Europe,GSXFCESB,GS CEEMEA Strong Bal She,USD,Custom Basket,MA1W3C0A0Q9A799P,True
CUSTOM_BASKETS_LEVELS,Factor,Broad / Cross-sector,Beta,Asia,GSXAJBBS,GS Japan Barra Beta Shor,JPY,Custom Basket,MA1WQ73CVBW2JE2X,False
CUSTOM_BASKETS_LEVELS,Other / Review,Broad / Cross-sector,,Asia,GSXAKLIL,GS Korea Liq. (HB) Long,KRW,Custom Basket,MA1XE2VATZ8MNR7D,True
CUSTOM_BASKETS_LEVELS,Factor,Broad / Cross-sector,Quality,Europe,GSXEUKQS,GS UK Low Quality,GBP,Custom Basket,MA1XMWK74EQNEC07,False
CUSTOM_BASKETS_LEVELS,Other / Review,Broad / Cross-sector,,Americas,GSHLCSMB,GS SMID Biotech,USD,Custom Basket,MA1XPWKQN25WK9P0,True
CUSTOM_BASKETS_LEVELS,Factor,Broad / Cross-sector,Crowding,Asia,GSCBJORT,GS Japan Crowded Shorts,JPY,Custom Basket,MA1XQS50994KH1YV,False
CUSTOM_BASKETS_LEVELS,Other / Review,Consumer,,Europe,GSXEFLGD,GS EU Consumer Wellness,EUR,Custom Basket,MA1Y53G65WTR7RDC,True
CUSTOM_BASKETS_LEVELS,Factor,Broad / Cross-sector,Dividend / Yield,Americas,GSXUBFDL,GS US Barra Hi Div Yield,USD,Custom Basket,MA1YR0WQ39A26AMT,False
CUSTOM_BASKETS_LEVELS,Theme,TMT / Tech,Semiconductors,Europe,GSXGSEMI,GS Global Semis,USD,Custom Basket,MA1YTGK0N5F8RMXD,False
CUSTOM_BASKETS_LEVELS,Other / Review,Broad / Cross-sector,,Europe,GSCMMROH,GS Melrose Hedge,GBP,Custom Basket,MA1ZGH8X3KRNJZMY,True
CUSTOM_BASKETS_LEVELS,Theme,Broad / Cross-sector,China / Supply Chain,Asia,GSXACHPR,GS China HK Developers,HKD,Custom Basket,MA1ZVY5RZNBKYQ39,False
CUSTOM_BASKETS_LEVELS,Other / Review,Broad / Cross-sector,,Asia,GSCBJIH2,GS JPIP Hedge - LM,JPY,Custom Basket,MA203BY7T9FYH6HY,True
CUSTOM_BASKETS_LEVELS,Factor,Broad / Cross-sector,Growth,Asia,GSXAKGRL,GS Korea Growth (HB) Lon,KRW,Custom Basket,MA2142WDPQ510GGE,False
CUSTOM_BASKETS_LEVELS,Factor,Broad / Cross-sector,Leverage,Europe,GSXEBFFL,EU Pure High Leverage,EUR,Custom Basket,MA21GHSB39DHM717,False
CUSTOM_BASKETS_LEVELS,Other / Review,Broad / Cross-sector,,Americas,GSCBBTC1,GS Bitcoin Sensitive Eq,USD,Custom Basket,MA22HFG6XPNDVV2E,True
CUSTOM_BASKETS_LEVELS,Other / Review,Broad / Cross-sector,,Americas,GSXULYTY,GS Brand Loyalty Basket,USD,Custom Basket,MA230NJ3WGDVJZC8,True
CUSTOM_BASKETS_LEVELS,Factor,Broad / Cross-sector,Momentum,Europe,GSXELMXB,EU Rctv Lo Momo ex Banks,EUR,Custom Basket,MA23RFSQM6CB5R0K,False
CUSTOM_BASKETS_LEVELS,Theme,Broad / Cross-sector,China / Supply Chain,Europe,GSXETFXA,GS EU Tariffs Ex Auto,EUR,Custom Basket,MA23RRQWR0XRTVF2,False
CUSTOM_BASKETS_LEVELS,Other / Review,Broad / Cross-sector,,Europe,GSXEOCAP,GS EU Oil Capex Upcycle,EUR,Custom Basket,MA23X2P0H03GQXH9,True
CUSTOM_BASKETS_LEVELS,Other / Review,Broad / Cross-sector,,Americas,GSTEKAV2,test the workflows,USD,Custom Basket,MA253A7H30NSP6DV,True
CUSTOM_BASKETS_LEVELS,Other / Review,Broad / Cross-sector,,Americas,GSXASCEC,GS Asia Sup Chain Ex. Ch,USD,Custom Basket,MA25PXY9TVC9PH10,True
CUSTOM_BASKETS_LEVELS,Other / Review,Broad / Cross-sector,,Asia,GSXACSBT,GS CH Solid State Batt.,CNH,Custom Basket,MA25QZ1702M10AY5,True
CUSTOM_BASKETS_LEVELS,Other / Review,Broad / Cross-sector,,Europe,GSCBCAPI,GS EU Capital Intensive,EUR,Custom Basket,MA26WPCZJDHAXGMA,True
CUSTOM_BASKETS_LEVELS,Factor,Broad / Cross-sector,Quality,Europe,GSXEBFQS,EU Pure Low Inv Quality,EUR,Custom Basket,MA2818FX15RP7FEM,False
CUSTOM_BASKETS_LEVELS,Other / Review,Broad / Cross-sector,,Americas,GSXAWBAL,GS Asia Weak B/S,USD,Custom Basket,MA287NSS63Y3D3GB,True
CUSTOM_BASKETS_LEVELS,Factor,Broad / Cross-sector,Value,Americas,GSXUWFVL,GS US Wolfe High Value,USD,Custom Basket,MA28XQWA0M3MGKAB,False
CUSTOM_BASKETS_LEVELS,Other / Review,Broad / Cross-sector,,Europe,GSCMMDCO,GS Medicover Custom Hedg,SEK,Custom Basket,MA2977K7MA7PBD9A,True
CUSTOM_BASKETS_LEVELS,Other / Review,Broad / Cross-sector,,Americas,GSXUBAIL,GS US Barra Hi Short Int,USD,Custom Basket,MA29TFQGJNED2SX5,True
CUSTOM_BASKETS_LEVELS,Other / Review,Broad / Cross-sector,,Asia,GSXAA500,GS A500 Inclusion,CNH,Custom Basket,MA2B5FA3FSDSHD22,True
CUSTOM_BASKETS_LEVELS,Other / Review,Broad / Cross-sector,,Americas,GSXUSOFL,GS US Soft Landing,USD,Custom Basket,MA2BADHDT3DP87MA,True
CUSTOM_BASKETS_LEVELS,Other / Review,Broad / Cross-sector,,Asia,GSCBJSAR,GS Japan SMID Low Ap. Ra,JPY,Custom Basket,MA2BCYD8N1DF8V7D,True
CUSTOM_BASKETS_LEVELS,Factor,Broad / Cross-sector,Momentum,Europe,GSXELMTR,GS Turkey Low Momo,TRY,Custom Basket,MA2BDA727GTHJWVK,False
CUSTOM_BASKETS_LEVELS,Other / Review,Broad / Cross-sector,,Europe,GSCMHNOV,GS Novartis Hedge,CHF,Custom Basket,MA2D4Q2G74FT0F21,True
CUSTOM_BASKETS_LEVELS,Other / Review,Broad / Cross-sector,,Europe,GSCMHAZE,GS Azelis Hedge Basket,EUR,Custom Basket,MA2DJA9RBRE5HG8T,True
CUSTOM_BASKETS_LEVELS,Theme,Broad / Cross-sector,China / Supply Chain,Americas,GSXACNFA,GS China National Team,USD,Custom Basket,MA2DR3RY6ZS9A2HX,False
CUSTOM_BASKETS_LEVELS,Theme,Broad / Cross-sector,AI,Americas,GSCBAIP3,GS GIR AI Phase 3,USD,Custom Basket,MA2EFCSB6PR536C4,False
CUSTOM_BASKETS_LEVELS,Other / Review,Broad / Cross-sector,,Europe,GSCMMELR,GS Melrose Global Hedge,GBP,Custom Basket,MA2F58ET80KVCSKC,True
CUSTOM_BASKETS_LEVELS,Theme,Broad / Cross-sector,China / Supply Chain,Americas,GSXACHLI,GS China Liquor,USD,Custom Basket,MA2FB85ATATHRN4Z,False
CUSTOM_BASKETS_LEVELS,Other / Review,Broad / Cross-sector,,Europe,GSXEESDO,GS Spanish Domestics,EUR,Custom Basket,MA2FNF42G4H5GWXM,True
CUSTOM_BASKETS_LEVELS,Other / Review,Broad / Cross-sector,,Asia,GSCBHKHN,GS HK High Divs,HKD,Custom Basket,MA2FV8ND9MQ3FET7,True
CUSTOM_BASKETS_LEVELS,Theme,Broad / Cross-sector,Clean Energy / ESG,Europe,GSXEBFYS,EU Pure Low ESG,EUR,Custom Basket,MA2G1C3MXCRA11P6,False
CUSTOM_BASKETS_LEVELS,Theme,TMT / Tech,Semiconductors,Asia,GSCBJSSE,GS Japan SMID Semis Eq.,JPY,Custom Basket,MA2G9E254CXQMHS3,False
CUSTOM_BASKETS_LEVELS,Other / Review,Energy,,Americas,GSENOILC,GS Glbl Oil Conventional,USD,Custom Basket,MA2GC087M4297EDV,True
CUSTOM_BASKETS_LEVELS,Other / Review,Broad / Cross-sector,,Europe,GSCMAKER,GS Aker NO Hedge,NOK,Custom Basket,MA2GN3HW1YE9ATP4,True
CUSTOM_BASKETS_LEVELS,Other / Review,Broad / Cross-sector,,Europe,GSXEPAND,GS EU Global Health Risk,EUR,Custom Basket,MA2H1AWJ26ME2XHT,True
CUSTOM_BASKETS_LEVELS,Theme,Broad / Cross-sector,China / Supply Chain,Americas,GSXACENT,GS China Entertainment,USD,Custom Basket,MA2H2SBT97BT8KER,False
CUSTOM_BASKETS_LEVELS,Factor,Broad / Cross-sector,Value,Americas,GSXUBFVS,GS US Barra Low Value,USD,Custom Basket,MA2H32EKRP55ZHC7,False
CUSTOM_BASKETS_LEVELS,Other / Review,Broad / Cross-sector,,Europe,GSXEPULP,GS EU Pulp and Paper,EUR,Custom Basket,MA2HWWTE02ZKJ0ZW,True
CUSTOM_BASKETS_LEVELS,Other / Review,Broad / Cross-sector,,Europe,GSCMCIRS,GS Cirsa Hedge,EUR,Custom Basket,MA2J6XYJ3ESE3EZB,True
CUSTOM_BASKETS_LEVELS,Other / Review,Broad / Cross-sector,,Americas,GSXUWFSL,GS US Wolfe Hi Revisions,USD,Custom Basket,MA2JHB7QECSXZZS2,True
CUSTOM_BASKETS_LEVELS,Other / Review,Broad / Cross-sector,,Americas,GSXUFTAL,GS Low Foreign Tax Risk,USD,Custom Basket,MA2KK61AFWAHK1BJ,True
CUSTOM_BASKETS_LEVELS,Theme,Broad / Cross-sector,China / Supply Chain,Americas,GSXACQUA,GS China Quantum Compu.,USD,Custom Basket,MA2KQ2T1V5V4AVJ5,False
CUSTOM_BASKETS_LEVELS,Other / Review,Broad / Cross-sector,,Asia,GSXAJSLQ,GS Japan SMID Low Qualit,JPY,Custom Basket,MA2M5EPNB3XHS1CQ,True
CUSTOM_BASKETS_LEVELS,Other / Review,Broad / Cross-sector,,Asia,GSXAJPAR,GS Japan Parent Compan.,JPY,Custom Basket,MA2M7ND83BTC3FYB,True
CUSTOM_BASKETS_LEVELS,Other / Review,Broad / Cross-sector,,Europe,GSCMEVON,GS Evonik Hedge,EUR,Custom Basket,MA2N9YAAPRH42A5P,True
CUSTOM_BASKETS_LEVELS,Theme,Broad / Cross-sector,Reopening / Reflation,Americas,GSXFREOP,GS BZ Reopening,USD,Custom Basket,MA2PBPQE2GFCFVCQ,False
CUSTOM_BASKETS_LEVELS,Theme,Broad / Cross-sector,China / Supply Chain,Americas,GSXUCADR,GS China ADRs,USD,Custom Basket,MA2PS5X44DDG2P97,False
CUSTOM_BASKETS_LEVELS,Other / Review,Broad / Cross-sector,,Europe,GSCBSDUR,GS EU Short Dur Custom,EUR,Custom Basket,MA2PZCJZT9C9X3AQ,True
CUSTOM_BASKETS_LEVELS,Other / Review,Broad / Cross-sector,,Europe,GSCMNEXF,GS Nexans Hedge,EUR,Custom Basket,MA2PZG1B3TKYMREQ,True
CUSTOM_BASKETS_LEVELS,Other / Review,Broad / Cross-sector,,Europe,GSCMCOPH,GS CompuGroup Custom Hdg,EUR,Custom Basket,MA2Q68P9M1FS42AW,True
CUSTOM_BASKETS_LEVELS,Other / Review,Consumer,,Americas,GSXUCEXP,GS Consumer Experiences,USD,Custom Basket,MA2QC05JQHGCF6VQ,True
CUSTOM_BASKETS_LEVELS,Other / Review,Broad / Cross-sector,,Americas,GSXUGEOP,GS US Geopolitical,USD,Custom Basket,MA2QQ2CC0J6DW329,True
CUSTOM_BASKETS_LEVELS,Other / Review,Broad / Cross-sector,,Asia,GSXAJTRC,GS Japan Trading Comp,JPY,Custom Basket,MA2QQHB96Q76W9T3,True
CUSTOM_BASKETS_LEVELS,Other / Review,Broad / Cross-sector,,Europe,GSCMALLF,GS Allfunds Hedge,EUR,Custom Basket,MA2QXEH3P2KYMCWF,True
CUSTOM_BASKETS_LEVELS,Other / Review,Broad / Cross-sector,,Europe,GSXFXATK,GS EM ex Asia Technology,USD,Custom Basket,MA2R7B5DFJPJHYZY,True
CUSTOM_BASKETS_LEVELS,Other / Review,Broad / Cross-sector,,Asia,GSXAJOFF,GS Japan Office Exposed,JPY,Custom Basket,MA2RJVP8MC2AQR3G,True
CUSTOM_BASKETS_LEVELS,Other / Review,Broad / Cross-sector,,Europe,GSCMACSH,GS ACS Hedge,EUR,Custom Basket,MA2RPJ5B43DBJ936,True
CUSTOM_BASKETS_LEVELS,Other / Review,Broad / Cross-sector,,Americas,GSXAHPRO,GS HK Property,USD,Custom Basket,MA2S8Q47AGNPEW09,True
CUSTOM_BASKETS_LEVELS,Other / Review,Broad / Cross-sector,,Americas,GSCMSUNH,Flagship SUN Hedge,USD,Custom Basket,MA2SYHFCXBDY8VZ3,True
CUSTOM_BASKETS_LEVELS,Theme,Broad / Cross-sector,China / Supply Chain,Asia,GSXAKCHE,GS Korea China Exposed,KRW,Custom Basket,MA2T28TPJ4JXXA14,False
CUSTOM_BASKETS_LEVELS,Other / Review,Broad / Cross-sector,,Europe,GSXECIVA,GS EU Civil Aerospace,EUR,Custom Basket,MA2TNCJ6X6QXF9AB,True
CUSTOM_BASKETS_LEVELS,Other / Review,Broad / Cross-sector,,Europe,GSCMCABK,GS CaxiaBank Hedge,EUR,Custom Basket,MA2VJG00VVDQT0JX,True
CUSTOM_BASKETS_LEVELS,Other / Review,Broad / Cross-sector,,Europe,GSCBPLBK,GS Polish Banks,USD,Custom Basket,MA2VPBCHKH1H6BS6,True
CUSTOM_BASKETS_LEVELS,Other / Review,Broad / Cross-sector,,Europe,GSXFTUDE,GS Turkey Domestic Expo,USD,Custom Basket,MA2W2MW5MN5HY0GP,True
CUSTOM_BASKETS_LEVELS,Other / Review,Broad / Cross-sector,,Europe,GSCBAMAS,GS EU Auto Mass Market,EUR,Custom Basket,MA2WY2D51TRRFAMY,True
CUSTOM_BASKETS_LEVELS,Other / Review,Broad / Cross-sector,,Europe,GSCMTRIG,GS TRIG LN Hedge,GBP,Custom Basket,MA2X38EEJDA8PFS9,True
CUSTOM_BASKETS_LEVELS,Other / Review,Broad / Cross-sector,,Global,GSXAAUEX,GS Australia Exporters,AUD,Custom Basket,MA2XSWKG081BRTJD,True
CUSTOM_BASKETS_LEVELS,Other / Review,Broad / Cross-sector,,Americas,GSCBHY35,CDX HY 35 members,USD,Custom Basket,MA2Y24490APAKAYB,True
CUSTOM_BASKETS_LEVELS,Other / Review,Broad / Cross-sector,,Europe,GSCBAVOL,GS Auto Suppliers,EUR,Custom Basket,MA2Y9XD7DHG591XT,True
CUSTOM_BASKETS_LEVELS,Other / Review,Broad / Cross-sector,,Europe,GSCMTECO,GS Tecom Group Hedge,USD,Custom Basket,MA2YH1EK2JSTMFWZ,True
CUSTOM_BASKETS_LEVELS,Theme,Energy,China / Supply Chain,Asia,GSXACENG,GS China Energy Sec CNH,CNH,Custom Basket,MA2ZS7VYJ7SBJPXH,False
CUSTOM_BASKETS_LEVELS,Other / Review,Broad / Cross-sector,,Americas,GSXUDEML,2020 Dem Policy Outperf,USD,Custom Basket,MA309AZ8A57EN3GT,True
CUSTOM_BASKETS_LEVELS,Other / Review,Broad / Cross-sector,,Americas,GSIDLDEL,GS Delivery & Rideshare,USD,Custom Basket,MA30PVGDH8BD7E0C,True
CUSTOM_BASKETS_LEVELS,Factor,Broad / Cross-sector,Beta,Americas,GSXUBGBS,GS US GEMLT Low Beta,USD,Custom Basket,MA31H6T8670HW04Y,False
CUSTOM_BASKETS_LEVELS,Sector Factor,TMT / Tech,Momentum,Americas,GSTMBFMS,GS US TMT Momentum Short,USD,Custom Basket,MA31YTKMVY494E4H,False
CUSTOM_BASKETS_LEVELS,Other / Review,Broad / Cross-sector,,Americas,GSXUNATL,US Strategic Industries,USD,Custom Basket,MA321P3QWF1Z8TAM,True
CUSTOM_BASKETS_LEVELS,Factor,Broad / Cross-sector,Momentum,Europe,GSXELMO6,EU 6M Momo (Losers),EUR,Custom Basket,MA32C2EPYXQX0GXQ,False
CUSTOM_BASKETS_LEVELS,Other / Review,Broad / Cross-sector,,Asia,GSXAKRIG,GS Korea Internet/Gaming,KRW,Custom Basket,MA32FJ7998PPWPSY,True
CUSTOM_BASKETS_LEVELS,Factor,Broad / Cross-sector,Beta,Americas,GSXUWFBL,GS US Wolfe High Beta,USD,Custom Basket,MA32SDH0YVMHR28S,False
CUSTOM_BASKETS_LEVELS,Other / Review,Broad / Cross-sector,,Europe,GSCMHGRF,GS Grifols Hedge,EUR,Custom Basket,MA32XH94KDNE7R5P,True
CUSTOM_BASKETS_LEVELS,Other / Review,Broad / Cross-sector,,Asia,GSXAJONE,GS Japan Optical Network,JPY,Custom Basket,MA3336EJYDJ34PMM,True
CUSTOM_BASKETS_LEVELS,Other / Review,Broad / Cross-sector,,Asia,GSXAJBXL,GS JP Barra Foreign Lon,JPY,Custom Basket,MA3365PY89QJ2HVP,True
CUSTOM_BASKETS_LEVELS,Theme,Broad / Cross-sector,HF / Positioning Theme,Americas,GSXUHVIP,GS Hedge Fund VIPs,USD,Custom Basket,MA33FWZK9VZ39K9A,False
CUSTOM_BASKETS_LEVELS,Other / Review,Broad / Cross-sector,,Americas,GSXUBGES,GS US GEMLT Lo Earnings,USD,Custom Basket,MA33W3T54439K4JB,True
CUSTOM_BASKETS_LEVELS,Sector Factor,Industrials,Momentum,Europe,GSXEBMSI,EU Industrials Momo Shrt,EUR,Custom Basket,MA346JMMPDTJNW2R,False
CUSTOM_BASKETS_LEVELS,Other / Review,Broad / Cross-sector,,Asia,GSXACUHA,GS CH A/H - A Line USD,CNH,Custom Basket,MA348ZA1XXD0F0JV,True
CUSTOM_BASKETS_LEVELS,Other / Review,Broad / Cross-sector,,Asia,GSCB7974,GS Japan Hedge,JPY,Custom Basket,MA34J40NY8VGZ48Q,True
CUSTOM_BASKETS_LEVELS,Other / Review,Broad / Cross-sector,,Europe,GSCBRANS,GS EU ALLBRANS,EUR,Custom Basket,MA34KA7AGQSHP56H,True
CUSTOM_BASKETS_LEVELS,Other / Review,Broad / Cross-sector,,Europe,GSXECYEX,GS EU Expensive Cycl,EUR,Custom Basket,MA354GJV0C5KN11X,True
CUSTOM_BASKETS_LEVELS,Other / Review,Broad / Cross-sector,,Americas,GSCMWDCH,Flagship WDC Hedge,USD,Custom Basket,MA35DWG5XXF23WWA,True
CUSTOM_BASKETS_LEVELS,Other / Review,Broad / Cross-sector,,Europe,GSCMFURH,GS Fugro Hedge,EUR,Custom Basket,MA35J1N1P9WBPDR9,True
CUSTOM_BASKETS_LEVELS,Other / Review,Broad / Cross-sector,,Europe,GSCMTIGO,GS TIGO Hedge,SEK,Custom Basket,MA3650QTC12BJK99,True
CUSTOM_BASKETS_LEVELS,Other / Review,Consumer,,Americas,GSCNSHOT,GS Hotels & Hotel REITs,USD,Custom Basket,MA36Q8G3593CR4HN,True
CUSTOM_BASKETS_LEVELS,Factor,Broad / Cross-sector,Volatility,Americas,GSXUBGRL,GS US GEMLT High Res Vol,USD,Custom Basket,MA37KQ9KEC7P15KM,False
CUSTOM_BASKETS_LEVELS,Other / Review,Broad / Cross-sector,,Europe,GSCMCARF,GS Carrefour Hedge,EUR,Custom Basket,MA37V3EEMSRVXJFX,True
CUSTOM_BASKETS_LEVELS,Other / Review,Broad / Cross-sector,,Asia,GSXAKHOL,GS Korea Holdings,KRW,Custom Basket,MA38ERGYXPB297V1,True
CUSTOM_BASKETS_LEVELS,Other / Review,Broad / Cross-sector,,Europe,GSCMAMSJ,GS Valterra Plat Hedge,ZAR,Custom Basket,MA3912PQNVWHRCD8,True
CUSTOM_BASKETS_LEVELS,Other / Review,Broad / Cross-sector,,Asia,GSXATAPL,GS Taiwan Apple Sp Chain,TWD,Custom Basket,MA39K4Z3G5PF87MX,True
CUSTOM_BASKETS_LEVELS,Other / Review,Broad / Cross-sector,,Europe,GSXEINVO,GS EU Anti-Involution,EUR,Custom Basket,MA39S79F58MM4WAP,True
CUSTOM_BASKETS_LEVELS,Sector Factor,Health Care,Growth,Americas,GSHCBFGS,GS US HC Growth Short,USD,Custom Basket,MA3ABXV45THFXVEC,False
CUSTOM_BASKETS_LEVELS,Factor,Broad / Cross-sector,Momentum,Europe,GSXEHMO3,EU 3M Momo (Winners),EUR,Custom Basket,MA3B4SEWWJFT6WZ6,False
CUSTOM_BASKETS_LEVELS,Other / Review,Broad / Cross-sector,,Americas,GSXAFCFC,GS Asia FCF Commods,USD,Custom Basket,MA3BC7WGHNNP5ATR,True
CUSTOM_BASKETS_LEVELS,Factor,Broad / Cross-sector,Momentum,Europe,GSXEBFMS,EU Pure Low Momo,EUR,Custom Basket,MA3BJGNCP0BVM84K,False
CUSTOM_BASKETS_LEVELS,Other / Review,Broad / Cross-sector,,Europe,GSXEDCYC,GS EU Domestic Cyclicals,EUR,Custom Basket,MA3CDKMPE1KFE89X,True
CUSTOM_BASKETS_LEVELS,Other / Review,Consumer,,Americas,GSXUFULL,GS US Memory Consumers,USD,Custom Basket,MA3CX2VK3TRF13SG,True
CUSTOM_BASKETS_LEVELS,Theme,Broad / Cross-sector,China / Supply Chain,Americas,GS24TRFS,GS 2024 Tariff Risk,USD,Custom Basket,MA3D5KHSD27GE42B,False
CUSTOM_BASKETS_LEVELS,Theme,Broad / Cross-sector,Retail / Meme,Europe,GSXARFAV,GS Asia Retail Favorites,USD,Custom Basket,MA3DKFSW88WC3CG1,False
CUSTOM_BASKETS_LEVELS,Other / Review,Consumer,,Europe,GSXFCONS,GS EM Consumer Disc,USD,Custom Basket,MA3E95PJ6VTK0BAA,True
CUSTOM_BASKETS_LEVELS,Other / Review,Broad / Cross-sector,,Americas,GSXUCHEM,GS US Chemicals,USD,Custom Basket,MA3EB774GZGM5H2Y,True
CUSTOM_BASKETS_LEVELS,Theme,TMT / Tech,Mega Cap,Americas,GSTMTCMG,GS China Megacap Tech,USD,Custom Basket,MA3EFWR7KGMJ6YX1,False
CUSTOM_BASKETS_LEVELS,Factor,Broad / Cross-sector,Volatility,Americas,GSCBRSVL,GS US Low Residual Vol,USD,Custom Basket,MA3EGV8AJEJD2QS9,False
CUSTOM_BASKETS_LEVELS,Other / Review,Broad / Cross-sector,,Europe,GSCMSAMP,GS Sampo Hedge,EUR,Custom Basket,MA3ERCJW7H78KZ04,True
CUSTOM_BASKETS_LEVELS,Other / Review,Broad / Cross-sector,,Asia,GSXAJBEL,GS JP Barra Earn. Yld L,JPY,Custom Basket,MA3FNGY8DKT0E2EP,True
CUSTOM_BASKETS_LEVELS,Other / Review,Broad / Cross-sector,,Asia,GSCBINMF,GS India MF Favorites,INR,Custom Basket,MA3FVCD12SW28N5T,True
CUSTOM_BASKETS_LEVELS,Theme,Broad / Cross-sector,China / Supply Chain,Asia,GSXACABN,GS China-A Banks,CNH,Custom Basket,MA3FZD1Z0JZ7CQWX,False
CUSTOM_BASKETS_LEVELS,Other / Review,Broad / Cross-sector,,Americas,GSXUGOVT,GS US High Gov. Exposure,USD,Custom Basket,MA3G2ZR231FA9SY5,True
CUSTOM_BASKETS_LEVELS,Other / Review,Broad / Cross-sector,,Americas,GSXUWFTS,GS US Wolfe Low  Liquid,USD,Custom Basket,MA3G3QY1CJS3XE7G,True
CUSTOM_BASKETS_LEVELS,Other / Review,Broad / Cross-sector,,Europe,GSCMSIKA,GS Sika Hedge,CHF,Custom Basket,MA3G8PANE0FGZXB9,True
CUSTOM_BASKETS_LEVELS,Other / Review,Broad / Cross-sector,,Americas,GSXUMOON,GS US Space & Satellites,USD,Custom Basket,MA3GHH1F6CJP57TF,True
CUSTOM_BASKETS_LEVELS,Factor,Broad / Cross-sector,Growth,Asia,GSXACBGL,GS China Barra Growth Lo,CNH,Custom Basket,MA3GJPNT9M1F3TPH,False
CUSTOM_BASKETS_LEVELS,Other / Review,Broad / Cross-sector,,Europe,GSCB30YR,GS EU 30Y Bond Sensitive,EUR,Custom Basket,MA3H8A3H5YBPNCPK,True
CUSTOM_BASKETS_LEVELS,Other / Review,Broad / Cross-sector,,Europe,GSCMBARR,GSCMBARR,CHF,Custom Basket,MA3HY0ADAS4PN9AT,True
CUSTOM_BASKETS_LEVELS,Other / Review,Broad / Cross-sector,,Europe,GSCMAALH,GS Anglo Hedge (GBP),GBP,Custom Basket,MA3JA0X1PXV9G68M,True
CUSTOM_BASKETS_LEVELS,Factor,Broad / Cross-sector,Quality,Europe,GSXEBFQL,EU High Investmt Quality,EUR,Custom Basket,MA3JDN25TXDR4HJJ,False
CUSTOM_BASKETS_LEVELS,Sector Factor,TMT / Tech,Size,Americas,GSTMBFZS,GS US TMT Size Short,USD,Custom Basket,MA3JHAGC69PFG4FN,False
CUSTOM_BASKETS_LEVELS,Other / Review,Broad / Cross-sector,,Asia,GSXAINRW,GS India Railways,INR,Custom Basket,MA3JYXGM8C9J5CDA,True
CUSTOM_BASKETS_LEVELS,Factor,Broad / Cross-sector,Momentum,Europe,GSXEMIMS,EU Reacti Hi Midcap Momo,EUR,Custom Basket,MA3NMJ6SSTTD4S82,False
CUSTOM_BASKETS_LEVELS,Other / Review,Broad / Cross-sector,,Americas,GSXUPAND,GS US Global Health Risk,USD,Custom Basket,MA3NN671G4X4F147,True
CUSTOM_BASKETS_LEVELS,Other / Review,Broad / Cross-sector,,Asia,GSXAKTHO,GS Korea Top 5 Holcos,KRW,Custom Basket,MA3NR9PM9N54R8DS,True
CUSTOM_BASKETS_LEVELS,Theme,Broad / Cross-sector,Inflation / Pricing Power,Americas,GSXUFOOD,GS Food Inflation Winner,USD,Custom Basket,MA3P4ANB9RM9Y60T,False
CUSTOM_BASKETS_LEVELS,Theme,Broad / Cross-sector,China / Supply Chain,Americas,GSXACPOE,GS China POEs,USD,Custom Basket,MA3PBKKBV8V4H1WJ,False
CUSTOM_BASKETS_LEVELS,Factor,Broad / Cross-sector,Momentum,Asia,GSCBJMXL,GS Japan MOMO ex AI Long,JPY,Custom Basket,MA3PNV81VH21F7AB,False
CUSTOM_BASKETS_LEVELS,Other / Review,Broad / Cross-sector,,Europe,GSCMDBKH,GS Deutsche Bank Hedge,EUR,Custom Basket,MA3PRBG985BSM001,True
CUSTOM_BASKETS_LEVELS,Other / Review,Broad / Cross-sector,,Europe,GSCMDAIH,GS Daimler Hedge,EUR,Custom Basket,MA3PRCS3TA0CPWZ1,True
CUSTOM_BASKETS_LEVELS,Other / Review,Broad / Cross-sector,,Europe,GSXEFCFL,GS EU Low FCF,EUR,Custom Basket,MA3PY2RWCJ5JB1FX,True
CUSTOM_BASKETS_LEVELS,Other / Review,Broad / Cross-sector,,Asia,GSXAJNLI,GS Japan Non-Life Ins,JPY,Custom Basket,MA3Q05PA3ECZ6QR6,True
CUSTOM_BASKETS_LEVELS,Other / Review,Broad / Cross-sector,,Europe,GSCMRTNL,GS Restaurant Group Hedg,GBP,Custom Basket,MA3Q4KW3WKV67DH3,True
CUSTOM_BASKETS_LEVELS,Factor,Broad / Cross-sector,Momentum,Asia,GSXAHKML,GS Hong Kong Momo Long,HKD,Custom Basket,MA3QF90TJ651WYDQ,False
CUSTOM_BASKETS_LEVELS,Other / Review,Broad / Cross-sector,,Europe,GSCMALHG,GS Louis Hachette Hedge,EUR,Custom Basket,MA3QNWT0JERXCXZB,True
CUSTOM_BASKETS_LEVELS,Other / Review,Broad / Cross-sector,,Americas,GSCMUSXH,GS Flagship Hedge,USD,Custom Basket,MA3QT5CF0NXBJJBS,True
CUSTOM_BASKETS_LEVELS,Theme,Broad / Cross-sector,Clean Energy / ESG,Americas,GSXFESGL,GS Latam High ESG,USD,Custom Basket,MA3QZP6CZ3YAWSV9,False
CUSTOM_BASKETS_LEVELS,Other / Review,Consumer,,Americas,GSXUSWCH,Consumer Inertia,USD,Custom Basket,MA3R5E8P7QJGD9J0,True
CUSTOM_BASKETS_LEVELS,Other / Review,Broad / Cross-sector,,Europe,GSCMDLGH,GS Direct Line Hedge,GBP,Custom Basket,MA3RAXF048GMTWXW,True
CUSTOM_BASKETS_LEVELS,Other / Review,Energy,,Europe,GSCMHBRH,GS Harbour Energy Hedge,EUR,Custom Basket,MA3SNR6DF0RCHA22,True
CUSTOM_BASKETS_LEVELS,Sector Factor,Industrials,Value,Americas,GSINBFVL,GS US INL Value Long,USD,Custom Basket,MA3SS7M5KZSXJQ09,False
CUSTOM_BASKETS_LEVELS,Other / Review,Energy,,Europe,GSCMHENR,GS Glb Siemens Energy Hg,EUR,Custom Basket,MA3T4QJE47ZKAZ1M,True
CUSTOM_BASKETS_LEVELS,Factor,Broad / Cross-sector,Growth,Americas,GSXUBFGL,GS US Barra High Growth,USD,Custom Basket,MA3TPH6Z3EEA628A,False
CUSTOM_BASKETS_LEVELS,Factor,Broad / Cross-sector,Beta,Americas,GSXUWFBS,GS US Wolfe Low Beta,USD,Custom Basket,MA3TXGPJXBRHB2KX,False
CUSTOM_BASKETS_LEVELS,Other / Review,Broad / Cross-sector,,Europe,GSXEPWPR,GS EU Power Price Sensit,EUR,Custom Basket,MA3V3PFGKENSJ0R0,True
CUSTOM_BASKETS_LEVELS,Other / Review,Broad / Cross-sector,,Asia,GSXAJBIO,GS Japan Biotechnology,JPY,Custom Basket,MA3VG46Z02Z52VPS,True
CUSTOM_BASKETS_LEVELS,Other / Review,Broad / Cross-sector,,Europe,GSCMCPRH,GS Campari Hedge,EUR,Custom Basket,MA3VJZVSBPZA64X5,True
CUSTOM_BASKETS_LEVELS,Theme,Broad / Cross-sector,China / Supply Chain,Asia,GSXACF50,GS China Top 50,CNH,Custom Basket,MA3VVVWXC5N8QM6E,False
CUSTOM_BASKETS_LEVELS,Other / Review,Industrials,,Americas,GSXUCIND,GS Cyclical Industrials,USD,Custom Basket,MA3WDG3XMYZ47791,True
CUSTOM_BASKETS_LEVELS,Factor,Broad / Cross-sector,Momentum,Asia,GSXAJFML,GS High Beta MOMO,JPY,Custom Basket,MA3X0BJQ4BTWBKRZ,False
CUSTOM_BASKETS_LEVELS,Other / Review,Broad / Cross-sector,,Asia,GSXAHBYL,GS Hong Kong Div Yd Long,HKD,Custom Basket,MA3XJP6TS7N8E7HS,True
CUSTOM_BASKETS_LEVELS,Other / Review,Broad / Cross-sector,,Asia,GSXASBFV,GS Southbound Favs,HKD,Custom Basket,MA3Y1W8DENQ72MNN,True
CUSTOM_BASKETS_LEVELS,Other / Review,Broad / Cross-sector,,Europe,GSCMFLSH,GS FLSmidth Hedge,DKK,Custom Basket,MA3Y70AC1AJA8SQ8,True
CUSTOM_BASKETS_LEVELS,Other / Review,Broad / Cross-sector,,Asia,GSXAINTR,GS India Tourism,INR,Custom Basket,MA3YK7XJ17KN999D,True
CUSTOM_BASKETS_LEVELS,Other / Review,Broad / Cross-sector,,Europe,GSCMNDAH,GS Nordea Hedge,EUR,Custom Basket,MA3YNVYVQ1JWF926,True
CUSTOM_BASKETS_LEVELS,Other / Review,Broad / Cross-sector,,Asia,GSXAHKUS,GS HK/US Listing,HKD,Custom Basket,MA3Z00BEHJP52Y9S,True
CUSTOM_BASKETS_LEVELS,Theme,Broad / Cross-sector,AI,Americas,GSXGGLAI,GS Global AI Basket,USD,Custom Basket,MA3Z9KYBBGSSAVVN,False
CUSTOM_BASKETS_LEVELS,Other / Review,Broad / Cross-sector,,Europe,GSXECNST,GS EU Construction,EUR,Custom Basket,MA3ZFR5EM8W07HY7,True
CUSTOM_BASKETS_LEVELS,Theme,Broad / Cross-sector,AI,Americas,GSXAABFS,Asia AI Bottleneck ABF,USD,Custom Basket,MA3ZSNNAZ3E0BGW2,False
CUSTOM_BASKETS_LEVELS,Other / Review,Broad / Cross-sector,,Europe,GSCBFTS2,GS Flagship Test 2,USD,Custom Basket,MA3ZT9GDMRAAQHJM,True
CUSTOM_BASKETS_LEVELS,Other / Review,Broad / Cross-sector,,Europe,GSCMMAND,GS Mandatum Hedge,EUR,Custom Basket,MA40A9XSD9VVW6PW,True
CUSTOM_BASKETS_LEVELS,Other / Review,Broad / Cross-sector,,Europe,GSCMETEH,GS ETE GA Hedge,EUR,Custom Basket,MA40GG797AAT5RVZ,True
CUSTOM_BASKETS_LEVELS,Other / Review,Industrials,,Europe,GSXESEKI,GS Swedish Industrials,SEK,Custom Basket,MA40QEKJNDQEBKQY,True
CUSTOM_BASKETS_LEVELS,Other / Review,Financials,,Americas,GSFINGSB,GS Fins G-SIBs,USD,Custom Basket,MA412XRJ9TWV3KDW,True
CUSTOM_BASKETS_LEVELS,Other / Review,Industrials,,Americas,GSXAUSRE,US Reindustrial. Benefic,USD,Custom Basket,MA416GQ93SBESAR8,True
CUSTOM_BASKETS_LEVELS,Other / Review,Broad / Cross-sector,,Asia,GSXAJBTL,GS JP Barra Sentiment Lo,JPY,Custom Basket,MA419M6ZN0FBJ568,True
CUSTOM_BASKETS_LEVELS,Factor,Broad / Cross-sector,Size,Asia,GSXAJBSL,GS Japan Barra Size Long,JPY,Custom Basket,MA41FFMMH0SHFDWB,False
CUSTOM_BASKETS_LEVELS,Other / Review,Broad / Cross-sector,,Europe,GSCMGSKH,GS GSK Hedge,GBP,Custom Basket,MA4273T477VGPNWV,True
CUSTOM_BASKETS_LEVELS,Other / Review,Broad / Cross-sector,,Americas,GSXUREST,GS US Restaurants,USD,Custom Basket,MA42E8GKH694455F,True
CUSTOM_BASKETS_LEVELS,Sector Factor,Consumer,Size,Americas,GSCNBFZS,GS US Cons Size Short,USD,Custom Basket,MA42M3XKRNES917R,False
CUSTOM_BASKETS_LEVELS,Other / Review,Broad / Cross-sector,,Europe,GSXELNII,GS EU Low NII Banks,EUR,Custom Basket,MA42ZMDMQNSHF3XV,True
CUSTOM_BASKETS_LEVELS,Other / Review,Broad / Cross-sector,,Asia,GSCBJTRP,GS Japan Transport,JPY,Custom Basket,MA434B03WYXEDYSA,True
CUSTOM_BASKETS_LEVELS,Other / Review,Broad / Cross-sector,,Asia,GSXAJPAH,GS Japan Affilia Holders,JPY,Custom Basket,MA43CQJ9ZSWMM6AM,True
CUSTOM_BASKETS_LEVELS,Other / Review,TMT / Tech,,Americas,GSCBTEDU,GS Tech Education,USD,Custom Basket,MA43DCJ1ZHFNHGXD,True
CUSTOM_BASKETS_LEVELS,Other / Review,Broad / Cross-sector,,Americas,GSEBITPA,GS EBITPA Basket,USD,Custom Basket,MA43J40S9DA0ACXN,True
CUSTOM_BASKETS_LEVELS,Other / Review,Broad / Cross-sector,,Europe,GSCMSAIO,GS SA Iron Ore Hedge,ZAR,Custom Basket,MA43M5N0K83PDE65,True
CUSTOM_BASKETS_LEVELS,Other / Review,Broad / Cross-sector,,Americas,GSXUOPTI,GS US Optical Networking,USD,Custom Basket,MA43Y3RVJMMHE4SH,True
CUSTOM_BASKETS_LEVELS,Other / Review,Broad / Cross-sector,,Americas,GSCBSBHO,GS SBG Holding,USD,Custom Basket,MA444HVT4DQZ7GFF,True
CUSTOM_BASKETS_LEVELS,Factor,Broad / Cross-sector,Momentum,Asia,GSXAKRML,GS Korea MOMO Long,KRW,Custom Basket,MA44FGFKKHSAJCJ3,False
CUSTOM_BASKETS_LEVELS,Other / Review,Energy,,Asia,GSXAIENG,GS India Energy Trans.,INR,Custom Basket,MA44S6ACN14RE62T,True
CUSTOM_BASKETS_LEVELS,Other / Review,Broad / Cross-sector,,Europe,GSXEGRTH,GS EU Stable Growers,EUR,Custom Basket,MA44VB2FY3DDM6ZJ,True
CUSTOM_BASKETS_LEVELS,Factor,Broad / Cross-sector,Beta,Europe,GSXELBTA,EU Reactive Low Beta,EUR,Custom Basket,MA454YSPHM5T1NW5,False
CUSTOM_BASKETS_LEVELS,Other / Review,Broad / Cross-sector,,Americas,GSHLCLSB,GS US Clinical Biotech,USD,Custom Basket,MA457TPAXE0XS23E,True
CUSTOM_BASKETS_LEVELS,Other / Review,Broad / Cross-sector,,Americas,GSCMHMOH,Flagship HMO Hedge,USD,Custom Basket,MA45ARZAW1NR6J1S,True
CUSTOM_BASKETS_LEVELS,Other / Review,Broad / Cross-sector,,Americas,GSXUIRAB,GS IRA Beneficiaries,USD,Custom Basket,MA45S3VFQ55WKG7M,True
CUSTOM_BASKETS_LEVELS,Theme,Broad / Cross-sector,Rates Sensitivity,Americas,GSBZRATE,BZ Rate Sensitive,BRL,Custom Basket,MA45S9MVFCQS3QFR,False
CUSTOM_BASKETS_LEVELS,Factor,Broad / Cross-sector,Quality,Americas,GSCBNPCY,Lo Qual Hi Beta Cyclical,USD,Custom Basket,MA460GRM4EGHAQ4G,False
CUSTOM_BASKETS_LEVELS,Other / Review,Consumer,,Americas,GSCNSHPC,"GS Household, Prsnl Care",USD,Custom Basket,MA46BB6B25Z2F16S,True
CUSTOM_BASKETS_LEVELS,Other / Review,Broad / Cross-sector,,Americas,GSHLCASH,GS Biotech Hi Cash % Cap,USD,Custom Basket,MA470S2Z47FMPVRB,True
CUSTOM_BASKETS_LEVELS,Other / Review,Broad / Cross-sector,,Europe,GSXELCRB,GS EU Low Carbon,EUR,Custom Basket,MA47NZ623N4TNSC2,True
CUSTOM_BASKETS_LEVELS,Factor,Broad / Cross-sector,Dividend / Yield,Europe,GSCBHYDV,GS EU High Div Yield,EUR,Custom Basket,MA47S2WGFBW64W2F,False
CUSTOM_BASKETS_LEVELS,Other / Review,Broad / Cross-sector,,Asia,GSXAHKSC,GS Hong Kong Small Cap,HKD,Custom Basket,MA48J9JWARCPNSAR,True
CUSTOM_BASKETS_LEVELS,Factor,Broad / Cross-sector,Dividend / Yield,Europe,GSXEBFDS,EU Pure Low Div Yield,EUR,Custom Basket,MA48VTQ12K38Q0V0,False
CUSTOM_BASKETS_LEVELS,Factor,Broad / Cross-sector,Leverage,Asia,GSXAJBLL,GS JP Barra Leverage Lon,JPY,Custom Basket,MA490XNN3AVTHDD9,False
CUSTOM_BASKETS_LEVELS,Factor,Broad / Cross-sector,Size,Asia,GSXAMFSL,GS Japan Size Long,JPY,Custom Basket,MA49EQM5PSA09FFG,False
CUSTOM_BASKETS_LEVELS,Other / Review,Broad / Cross-sector,,Americas,GSXUINTL,GS US Int'l Sales,USD,Custom Basket,MA49PH54RH2A3QV6,True
CUSTOM_BASKETS_LEVELS,Other / Review,Broad / Cross-sector,,Europe,GSXEHDIV,EU High Div,EUR,Custom Basket,MA4ANASPK0QGXGCQ,True
CUSTOM_BASKETS_LEVELS,Factor,Broad / Cross-sector,Quality,Europe,GSXEUKQL,GS UK High Quality,GBP,Custom Basket,MA4AY1M8HRP50T1A,False
CUSTOM_BASKETS_LEVELS,Other / Review,Broad / Cross-sector,,Americas,GSCBDIGA,GS Digital Asset,USD,Custom Basket,MA4BHBT0WF9KYXH3,True
CUSTOM_BASKETS_LEVELS,Other / Review,Broad / Cross-sector,,Asia,GSCBIJTR,GS Custom JP Transport,JPY,Custom Basket,MA4CV47Z673W929X,True
CUSTOM_BASKETS_LEVELS,Other / Review,Broad / Cross-sector,,Asia,GSJNLBO1,GSJNLBO1,JPY,Custom Basket,MA4DM6XWBD3BTM82,True
CUSTOM_BASKETS_LEVELS,Other / Review,Broad / Cross-sector,,Europe,GSXEMINE,GS EU Miners,EUR,Custom Basket,MA4DNYNW7MGPD511,True
CUSTOM_BASKETS_LEVELS,Other / Review,Broad / Cross-sector,,Americas,GSIDLMET,Metals & Mining ex Gold,USD,Custom Basket,MA4DQV12VY4YP3HR,True
CUSTOM_BASKETS_LEVELS,Other / Review,Broad / Cross-sector,,Americas,GSXFARGA,GS Argentina ADRs,USD,Custom Basket,MA4DXMFMKCG81GZD,True
CUSTOM_BASKETS_LEVELS,Theme,Broad / Cross-sector,China / Supply Chain,Americas,GSXASPDV,GS Asia Supply Chain Div,USD,Custom Basket,MA4EF08MM930QR7E,False
CUSTOM_BASKETS_LEVELS,Other / Review,Broad / Cross-sector,,Asia,GSXAJBES,GS JP Barra Earn. Yld S,JPY,Custom Basket,MA4EKCGZ9BTKY2FA,True
CUSTOM_BASKETS_LEVELS,Other / Review,Broad / Cross-sector,,Asia,GSCBJPAR,GS Japan Approval Rating,JPY,Custom Basket,MA4EKSY3GWN9HEW4,True
CUSTOM_BASKETS_LEVELS,Other / Review,Broad / Cross-sector,,Europe,GSCMLOTH,GS Lottomatica Hedge,EUR,Custom Basket,MA4F0R029RTDVC9W,True
CUSTOM_BASKETS_LEVELS,Other / Review,Broad / Cross-sector,,Americas,GSHLCNER,GS Neurology/CNS,USD,Custom Basket,MA4FEHVNJ8AQ3127,True
CUSTOM_BASKETS_LEVELS,Factor,Broad / Cross-sector,Size,Asia,GSXAKSIS,GS Korea Size (HB) Short,KRW,Custom Basket,MA4G28WXMWTHE803,False
CUSTOM_BASKETS_LEVELS,Other / Review,Real Estate,,Americas,GSXPUSR1,GS US Passive Capped RE,USD,Custom Basket,MA4G82WKHRBQJT94,True
CUSTOM_BASKETS_LEVELS,Other / Review,Broad / Cross-sector,,Americas,GSXUCYCL,GS US Cyclicals,USD,Custom Basket,MA4G9Y964SAH2YHJ,True
CUSTOM_BASKETS_LEVELS,Other / Review,Broad / Cross-sector,,Europe,GSCMCTPH,GS Custom CTP Hedge,EUR,Custom Basket,MA4GV65X6YF5KDSF,True
CUSTOM_BASKETS_LEVELS,Sector Factor,Industrials,Leverage,Americas,GSINBFLS,GS US INL Leverage Short,USD,Custom Basket,MA4HK32V50Q6K2NA,False
CUSTOM_BASKETS_LEVELS,Other / Review,Broad / Cross-sector,,Americas,GSXANUCP,GS APAC Nuclear Power,USD,Custom Basket,MA4HWFPKBFZ423KE,True
CUSTOM_BASKETS_LEVELS,Other / Review,Broad / Cross-sector,,Asia,GSXAAUHO,GS Australia Housing,AUD,Custom Basket,MA4HZNWCZFMQP470,True
CUSTOM_BASKETS_LEVELS,Factor,Broad / Cross-sector,Profitability,Europe,GSXEBFPS,EU Pure Lo Profitability,EUR,Custom Basket,MA4KQC3QX9F8MSYW,False
CUSTOM_BASKETS_LEVELS,Other / Review,Broad / Cross-sector,,Europe,GSCBFOLU,GS Saudi FOL USD,USD,Custom Basket,MA4M3WGMP6DMFMES,True
CUSTOM_BASKETS_LEVELS,Other / Review,Financials,,Europe,GSXEEUFN,GS EU Rates Sensi Fins,EUR,Custom Basket,MA4MXRK07HWK97FV,True
CUSTOM_BASKETS_LEVELS,Other / Review,Broad / Cross-sector,,Asia,GSCBJTXS,GS JP TSE non-R X-Shareh,JPY,Custom Basket,MA4NGJCZEGNAAN3J,True
CUSTOM_BASKETS_LEVELS,Other / Review,Broad / Cross-sector,,Asia,GSXATWDL,GS Strong TWD Losers,TWD,Custom Basket,MA4NPFSR8F0XEHZR,True
CUSTOM_BASKETS_LEVELS,Other / Review,Broad / Cross-sector,,Europe,GSCMUMGF,GSCMUMGF,EUR,Custom Basket,MA4QT29SNNW3RWHA,True
CUSTOM_BASKETS_LEVELS,Theme,Broad / Cross-sector,China / Supply Chain,Asia,GSCBSMIH,GS China-H SMID,HKD,Custom Basket,MA4R64F1JMBDTSTE,False
CUSTOM_BASKETS_LEVELS,Other / Review,Broad / Cross-sector,,Europe,GSCMMTXH,GS MTU Aero Hedge,EUR,Custom Basket,MA4S28ZGYC03F6MD,True
CUSTOM_BASKETS_LEVELS,Other / Review,Broad / Cross-sector,,Americas,GSCMSPY5,Top 500 ex. Top 5,USD,Custom Basket,MA4STTXPEJBD26B7,True
CUSTOM_BASKETS_LEVELS,Other / Review,Financials,,Americas,GSFINCAP,GS Fins Cap Markets Exp,USD,Custom Basket,MA4SWP9FCZG0SHFR,True
CUSTOM_BASKETS_LEVELS,Other / Review,Broad / Cross-sector,,Europe,GSCBAMR4,GS Custom Basket Reits 4,USD,Custom Basket,MA4T4T3MNGEWB394,True
CUSTOM_BASKETS_LEVELS,Factor,Broad / Cross-sector,Dividend / Yield,Europe,GSXEBFES,EU Pure Low Earn Yield,EUR,Custom Basket,MA4T7B35SW9K1DSB,False
CUSTOM_BASKETS_LEVELS,Other / Review,Broad / Cross-sector,,Asia,GSPCKSUB,GS Korea Subsidiaries,KRW,Custom Basket,MA4TRGB39S13NZBF,True
CUSTOM_BASKETS_LEVELS,Other / Review,Financials,,Americas,GSXUFINA,GS US Financials,USD,Custom Basket,MA4V18HGS36S7NH3,True
CUSTOM_BASKETS_LEVELS,Factor,Broad / Cross-sector,Liquidity,Asia,GSXACLIM,GS China Mid. Liquidity,CNH,Custom Basket,MA4W7X34YQ16JYNH,False
CUSTOM_BASKETS_LEVELS,Other / Review,Broad / Cross-sector,,Europe,GSXEUIRA,GS EU IRA Beneficiaries,EUR,Custom Basket,MA4W7XB9GFVFNZ57,True
CUSTOM_BASKETS_LEVELS,Other / Review,Broad / Cross-sector,,Europe,GSCBECRE,GS EU Commercial Real E,EUR,Custom Basket,MA4WBBXKW23KMMSJ,True
CUSTOM_BASKETS_LEVELS,Theme,Broad / Cross-sector,China / Supply Chain,Americas,GSCBCLSO,GS China Local SOEs,USD,Custom Basket,MA4WC043DT7593AJ,False
CUSTOM_BASKETS_LEVELS,Other / Review,Broad / Cross-sector,,Europe,GSCMOSXX,GS Optimized EU Top,EUR,Custom Basket,MA4WJAA8Q1NHJRBH,True
CUSTOM_BASKETS_LEVELS,Other / Review,Broad / Cross-sector,,Europe,GSXADIVG,GS APAC Sustainable Divs,USD,Custom Basket,MA4X44YNXMPJCP99,True
CUSTOM_BASKETS_LEVELS,Other / Review,Broad / Cross-sector,,Americas,GSCBSPC1,SPAC-Sensitive Equities,USD,Custom Basket,MA4XD2ND9VVA643M,True
CUSTOM_BASKETS_LEVELS,Other / Review,Broad / Cross-sector,,Europe,GSXFWUSD,GS EM Weak USD Beneficia,USD,Custom Basket,MA4XFRH7BTY6KWHG,True
CUSTOM_BASKETS_LEVELS,Other / Review,Broad / Cross-sector,,Europe,GSCMITMH,GS ITM Power Basket,EUR,Custom Basket,MA4XVJMY153R9HGD,True
CUSTOM_BASKETS_LEVELS,Other / Review,Financials,,Americas,GSCBCYXF,GS US Cyclicals ex-Fins,USD,Custom Basket,MA4YCYGXJD5NKENZ,True
CUSTOM_BASKETS_LEVELS,Other / Review,Broad / Cross-sector,,Asia,GSXAJAGM,GS Japan Low AGM Rating,JPY,Custom Basket,MA4YS8QBHH9R5C5S,True
CUSTOM_BASKETS_LEVELS,Other / Review,Health Care,,Asia,GSCBIHHC,GS HK Healthcare,HKD,Custom Basket,MA4YTM5TCT9NSTGA,True
CUSTOM_BASKETS_LEVELS,Other / Review,Broad / Cross-sector,,Europe,GSCMDHLH,GS DHL Hedge,EUR,Custom Basket,MA4Z8XG9WBJ4SGYN,True
CUSTOM_BASKETS_LEVELS,Factor,Broad / Cross-sector,Growth,Americas,GSXAPEGL,GS APeJC Growth Long,USD,Custom Basket,MA4ZMMZ6RWNK5YNT,False
CUSTOM_BASKETS_LEVELS,Theme,Broad / Cross-sector,Inflation / Pricing Power,Americas,GSQI5YIL,US 5y Inflation Exp,USD,Custom Basket,MA4ZMPGC9M6QSGMH,False
CUSTOM_BASKETS_LEVELS,Theme,TMT / Tech,TMT,Americas,GSTMTWFH,GS TMT Stay at Home,USD,Custom Basket,MA509CFS51VQ5HHN,False
CUSTOM_BASKETS_LEVELS,Factor,Broad / Cross-sector,Momentum,Asia,GSXACBML,GS China Barra MOMO Long,CNH,Custom Basket,MA50RKHR0P3T9TAK,False
CUSTOM_BASKETS_LEVELS,Other / Review,Broad / Cross-sector,,Europe,GSXEGRAN,GS EU GRANOLAS,EUR,Custom Basket,MA52DMGY7VTBJNQX,True
CUSTOM_BASKETS_LEVELS,Factor,Broad / Cross-sector,Quality,Europe,GSXEHQLT,GS EU High Quality,EUR,Custom Basket,MA5399XPHHVQ3DZQ,False
CUSTOM_BASKETS_LEVELS,Other / Review,Broad / Cross-sector,,Americas,GSXAGAME,GS Asia Gaming,USD,Custom Basket,MA53QADD7KVQNBSK,True
CUSTOM_BASKETS_LEVELS,Factor,Broad / Cross-sector,Size,Europe,GSXEUKLG,UK Reactive Large Size,GBP,Custom Basket,MA53QJYAS92VF537,False
CUSTOM_BASKETS_LEVELS,Theme,Broad / Cross-sector,China / Supply Chain,Americas,GSWHCHPW,China Power,USD,Custom Basket,MA56PV3G79MT3BZW,False
CUSTOM_BASKETS_LEVELS,Factor,Broad / Cross-sector,Growth,Americas,GSCBSGRL,GS Vol Opt Sec Growth,USD,Custom Basket,MA56RE06E2ESQJ9R,False
CUSTOM_BASKETS_LEVELS,Theme,Broad / Cross-sector,AI,Europe,GSXEXXAI,GS Europe ex AI,EUR,Custom Basket,MA57EMRTJDXJBTXR,False
CUSTOM_BASKETS_LEVELS,Other / Review,Broad / Cross-sector,,Americas,GSCB24DT,US Eqs w/ 2024 Debt Exp.,USD,Custom Basket,MA580C209XDPY62T,True
CUSTOM_BASKETS_LEVELS,Sector Factor,Consumer,Leverage,Americas,GSCNBFLL,GS US Cons Leverage Long,USD,Custom Basket,MA58SZ40W317AY4C,False
CUSTOM_BASKETS_LEVELS,Sector Factor,Health Care,Growth,Americas,GSHCBFGL,GS US HC Growth Long,USD,Custom Basket,MA59R0DD23AHG8BS,False
CUSTOM_BASKETS_LEVELS,Factor,Broad / Cross-sector,Size,Asia,GSXAJBSS,GS Japan Barra Size Shor,JPY,Custom Basket,MA5A0YGXS7MNCVZQ,False
CUSTOM_BASKETS_LEVELS,Other / Review,Broad / Cross-sector,,Europe,GSCMEDPR,GS EDPR Hedge,EUR,Custom Basket,MA5AA4PZTT59ZY3Q,True
CUSTOM_BASKETS_LEVELS,Other / Review,Broad / Cross-sector,,Asia,GSXAJNCR,GS JP Non-core Real Est.,JPY,Custom Basket,MA5AH3SWV0RFZQVG,True
CUSTOM_BASKETS_LEVELS,Other / Review,Broad / Cross-sector,,Europe,GSCMTEFP,GSCMTEFP,EUR,Custom Basket,MA5ANTHEJ4W93PW5,True
CUSTOM_BASKETS_LEVELS,Other / Review,Broad / Cross-sector,,Europe,GSCBESBK,GS EU Spanish Banks,EUR,Custom Basket,MA5AWK81F6843DRG,True
CUSTOM_BASKETS_LEVELS,Theme,Financials,Rates Sensitivity,Asia,GSXAJRAT,GS JP Rate Sensitive Fin,JPY,Custom Basket,MA5BE7ZSXYV3SXK7,False
CUSTOM_BASKETS_LEVELS,Factor,Broad / Cross-sector,Value,Asia,GSXAJBVS,GS JP Barra Value Short,JPY,Custom Basket,MA5C4DQXF0WM5MKZ,False
CUSTOM_BASKETS_LEVELS,Other / Review,Broad / Cross-sector,,Americas,GSXUISMW,ISM Levered,USD,Custom Basket,MA5C6HBXX13FNJZ9,True
CUSTOM_BASKETS_LEVELS,Other / Review,Broad / Cross-sector,,Americas,GSCMOPEN,GPU Hedge,USD,Custom Basket,MA5CMC3FP3SQXX9Q,True
CUSTOM_BASKETS_LEVELS,Theme,Broad / Cross-sector,China / Supply Chain,Asia,GSCB500P,GS China Basket,CNY,Custom Basket,MA5D0T5FQHF3D616,False
CUSTOM_BASKETS_LEVELS,Theme,Broad / Cross-sector,China / Supply Chain,Americas,GSXACUEX,GS China US Exposed,USD,Custom Basket,MA5DP3FHH1KTE5W6,False
CUSTOM_BASKETS_LEVELS,Theme,Broad / Cross-sector,China / Supply Chain,Asia,GSXAJCHE,GS Japan China Exposure,JPY,Custom Basket,MA5DY97YRQVH4XZC,False
CUSTOM_BASKETS_LEVELS,Sector Factor,Financials,Momentum,Europe,GSXEBMSF,EU Financials Momo Short,EUR,Custom Basket,MA5E2D8E9B9FZYZK,False
CUSTOM_BASKETS_LEVELS,Theme,Broad / Cross-sector,Reopening / Reflation,Global,GSXAAURO,GS Australia Reopening,AUD,Custom Basket,MA5E2QDC3YVGF4RP,False
CUSTOM_BASKETS_LEVELS,Theme,Broad / Cross-sector,Inflation / Pricing Power,Americas,GSXU1970,GS US Inflation Comeback,USD,Custom Basket,MA5EHM7MA7NCX0SJ,False
CUSTOM_BASKETS_LEVELS,Other / Review,Financials,,Europe,GSXEFINC,GS EU Fin Private Credit,EUR,Custom Basket,MA5EQP9YSXAWQS9T,True
CUSTOM_BASKETS_LEVELS,Other / Review,Broad / Cross-sector,,Americas,GSXUREPL,GS Rep Policy Outperform,USD,Custom Basket,MA5FCH3DDY4Y7VXX,True
CUSTOM_BASKETS_LEVELS,Other / Review,Broad / Cross-sector,,Europe,GSCMALEE,GS Allegro Custom Hedge,EUR,Custom Basket,MA5H9RG4J12YGV7E,True
CUSTOM_BASKETS_LEVELS,Theme,Broad / Cross-sector,China / Supply Chain,Americas,GSXAIMCN,GS Enhanced China Index,USD,Custom Basket,MA5HVHSMRXBAS3M5,False
CUSTOM_BASKETS_LEVELS,Theme,TMT / Tech,AI,Asia,GSXAJXAI,GS Japan ex AI/Semis,JPY,Custom Basket,MA5JSEE41A7Z32HY,False
CUSTOM_BASKETS_LEVELS,Other / Review,Broad / Cross-sector,,Europe,GSCMELUX,GS Electrolux Hedge,SEK,Custom Basket,MA5KJ6Y7PSVHQ4YK,True
CUSTOM_BASKETS_LEVELS,Other / Review,Broad / Cross-sector,,Europe,GSCMINPO,GSCMINPO,EUR,Custom Basket,MA5KZ03SG003WYX9,True
CUSTOM_BASKETS_LEVELS,Other / Review,Broad / Cross-sector,,Europe,GSPWGNDF,GS Custom Global New Def,USD,Custom Basket,MA5MFXW7V9FFPC18,True
CUSTOM_BASKETS_LEVELS,Other / Review,Broad / Cross-sector,,Americas,GSCBIODV,GS Biodiversity Basket,USD,Custom Basket,MA5MX8V2QMEN97A8,True
CUSTOM_BASKETS_LEVELS,Other / Review,Broad / Cross-sector,,Europe,GSQIEFXL,EUR USD Long,EUR,Custom Basket,MA5N1X0KY28JNA9V,True
CUSTOM_BASKETS_LEVELS,Sector Factor,Financials,Momentum,Americas,GSFIBFML,GS US Fin Momo Long,USD,Custom Basket,MA5N7Y93TEV7G7SH,False
CUSTOM_BASKETS_LEVELS,Other / Review,Broad / Cross-sector,,Americas,GSXUDRIV,GS US Autos,USD,Custom Basket,MA5P4C2YSEMSYRMN,True
CUSTOM_BASKETS_LEVELS,Other / Review,Broad / Cross-sector,,Asia,GSCBGXH1,Corp Gov & Def: XH1,JPY,Custom Basket,MA5PE8NNQAAFVTMB,True
CUSTOM_BASKETS_LEVELS,Other / Review,Broad / Cross-sector,,Asia,GSCBHKBA,GS HK Banks,HKD,Custom Basket,MA5PEEZRM4JS0YE4,True
CUSTOM_BASKETS_LEVELS,Theme,Consumer,China / Supply Chain,Americas,GSXACCOG,GS China Consumer Goods,USD,Custom Basket,MA5Q63D00JEP2NXW,False
CUSTOM_BASKETS_LEVELS,Other / Review,Broad / Cross-sector,,Europe,GSCMEVRH,GS Evraz Hedge,GBP,Custom Basket,MA5Q8RZQS72D175M,True
CUSTOM_BASKETS_LEVELS,Other / Review,Broad / Cross-sector,,Asia,GSCBHCEI,GS Custom HK,HKD,Custom Basket,MA5QEE7AAPNECQ0H,True
CUSTOM_BASKETS_LEVELS,Other / Review,Broad / Cross-sector,,Europe,GSCMHCVC,GS Global CVC Hedge,EUR,Custom Basket,MA5R1JGDRTFZ6Y22,True
CUSTOM_BASKETS_LEVELS,Other / Review,Broad / Cross-sector,,Europe,GSXEOILX,GS EU Oil Input Cost,EUR,Custom Basket,MA5S27RHFMW9NWX0,True
CUSTOM_BASKETS_LEVELS,Other / Review,Broad / Cross-sector,,Asia,GSCBGAG1,Corp Gov & Def: Low AGM,JPY,Custom Basket,MA5SZ0YPA7VFYBR5,True
CUSTOM_BASKETS_LEVELS,Theme,TMT / Tech,AI,Americas,GSTMTDAT,AI Data Centers,USD,Custom Basket,MA5T5KHHZC5JDRFC,False
CUSTOM_BASKETS_LEVELS,Other / Review,Broad / Cross-sector,,Asia,GSXAJPDF,GS Japan Defense,JPY,Custom Basket,MA5TD1F3J424ZGHP,True
CUSTOM_BASKETS_LEVELS,Factor,Broad / Cross-sector,Beta,Asia,GSXACBBS,GS China Barra Beta Shor,CNH,Custom Basket,MA5TJCK5X1PV8D9H,False
CUSTOM_BASKETS_LEVELS,Theme,Broad / Cross-sector,China / Supply Chain,Asia,GSCBICSC,GS China Small Cap,CNH,Custom Basket,MA5V0SVSV637FTPZ,False
CUSTOM_BASKETS_LEVELS,Other / Review,Broad / Cross-sector,,Americas,GSCBINV1,Vol Adjusted GSXUINOV,USD,Custom Basket,MA5V9NQ0VEA0BH5G,True
CUSTOM_BASKETS_LEVELS,Other / Review,Financials,,Europe,GSXEMNAF,GS EU M&A Financials,EUR,Custom Basket,MA5VP249AX8RY5E0,True
CUSTOM_BASKETS_LEVELS,Other / Review,Broad / Cross-sector,,Europe,GSCMADPH,GS Aeroports SA Hedge,EUR,Custom Basket,MA5VPXEWF6KFQNP2,True
CUSTOM_BASKETS_LEVELS,Other / Review,Broad / Cross-sector,,Asia,GSCBJXHO,GS Japan X-Share Holders,JPY,Custom Basket,MA5VQR5Z4E6X7EQN,True
CUSTOM_BASKETS_LEVELS,Other / Review,Broad / Cross-sector,,Asia,GSXAHBDS,GS Hong Kong DBeta Short,HKD,Custom Basket,MA5VXBFZEMDBCH2F,True
CUSTOM_BASKETS_LEVELS,Factor,Broad / Cross-sector,Size,Europe,GSXEUKSL,UK Reactive Small Size,GBP,Custom Basket,MA5WA6YDA01SC75A,False
CUSTOM_BASKETS_LEVELS,Other / Review,Broad / Cross-sector,,Americas,GSBZOFFI,GS Brazil Off Index,BRL,Custom Basket,MA5WK65QNDGQAMW0,True
CUSTOM_BASKETS_LEVELS,Other / Review,Broad / Cross-sector,,Asia,GSXAJMIN,GS Japan Miners,JPY,Custom Basket,MA5WRZNRA14XKYN1,True
CUSTOM_BASKETS_LEVELS,Other / Review,Broad / Cross-sector,,Americas,GS24REPS,GS24 Rep Pol Undrperform,USD,Custom Basket,MA5XC2A1V2HT9QA6,True
CUSTOM_BASKETS_LEVELS,Other / Review,Broad / Cross-sector,,Europe,GSCMDARK,GS Darktrace Hedge,GBP,Custom Basket,MA5XEMMSSQQA50JD,True
CUSTOM_BASKETS_LEVELS,Other / Review,Broad / Cross-sector,,Americas,GSXFBZDF,GS BZ Defensives (BRL),BRL,Custom Basket,MA5YDAC0BN4STN93,True
CUSTOM_BASKETS_LEVELS,Other / Review,Broad / Cross-sector,,Asia,GSXAJSOS,GS Japan CorpGov Winners,JPY,Custom Basket,MA5Z5S5QKEF59M60,True
CUSTOM_BASKETS_LEVELS,Other / Review,Broad / Cross-sector,,Europe,GSCMADEH,GS Adevinta Hedge,NOK,Custom Basket,MA5ZQX09XRXFAYSX,True
CUSTOM_BASKETS_LEVELS,Other / Review,Broad / Cross-sector,,Europe,GSCMDSVH,GS DSV Hedge,DKK,Custom Basket,MA5ZYBP69H6AVEHX,True
CUSTOM_BASKETS_LEVELS,Other / Review,Broad / Cross-sector,,Americas,GSXACOMM,GS APAC Communacopia,USD,Custom Basket,MA60EQ6DMPF9EPQQ,True
CUSTOM_BASKETS_LEVELS,Other / Review,Broad / Cross-sector,,Europe,GSCMACXH,GS Acerinox Hedge,EUR,Custom Basket,MA60K89BH8RGSR9G,True
CUSTOM_BASKETS_LEVELS,Other / Review,Broad / Cross-sector,,Asia,GSCBJBAN,GS Japan Banks,JPY,Custom Basket,MA613QGF9BXCDX3E,True
CUSTOM_BASKETS_LEVELS,Factor,Broad / Cross-sector,Momentum,Americas,GSXUWFML,GS US Wolfe Hi Momentum,USD,Custom Basket,MA619KYW73DB7WJM,False
CUSTOM_BASKETS_LEVELS,Other / Review,Broad / Cross-sector,,Europe,GSCMINWH,GS INW IM Hedge,EUR,Custom Basket,MA61AFSJCKEMVV6Z,True
CUSTOM_BASKETS_LEVELS,Other / Review,Broad / Cross-sector,,Europe,GSCMASCH,GS Ascential Hedge,GBP,Custom Basket,MA61DKJW4ZE8FAVH,True
CUSTOM_BASKETS_LEVELS,Other / Review,Broad / Cross-sector,,Asia,GSCBJXHE,GS Japan X-Held,JPY,Custom Basket,MA624ZBZ7SFRG5A4,True
CUSTOM_BASKETS_LEVELS,Other / Review,Broad / Cross-sector,,Americas,GSCBAFCF,GS Asia High FCF Commods,USD,Custom Basket,MA62NWV9F6QNAY90,True
CUSTOM_BASKETS_LEVELS,Other / Review,Broad / Cross-sector,,Asia,GSCBINUW,GS India Mutual Fund UW,INR,Custom Basket,MA62T3X0SK5X5JCZ,True
CUSTOM_BASKETS_LEVELS,Other / Review,Broad / Cross-sector,,Europe,GSCMEDRH,GS Edreams Hedge,EUR,Custom Basket,MA63D9HQ772N43NS,True
CUSTOM_BASKETS_LEVELS,Theme,Financials,China / Supply Chain,Asia,GSCBAHFH,GS China AH Fin. H-Line,HKD,Custom Basket,MA63SP12FSRQVARH,False
CUSTOM_BASKETS_LEVELS,Other / Review,Broad / Cross-sector,,Americas,GSXAELEV,GS Asia Electric Vehicle,USD,Custom Basket,MA63Y3TFYX2BECW3,True
CUSTOM_BASKETS_LEVELS,Other / Review,Broad / Cross-sector,,Asia,GSCBITMO,GS Custom Japan Mother,JPY,Custom Basket,MA64CQ6TXZ5Z70MC,True
CUSTOM_BASKETS_LEVELS,Other / Review,Broad / Cross-sector,,Americas,GSXULTAX,Low Tax Basket,USD,Custom Basket,MA64GKKZPTA0RPBE,True
CUSTOM_BASKETS_LEVELS,Sector Factor,TMT / Tech,Crowding,Americas,GSTMWFCS,GS US TMT Crowding Short,USD,Custom Basket,MA65WBZ67ZGDFPGQ,False
CUSTOM_BASKETS_LEVELS,Other / Review,Broad / Cross-sector,,Asia,GSCBJDFH,GS Japan Defense Hedge,JPY,Custom Basket,MA6698V8EJSBMVN9,True
CUSTOM_BASKETS_LEVELS,Other / Review,Broad / Cross-sector,,Europe,GSCMAUTN,GS Auto Trader Hedge,NOK,Custom Basket,MA68ATHSJQ6XD2RK,True
CUSTOM_BASKETS_LEVELS,Other / Review,Broad / Cross-sector,,Europe,GSCMENGI,GS Engie Custom Hedge,EUR,Custom Basket,MA68C0B28FE11GW3,True
CUSTOM_BASKETS_LEVELS,Other / Review,Broad / Cross-sector,,Americas,GSXUCOOL,GS US Liquid Cooling Eq.,USD,Custom Basket,MA68F6YSDCJ34S9N,True
CUSTOM_BASKETS_LEVELS,Theme,Broad / Cross-sector,China / Supply Chain,Asia,GSXAHSOE,GS China-H SOEs,JPY,Custom Basket,MA6936PMKE6Z31A7,False
CUSTOM_BASKETS_LEVELS,Other / Review,Broad / Cross-sector,,Americas,GSCMYSWY,Convenience Hedge,USD,Custom Basket,MA69KD86ZJVXCT5N,True
CUSTOM_BASKETS_LEVELS,Other / Review,Energy,,Americas,GSENECPX,GS Commods Capex Benefit,USD,Custom Basket,MA69W1MBVG9PWPP4,True
CUSTOM_BASKETS_LEVELS,Other / Review,Broad / Cross-sector,,Europe,GSCMLHAH,GS Lufthansa Hedge,EUR,Custom Basket,MA69X0R2XHK5RPF8,True
CUSTOM_BASKETS_LEVELS,Other / Review,Broad / Cross-sector,,Asia,GSCB2616,GS HK Hedge,HKD,Custom Basket,MA6A36252NW1ZKX4,True
CUSTOM_BASKETS_LEVELS,Other / Review,Broad / Cross-sector,,Europe,GSCBIFEX,GS EU Infra CAPEX,EUR,Custom Basket,MA6A64ZWTQFAMZ7E,True
CUSTOM_BASKETS_LEVELS,Other / Review,Broad / Cross-sector,,Americas,GSXUAMER,GS US Domestic Sales,USD,Custom Basket,MA6AAP9JQRB780RS,True
CUSTOM_BASKETS_LEVELS,Other / Review,Broad / Cross-sector,,Americas,GSXUXBIO,GS US Biotechnology,USD,Custom Basket,MA6ABB3WHJ9A6C6T,True
CUSTOM_BASKETS_LEVELS,Other / Review,Broad / Cross-sector,,Europe,GSCMMORH,GS Morphosys Hedge,EUR,Custom Basket,MA6B2AVZWRPK6AD4,True
CUSTOM_BASKETS_LEVELS,Other / Review,Broad / Cross-sector,,Asia,GSCBJTRO,GS JP TSE non-R Low ROE,JPY,Custom Basket,MA6BZ98S7VAEJK7W,True
CUSTOM_BASKETS_LEVELS,Other / Review,Broad / Cross-sector,,Americas,GSCBGCAP,GS Green Cap Ex,USD,Custom Basket,MA6CEQZKVNA32Q8X,True
CUSTOM_BASKETS_LEVELS,Other / Review,Financials,,Americas,GSFINTRD,GS Fins Trad Asset Mgrs,USD,Custom Basket,MA6CVVZNJF4RYYKY,True
CUSTOM_BASKETS_LEVELS,Other / Review,Broad / Cross-sector,,Americas,GSCMUNPH,GS UNP Hedge,USD,Custom Basket,MA6D0W3R60151ZQQ,True
CUSTOM_BASKETS_LEVELS,Other / Review,Broad / Cross-sector,,Europe,GSCBGOUT,GS EU Go Outside,EUR,Custom Basket,MA6D2Z1DD2P8MXW4,True
CUSTOM_BASKETS_LEVELS,Factor,Broad / Cross-sector,Momentum,Americas,GSXUHMO3,US 3M Momentum Long,USD,Custom Basket,MA6DAK7Q05KNGXTS,False
CUSTOM_BASKETS_LEVELS,Other / Review,Broad / Cross-sector,,Europe,GSCBCE3B,GS Custom CE3 Banks,USD,Custom Basket,MA6DDYCEHZ0VSJEH,True
CUSTOM_BASKETS_LEVELS,Other / Review,Broad / Cross-sector,,Europe,GSCMMOWH,GS Mowi Hedge,NOK,Custom Basket,MA6DJCMTYR8B8Z1B,True
CUSTOM_BASKETS_LEVELS,Other / Review,Broad / Cross-sector,,Europe,GSCBBPHG,GS BP Hedge,GBP,Custom Basket,MA6DX48SV3N9WQ18,True
CUSTOM_BASKETS_LEVELS,Theme,Broad / Cross-sector,China / Supply Chain,Asia,GSXACVIP,GS China A VIPs,CNH,Custom Basket,MA6E3ASWVK52F2W2,False
CUSTOM_BASKETS_LEVELS,Other / Review,Broad / Cross-sector,,Asia,GSXAJDEF,GS Japan Defensives,JPY,Custom Basket,MA6F44TXJ3W8J8PF,True
CUSTOM_BASKETS_LEVELS,Other / Review,Broad / Cross-sector,,Americas,GSXACHDR,GS ADR Only,USD,Custom Basket,MA6FFDDNEMXDMYFD,True
CUSTOM_BASKETS_LEVELS,Other / Review,Broad / Cross-sector,,Europe,GSCMTWEK,GS Tweka Group Hedge,EUR,Custom Basket,MA6FK1JQXRR44ZJH,True
CUSTOM_BASKETS_LEVELS,Sector Factor,TMT / Tech,Growth,Americas,GSCBOSQT,GS TMT Secular Growth,USD,Custom Basket,MA6FK7A8XZKQ9W7M,False
CUSTOM_BASKETS_LEVELS,Other / Review,Broad / Cross-sector,,Europe,GSCMKMAH,GS Kongsberg Mari Hedge,NOK,Custom Basket,MA6GS5FR6CRCQMMC,True
CUSTOM_BASKETS_LEVELS,Other / Review,Broad / Cross-sector,,Europe,GSCMABIH,GS ABI BB Hedge,EUR,Custom Basket,MA6HAVHJ7C00685D,True
CUSTOM_BASKETS_LEVELS,Other / Review,Broad / Cross-sector,,Europe,GSCMABOS,GS ABO Basket,EUR,Custom Basket,MA6HCWD30K6ZHZEN,True
CUSTOM_BASKETS_LEVELS,Other / Review,Broad / Cross-sector,,Americas,GSXFBRHR,GSXFBRHR,USD,Custom Basket,MA6HN87PPGAQ41N8,True
CUSTOM_BASKETS_LEVELS,Other / Review,Health Care,,Americas,GSHCWFIS,GS US HC Short Int Short,USD,Custom Basket,MA6J1AGY0QGQ7QFA,True
CUSTOM_BASKETS_LEVELS,Other / Review,Real Estate,,Americas,GSXPREA1,GS US Passive Select RE,USD,Custom Basket,MA6J6A8E6WYE66DS,True
CUSTOM_BASKETS_LEVELS,Sector Factor,Financials,Value,Americas,GSFIBFVS,GS US Fin Value Short,USD,Custom Basket,MA6JDE6J38XADT8B,False
CUSTOM_BASKETS_LEVELS,Other / Review,Broad / Cross-sector,,Asia,GSCBKRFA,GS Korea Retail Favs,KRW,Custom Basket,MA6K2SBGX9A12Y74,True
CUSTOM_BASKETS_LEVELS,Other / Review,Broad / Cross-sector,,Europe,GSCMRUST,GS Rusta Hedge,SEK,Custom Basket,MA6KMBRCCJPN8YAE,True
CUSTOM_BASKETS_LEVELS,Other / Review,Broad / Cross-sector,,Europe,GSCMSGOH,GS SGO FP Hedge,EUR,Custom Basket,MA6M9D0ABW5GWTFS,True
CUSTOM_BASKETS_LEVELS,Other / Review,Broad / Cross-sector,,Global,GSXAAUMI,GS Australia Miners,AUD,Custom Basket,MA6MAQW6E3GFH44H,True
CUSTOM_BASKETS_LEVELS,Other / Review,Health Care,,Americas,GSHLCDOG,GS HC Diagnostics,USD,Custom Basket,MA6NTWVT02EXB6SE,True
CUSTOM_BASKETS_LEVELS,Other / Review,Broad / Cross-sector,,Europe,GSCMCNAL,GS Centrica Hedge Basket,GBP,Custom Basket,MA6P89Z9ZFRG7HHB,True
CUSTOM_BASKETS_LEVELS,Other / Review,Broad / Cross-sector,,Europe,GSCMPOLI,GS Bank Hapoalim Hedge,ILS,Custom Basket,MA6PPK61KBJ5D02Y,True
CUSTOM_BASKETS_LEVELS,Other / Review,Broad / Cross-sector,,Europe,GSCMHAGH,GS Hensoldt Hedge,EUR,Custom Basket,MA6Q0MC2ZD35QHB8,True
CUSTOM_BASKETS_LEVELS,Other / Review,Broad / Cross-sector,,Europe,GSCMGLEN,GS Glencore Hedge,GBP,Custom Basket,MA6QD7EPGHSPXK1M,True
CUSTOM_BASKETS_LEVELS,Factor,Broad / Cross-sector,Beta,Europe,GSXEBFBL,EU Pure Hi Beta,EUR,Custom Basket,MA6QDQ6EZP7WP04E,False
CUSTOM_BASKETS_LEVELS,Other / Review,TMT / Tech,,Asia,GSCBTHK1,GS HK Tech ex 981,HKD,Custom Basket,MA6QF3Z9RAZCN5TF,True
CUSTOM_BASKETS_LEVELS,Sector Factor,Health Care,Value,Americas,GSHCBFVS,GS US HC Value Short,USD,Custom Basket,MA6RVEVVFKDZB91T,False
CUSTOM_BASKETS_LEVELS,Other / Review,Broad / Cross-sector,,Americas,GSXASBAL,GS Asia Strong B/S,USD,Custom Basket,MA6SR1RPQSG5A1D5,True
CUSTOM_BASKETS_LEVELS,Theme,Broad / Cross-sector,Rates Sensitivity,Europe,GSXELDUR,GS EU Long Duration,EUR,Custom Basket,MA6TMS5F8Q23WC60,False
CUSTOM_BASKETS_LEVELS,Other / Review,Broad / Cross-sector,,Europe,GSCBGOOD,GS European Goods,EUR,Custom Basket,MA6TVCYSQBCYBSYJ,True
CUSTOM_BASKETS_LEVELS,Theme,TMT / Tech,Software,Americas,GSXUSF8X,GS US Expensive Software,USD,Custom Basket,MA6TVMFWZVDPYV05,False
CUSTOM_BASKETS_LEVELS,Other / Review,Broad / Cross-sector,,Americas,GSCMDEML,GS Dem Policies 2021,USD,Custom Basket,MA6WPXZDZKEDW4K0,True
CUSTOM_BASKETS_LEVELS,Other / Review,Broad / Cross-sector,,Europe,GSCMUKMA,GS UK M&A Targets,GBP,Custom Basket,MA6WY7R29SHGSPQY,True
CUSTOM_BASKETS_LEVELS,Other / Review,Broad / Cross-sector,,Asia,GSXAKDFV,GS Korea Defensives,KRW,Custom Basket,MA6WZ1B7M4Q7HH7C,True
CUSTOM_BASKETS_LEVELS,Factor,Broad / Cross-sector,Beta,Europe,GSCBMIBL,EU Midcap Beta Long,EUR,Custom Basket,MA6X8AAS2827XVQS,False
CUSTOM_BASKETS_LEVELS,Other / Review,Broad / Cross-sector,,Europe,GSXEECMP,GS Electrification Cmpdr,EUR,Custom Basket,MA6XHZ65WDATRSFX,True
CUSTOM_BASKETS_LEVELS,Other / Review,Broad / Cross-sector,,Americas,GSXU100D,Accelerated Depreciation,USD,Custom Basket,MA6XJXVST9RP4ZWN,True
CUSTOM_BASKETS_LEVELS,Other / Review,Broad / Cross-sector,,Europe,GSCMJDEP,GS JDEP Custom Hedge,EUR,Custom Basket,MA6XMNDR8BM0NR6F,True
CUSTOM_BASKETS_LEVELS,Other / Review,Broad / Cross-sector,,Europe,GSXEHEAT,GS EU HVAC Players,EUR,Custom Basket,MA6YA64QQ1JJHV9P,True
CUSTOM_BASKETS_LEVELS,Factor,Broad / Cross-sector,Size,Europe,GSXEMISS,EU Rctv Low Midcap Size,EUR,Custom Basket,MA6YB6B3N0PR6ZCW,False
CUSTOM_BASKETS_LEVELS,Other / Review,TMT / Tech,,Asia,GSXAJNPT,GS Japan Non Profit Tech,JPY,Custom Basket,MA6YWF7BYXQ9HM4F,True
CUSTOM_BASKETS_LEVELS,Other / Review,Broad / Cross-sector,,Europe,GSCMCOVH,GS Covestro Hedge,EUR,Custom Basket,MA6YY319C9MYK9YT,True
CUSTOM_BASKETS_LEVELS,Factor,Broad / Cross-sector,Momentum,Asia,GSXACBMS,GS China Barra MOMO Shor,CNH,Custom Basket,MA6ZNJY5T29V7JV5,False
CUSTOM_BASKETS_LEVELS,Other / Review,Broad / Cross-sector,,Europe,GSCMFCTH,GS Fincantieri Spa Hedge,EUR,Custom Basket,MA6ZRNJ1CSP8FJFJ,True
CUSTOM_BASKETS_LEVELS,Theme,Broad / Cross-sector,Clean Energy / ESG,Europe,GSXFSESG,GS South Africa ESG,ZAR,Custom Basket,MA70NCC2XEB6M18Y,False
CUSTOM_BASKETS_LEVELS,Factor,Broad / Cross-sector,Growth,Americas,GSXFBZGS,Brazil Growth Short,BRL,Custom Basket,MA70R3FZ9KFCQYBJ,False
CUSTOM_BASKETS_LEVELS,Factor,Broad / Cross-sector,Value,Europe,GSXELVAL,High Beta Expnsive Value,EUR,Custom Basket,MA7185K9726F4A8B,False
CUSTOM_BASKETS_LEVELS,Other / Review,Materials,,Americas,GSXFBZMT,GS BZ Materials (USD),USD,Custom Basket,MA71C39PK4JVB7EE,True
CUSTOM_BASKETS_LEVELS,Sector Factor,Health Care,Volatility,Americas,GSHCBFRS,GS US HC Res Vol Short,USD,Custom Basket,MA71MJ25NZYT7ZJY,False
CUSTOM_BASKETS_LEVELS,Other / Review,Broad / Cross-sector,,Asia,GSXATWDW,GS Strong TWD Winners,TWD,Custom Basket,MA723KADP82TZJ03,True
CUSTOM_BASKETS_LEVELS,Other / Review,Broad / Cross-sector,,Asia,GSXAKSUB,GS Korea Subs,KRW,Custom Basket,MA73XXYNYTCPE4YS,True
CUSTOM_BASKETS_LEVELS,Other / Review,Broad / Cross-sector,,Americas,GSCBIG36,GS IG 36,USD,Custom Basket,MA74BZ2AVM26SX2H,True
CUSTOM_BASKETS_LEVELS,Factor,Broad / Cross-sector,Growth,Europe,GSXEMIGS,EU Rctv Lo Midcap Growth,EUR,Custom Basket,MA74DJE57PR5D54Z,False
CUSTOM_BASKETS_LEVELS,Theme,Broad / Cross-sector,AI,Americas,GSXAAIBM,Asia AI Bottleneck MLCCs,USD,Custom Basket,MA75NN8NCYYNBMBJ,False
CUSTOM_BASKETS_LEVELS,Factor,Broad / Cross-sector,Momentum,Asia,GSCBJMXC,GS Japan Momo x Corp Ref,JPY,Custom Basket,MA75NRXQXHW7KXX9,False
CUSTOM_BASKETS_LEVELS,Other / Review,Industrials,,Americas,GSIDLTRC,GS Industrials Trucking,USD,Custom Basket,MA75PBQWY79B079H,True
CUSTOM_BASKETS_LEVELS,Other / Review,Broad / Cross-sector,,Americas,GSXUMSAL,GS Liquid Most Short,USD,Custom Basket,MA760SZK9MCJYEV9,True
CUSTOM_BASKETS_LEVELS,Theme,Broad / Cross-sector,China / Supply Chain,Americas,GSXACTRA,GS China Trade Ins,USD,Custom Basket,MA77EK79WMN1DC9E,False
CUSTOM_BASKETS_LEVELS,Other / Review,Broad / Cross-sector,,Europe,GSCMSHEL,GS Shell Hedge,EUR,Custom Basket,MA77K8Z0YR5D302B,True
CUSTOM_BASKETS_LEVELS,Other / Review,Materials,,Europe,GSXFCEMT,GS CEEMEA Materials ex m,USD,Custom Basket,MA783P5QSF74REQ7,True
CUSTOM_BASKETS_LEVELS,Other / Review,Broad / Cross-sector,,Asia,GSXAKBIO,GS Korea Biotech,KRW,Custom Basket,MA78EEP5QG9KD45Y,True
CUSTOM_BASKETS_LEVELS,Other / Review,Broad / Cross-sector,,Europe,GSCMSFSS,GS Stillfront Custom Hdg,SEK,Custom Basket,MA78FT0NCY1KQ9T6,True
CUSTOM_BASKETS_LEVELS,Theme,TMT / Tech,Profitability Theme (Profitable vs Nonprofitable),Americas,GSCBNOPS,Non-Sec Non-Profit Tech,USD,Custom Basket,MA78PZ0XDX8SVVTD,False
CUSTOM_BASKETS_LEVELS,Other / Review,Broad / Cross-sector,,Europe,GSCMBVIH,GS Bureau Veritas Hedge,EUR,Custom Basket,MA78Y4Z6DJT9J0S6,True
CUSTOM_BASKETS_LEVELS,Theme,Broad / Cross-sector,China / Supply Chain,Asia,GSXACHXR,GS China Hardware x Rnew,CNH,Custom Basket,MA798WHPQQ4XXYJ2,False
CUSTOM_BASKETS_LEVELS,Factor,Broad / Cross-sector,Growth,Americas,GSXUGRO2,GS Secular Growth ex Sft,USD,Custom Basket,MA79ANPNSQ45HFAD,False
CUSTOM_BASKETS_LEVELS,Other / Review,Consumer,,Americas,GSCNBFMS,GS US Consumer Mo Short,USD,Custom Basket,MA79EYX87R261PVY,True
CUSTOM_BASKETS_LEVELS,Other / Review,Broad / Cross-sector,,Asia,GSXAKWIN,GS Korea Greatest Hits,KRW,Custom Basket,MA79VDYDXASF85CR,True
CUSTOM_BASKETS_LEVELS,Sector Factor,Financials,Growth,Americas,GSFIBFGS,GS US Fin Growth Short,USD,Custom Basket,MA7ARZ2XKTXSY8FX,False
CUSTOM_BASKETS_LEVELS,Other / Review,Broad / Cross-sector,,Americas,GSXUINFS,GS Infrastructure,USD,Custom Basket,MA7AXT14SQBV0ESG,True
CUSTOM_BASKETS_LEVELS,Factor,Broad / Cross-sector,Beta,Americas,GSXUBFBS,GS US Barra Low Beta,USD,Custom Basket,MA7C1PKXFYPSVQVQ,False
CUSTOM_BASKETS_LEVELS,Other / Review,Broad / Cross-sector,,Asia,GSCBJTP1,GSCBJTP1,JPY,Custom Basket,MA7C3RW3FHTPZGC7,True
CUSTOM_BASKETS_LEVELS,Other / Review,Broad / Cross-sector,,Asia,GSXAJPEQ,GS Japan Equal Basket,JPY,Custom Basket,MA7C59X3DRETG6KM,True
CUSTOM_BASKETS_LEVELS,Factor,Broad / Cross-sector,Momentum,Americas,GSXACHMS,GS China MOMO Short,USD,Custom Basket,MA7C7Y8490MH78GF,False
CUSTOM_BASKETS_LEVELS,Other / Review,Broad / Cross-sector,,Europe,GSCMSOBH,GS SOBI SS Hedge,SEK,Custom Basket,MA7CXWPK9RS9PM4Z,True
CUSTOM_BASKETS_LEVELS,Factor,Broad / Cross-sector,Quality,Americas,GSXUBGQL,GS US GEMLT High Quality,USD,Custom Basket,MA7D4JDPY1YSN458,False
CUSTOM_BASKETS_LEVELS,Other / Review,Broad / Cross-sector,,Europe,GSCB4TO3,GS Mobile Consolid Custm,EUR,Custom Basket,MA7DV6WVAQ1Z39KR,True
CUSTOM_BASKETS_LEVELS,Other / Review,Broad / Cross-sector,,Americas,GSCBDFXP,GS Defensives ex Policy,USD,Custom Basket,MA7EK31BV0Q41SZ4,True
CUSTOM_BASKETS_LEVELS,Other / Review,Broad / Cross-sector,,Americas,GSCBMRGC,GS US Emergency,USD,Custom Basket,MA7F4TKX136HEBX7,True
CUSTOM_BASKETS_LEVELS,Other / Review,Broad / Cross-sector,,Asia,GSCBIJBK,GS Custom Japan Banks,JPY,Custom Basket,MA7FBV076HD39YN5,True
CUSTOM_BASKETS_LEVELS,Other / Review,Energy,,Europe,GSXEEEFI,GS EU Energy Efficiency,EUR,Custom Basket,MA7FYGAXAXG24KNE,True
CUSTOM_BASKETS_LEVELS,Other / Review,Broad / Cross-sector,,Europe,GSCBCYXC,GS EU Cyclicals ex Commo,EUR,Custom Basket,MA7G70GC70FNXQ03,True
CUSTOM_BASKETS_LEVELS,Theme,Broad / Cross-sector,China / Supply Chain,Americas,GSXACHIN,GS China Insurance,USD,Custom Basket,MA7GBCQ5N2JSA7CD,False
CUSTOM_BASKETS_LEVELS,Other / Review,Broad / Cross-sector,,Americas,GSXUBFSS,GS US Barra Lo Sentiment,USD,Custom Basket,MA7GFQESPTB9V34R,True
CUSTOM_BASKETS_LEVELS,Other / Review,Broad / Cross-sector,,Europe,GSCMUMIH,GS Umicore Hedge Basket,EUR,Custom Basket,MA7GG603D0ZTEXNJ,True
CUSTOM_BASKETS_LEVELS,Other / Review,Broad / Cross-sector,,Europe,GSXEMOIN,GS EU Motor Insurance,EUR,Custom Basket,MA7GV4NWK2RQX2BK,True
CUSTOM_BASKETS_LEVELS,Other / Review,Broad / Cross-sector,,Americas,GSXUBAIS,GS US Barra Lo Short Int,USD,Custom Basket,MA7H2HNZXV1XC6YK,True
CUSTOM_BASKETS_LEVELS,Theme,Broad / Cross-sector,China / Supply Chain,Americas,GSXACCOA,GS China Coal,USD,Custom Basket,MA7HGB883BV0Y9J9,False
CUSTOM_BASKETS_LEVELS,Other / Review,Broad / Cross-sector,,Europe,GSCMJUN3,GS Custom Hedge Basket,EUR,Custom Basket,MA7HGPY8PPC26NAS,True
CUSTOM_BASKETS_LEVELS,Other / Review,Broad / Cross-sector,,Americas,GSXFBRCO,GS BZ Commodity Levered,BRL,Custom Basket,MA7HV8F4DV065XCN,True
CUSTOM_BASKETS_LEVELS,Theme,Broad / Cross-sector,China / Supply Chain,Asia,GSXACBPS,GS China Profit Short,CNH,Custom Basket,MA7J1F1K1FT37QBC,False
CUSTOM_BASKETS_LEVELS,Other / Review,Broad / Cross-sector,,Europe,GSXELBSI,GS EU Low SI 2,EUR,Custom Basket,MA7JD64CCJTNCA1V,True
CUSTOM_BASKETS_LEVELS,Sector Factor,TMT / Tech,Momentum,Americas,GSTMBFML,GS US TMT Momentum Long,USD,Custom Basket,MA7JMPV3PWZQH1PN,False
CUSTOM_BASKETS_LEVELS,Factor,Broad / Cross-sector,Quality,Americas,GSXUBGQS,GS US GEMLT Low Quality,USD,Custom Basket,MA7JPQHV118Q8MK8,False
CUSTOM_BASKETS_LEVELS,Other / Review,Broad / Cross-sector,,Asia,GSCBHKSI,GS Custom HK,HKD,Custom Basket,MA7JSDZCJ6RAP4BG,True
CUSTOM_BASKETS_LEVELS,Factor,Broad / Cross-sector,Momentum,Americas,GSXAPEML,GS APEJC MOMO Long,USD,Custom Basket,MA7K5SHAV0ZJPT2R,False
CUSTOM_BASKETS_LEVELS,Other / Review,Financials,,Americas,GSFINADV,GS Fins Advisors,USD,Custom Basket,MA7KFFRD1K8762N6,True
CUSTOM_BASKETS_LEVELS,Theme,Broad / Cross-sector,AI,Americas,GSXUINFR,GS US AI Inference,USD,Custom Basket,MA7KMNFBJP5XHAQ2,False
CUSTOM_BASKETS_LEVELS,Theme,Health Care,AI,Americas,GSHLCAIP,US Health Care AI Basket,USD,Custom Basket,MA7M08GVPWZEWTND,False
CUSTOM_BASKETS_LEVELS,Other / Review,Broad / Cross-sector,,Europe,GSCMADES,GS Ades Holding Hedge,USD,Custom Basket,MA7M5Q81BKFQD14W,True
CUSTOM_BASKETS_LEVELS,Other / Review,Broad / Cross-sector,,Europe,GSXECHEM,GS EU Cyclical Chemicals,EUR,Custom Basket,MA7MN0VVV1774MGR,True
CUSTOM_BASKETS_LEVELS,Theme,TMT / Tech,AI,Americas,GSTMTAIH,GS AI Hardware ex Power,USD,Custom Basket,MA7N1M51RZTAA25Q,False
CUSTOM_BASKETS_LEVELS,Theme,Broad / Cross-sector,China / Supply Chain,Americas,GS24TRIM,GS 2024 Tariff Immune,USD,Custom Basket,MA7N53DAQY8Q6S44,False
CUSTOM_BASKETS_LEVELS,Factor,Broad / Cross-sector,Momentum,Europe,GSCBMIML,EU Midcap Momentum Long,EUR,Custom Basket,MA7NCCK9ZF42WA34,False
CUSTOM_BASKETS_LEVELS,Other / Review,Broad / Cross-sector,,Americas,GSCBEQUY,GS Equities w/ IG Credit,USD,Custom Basket,MA7Q51KTX7948ZXN,True
CUSTOM_BASKETS_LEVELS,Other / Review,Broad / Cross-sector,,Europe,GSCBREVO,GS Revolut Hedge,USD,Custom Basket,MA7QJZ4DD8E08R3K,True
CUSTOM_BASKETS_LEVELS,Other / Review,Broad / Cross-sector,,Americas,GSBZLEFT,GSBZLEFT,BRL,Custom Basket,MA7R7HMGGGQB7F2B,True
CUSTOM_BASKETS_LEVELS,Factor,Broad / Cross-sector,Growth,Americas,GSCBAPGR,GS APAC Thematic Growth,USD,Custom Basket,MA7RN7MND8P8MKXD,False
CUSTOM_BASKETS_LEVELS,Other / Review,Broad / Cross-sector,,Europe,GSCMAIBG,GS AIB Hedge,EUR,Custom Basket,MA7T5TDQFBJBZHRJ,True
CUSTOM_BASKETS_LEVELS,Other / Review,Broad / Cross-sector,,Americas,GSXUHOME,GS US Housing,USD,Custom Basket,MA7TCJ0V9T5BCK3F,True
CUSTOM_BASKETS_LEVELS,Factor,Broad / Cross-sector,Dividend / Yield,Americas,GSXUBFDS,GS US Barra Lo Div Yield,USD,Custom Basket,MA7TVY04QCXGE8B4,False
CUSTOM_BASKETS_LEVELS,Factor,Broad / Cross-sector,Beta,Europe,GSXEHMOM,EU High Beta Momnt Long,EUR,Custom Basket,MA7V3MDQ1XVN29GJ,False
CUSTOM_BASKETS_LEVELS,Other / Review,Broad / Cross-sector,,Europe,GSCMGBGH,GS GB Group Hedge,GBP,Custom Basket,MA7V8SV39F61P2NP,True
CUSTOM_BASKETS_LEVELS,Other / Review,Health Care,,Americas,GSHLCTOO,GS HC Tools,USD,Custom Basket,MA7VFNH7J7NPZCYV,True
CUSTOM_BASKETS_LEVELS,Other / Review,Broad / Cross-sector,,Asia,GSCBJPVC,GS Japan Low PB HighCash,JPY,Custom Basket,MA7W87WKBSCX1JG7,True
CUSTOM_BASKETS_LEVELS,Other / Review,Broad / Cross-sector,,Europe,GSCBCMDS,GS EU CMD Basket,EUR,Custom Basket,MA7WE1GM9R3MGM1Z,True
CUSTOM_BASKETS_LEVELS,Other / Review,Broad / Cross-sector,,Europe,GSCMVIVH,GS Vivendi Hldngs Hedge,EUR,Custom Basket,MA7YGTP7H7X01KTG,True
CUSTOM_BASKETS_LEVELS,Other / Review,Broad / Cross-sector,,Europe,GSCMCNEL,GS Capricorn Hedge,GBP,Custom Basket,MA7Z9B79AYMWZFDN,True
CUSTOM_BASKETS_LEVELS,Other / Review,Broad / Cross-sector,,Americas,GSXUMRSK,GS US High Margin Risk,USD,Custom Basket,MA7ZZT8DY8XVATM9,True
CUSTOM_BASKETS_LEVELS,Other / Review,Broad / Cross-sector,,Americas,GS24RLXC,GS Republican Long exCom,USD,Custom Basket,MA800TXQMPEDF9WE,True
CUSTOM_BASKETS_LEVELS,Theme,Broad / Cross-sector,China / Supply Chain,Asia,GSXACLOW,GS China Low Alt Economy,CNH,Custom Basket,MA80DJY8PD8BSX0C,False
CUSTOM_BASKETS_LEVELS,Theme,Broad / Cross-sector,China / Supply Chain,Americas,GSXACHWS,GS China Volatlity Short,USD,Custom Basket,MA814Q29WETHY4DQ,False
CUSTOM_BASKETS_LEVELS,Factor,Broad / Cross-sector,Leverage,Americas,GSXUBFLL,GS US Barra Hi Leverage,USD,Custom Basket,MA81A1ZYF0PEC8PC,False
CUSTOM_BASKETS_LEVELS,Other / Review,Broad / Cross-sector,,Americas,GSXUCHAL,GS HK with ADR,USD,Custom Basket,MA81R838X6ZPQFRF,True
CUSTOM_BASKETS_LEVELS,Other / Review,Broad / Cross-sector,,Americas,GSCMR2XE,GS SMID Cap ex-Commods,USD,Custom Basket,MA81SWK8551BQYV5,True
CUSTOM_BASKETS_LEVELS,Theme,Broad / Cross-sector,Clean Energy / ESG,Americas,GSCBRNWH,GS Renewables Hedge,USD,Custom Basket,MA822XPD3WKXAH3P,False
CUSTOM_BASKETS_LEVELS,Other / Review,Broad / Cross-sector,,Asia,GSCBK198,GS Korea ex SEC & Hynix,KRW,Custom Basket,MA827X49X6C56FXZ,True
CUSTOM_BASKETS_LEVELS,Theme,Broad / Cross-sector,China / Supply Chain,Americas,GSCBCCSO,GS China Central SOEs,USD,Custom Basket,MA830G1BFCCDRX9W,False
CUSTOM_BASKETS_LEVELS,Factor,Broad / Cross-sector,Growth,Asia,GSXATGRS,GS Taiwan Growth (HB) Sh,TWD,Custom Basket,MA831VT75WBQAR5E,False
CUSTOM_BASKETS_LEVELS,Other / Review,Broad / Cross-sector,,Americas,GSXUBFIS,GS US Barra Lo Short Int,USD,Custom Basket,MA836GBRF47T8302,True
CUSTOM_BASKETS_LEVELS,Other / Review,Broad / Cross-sector,,Europe,GSCMAUT1,GSCMAUT1,EUR,Custom Basket,MA83ER53A15GACTX,True
CUSTOM_BASKETS_LEVELS,Other / Review,Broad / Cross-sector,,Europe,GSCMADNO,GS ADNO Custom Hedge,USD,Custom Basket,MA83Z6EZTH3BS5H7,True
CUSTOM_BASKETS_LEVELS,Factor,Broad / Cross-sector,Quality,Americas,GSXUMFQS,GS US Quality Short,USD,Custom Basket,MA84F758MQT5Z6N3,False
CUSTOM_BASKETS_LEVELS,Other / Review,TMT / Tech,,Asia,GSCBHKBT,GS HK Big Tech,HKD,Custom Basket,MA84S8FYS568Y36G,True
CUSTOM_BASKETS_LEVELS,Theme,TMT / Tech,Semiconductors,Americas,GSCBCYSM,GS US Cyclical Semis,USD,Custom Basket,MA84SN3WT17NZ5YT,False
CUSTOM_BASKETS_LEVELS,Theme,Broad / Cross-sector,Reopening / Reflation,Americas,GSCBCHRO,GS China Reopening,USD,Custom Basket,MA852PCJ8XZZRY7K,False
CUSTOM_BASKETS_LEVELS,Factor,Broad / Cross-sector,Value,Europe,GSXEDEVA,GS EU Defensive Value,EUR,Custom Basket,MA85TMS11YNTB6J4,False
CUSTOM_BASKETS_LEVELS,Other / Review,Broad / Cross-sector,,Americas,GSXUDEMS,Dem Policy Underperform,USD,Custom Basket,MA867B53KPYJKA1D,True
CUSTOM_BASKETS_LEVELS,Factor,Broad / Cross-sector,Growth,Americas,GSCBHGLM,GS Hi Growth Lo Margin,USD,Custom Basket,MA86D7RS3A3KS6ZX,False
CUSTOM_BASKETS_LEVELS,Other / Review,Broad / Cross-sector,,Europe,GSCMDB1H,GS Deutsche Boerse Hedge,EUR,Custom Basket,MA872GGEQ6VM8KYP,True
CUSTOM_BASKETS_LEVELS,Other / Review,Consumer,,Americas,GSCNBFPS,GS US Cons Profit Short,USD,Custom Basket,MA8791BWWZRETGFW,True
CUSTOM_BASKETS_LEVELS,Other / Review,Broad / Cross-sector,,Europe,GSCMTNET,GS TNET Hedge Basket,EUR,Custom Basket,MA87PVD0B0KKZJHD,True
CUSTOM_BASKETS_LEVELS,Other / Review,Real Estate,,Americas,GSFINCRE,Commercial Real Estate,USD,Custom Basket,MA87SAXA0HK4WYV4,True
CUSTOM_BASKETS_LEVELS,Theme,Broad / Cross-sector,Clean Energy / ESG,Americas,GSXGRNEW,GS Global Renewables,USD,Custom Basket,MA896V6YHCD7030N,False
CUSTOM_BASKETS_LEVELS,Other / Review,Broad / Cross-sector,,Europe,GSCMVPLA,GS Viaplay Hedge,SEK,Custom Basket,MA89M646NPDXS4RK,True
CUSTOM_BASKETS_LEVELS,Sector Factor,Financials,Momentum,Americas,GSFIBFMS,GS US Fin Momo Short,USD,Custom Basket,MA89S1ZN7CJCXYSE,False
CUSTOM_BASKETS_LEVELS,Other / Review,Broad / Cross-sector,,Europe,GSCBPUSH,GS EU Power Laggards,EUR,Custom Basket,MA89YEZNRSK4547K,True
CUSTOM_BASKETS_LEVELS,Sector Factor,TMT / Tech,Leverage,Americas,GSTMTLEV,GS TMT Leverage,USD,Custom Basket,MA8A710KRTVFPM96,False
CUSTOM_BASKETS_LEVELS,Other / Review,TMT / Tech,,Americas,GSXGITSV,GS Global IT Services,USD,Custom Basket,MA8AFGMETBH4S6MV,True
CUSTOM_BASKETS_LEVELS,Other / Review,Broad / Cross-sector,,Europe,GSCMUBER,GS Uber Hedge,USD,Custom Basket,MA8AJVA1DXZNRB6C,True
CUSTOM_BASKETS_LEVELS,Other / Review,Broad / Cross-sector,,Americas,GSXADATA,GS APAC Data Centers,USD,Custom Basket,MA8APBDBNMCKSC4Y,True
CUSTOM_BASKETS_LEVELS,Other / Review,Broad / Cross-sector,,Americas,GSXUBFIL,GS US Barra Hi Short Int,USD,Custom Basket,MA8APRYCZ9CST27A,True
CUSTOM_BASKETS_LEVELS,Other / Review,Broad / Cross-sector,,Europe,GSCMEUCR,GS Europcar Hedge,EUR,Custom Basket,MA8AV7YCS2ZMTSTV,True
CUSTOM_BASKETS_LEVELS,Theme,Broad / Cross-sector,AI,Americas,GSCBAIBX,GS Asia AI Bottn ex CH,USD,Custom Basket,MA8AYKNS01C0C0WW,False
CUSTOM_BASKETS_LEVELS,Other / Review,Broad / Cross-sector,,Americas,GSXXLTAX,GS Low Tax,USD,Custom Basket,MA8BJ8EP5FQXH09Q,True
CUSTOM_BASKETS_LEVELS,Other / Review,Broad / Cross-sector,,Asia,GSXAKHTS,GS KR High Treasury Shar,KRW,Custom Basket,MA8BQGMCYJV9F252,True
CUSTOM_BASKETS_LEVELS,Other / Review,Broad / Cross-sector,,Europe,GSCMARC2,GS Aramco Hedge,USD,Custom Basket,MA8C71N8A9DS75KX,True
CUSTOM_BASKETS_LEVELS,Other / Review,Broad / Cross-sector,,Europe,GSCMBAYH,GS Bayer Hedge,EUR,Custom Basket,MA8CHRC5SQWEV7VV,True
CUSTOM_BASKETS_LEVELS,Sector Factor,TMT / Tech,Value,Americas,GSTMBFVS,GS US TMT Value Short,USD,Custom Basket,MA8CJ3PBKJ3QQJ0F,False
CUSTOM_BASKETS_LEVELS,Theme,Broad / Cross-sector,China / Supply Chain,Americas,GSXASUPR,GS China Superconductors,USD,Custom Basket,MA8CN5QCRV6X77J9,False
CUSTOM_BASKETS_LEVELS,Theme,Broad / Cross-sector,China / Supply Chain,Asia,GSCB300P,GS China Basket,CNY,Custom Basket,MA8D3F51JP0123HC,False
CUSTOM_BASKETS_LEVELS,Other / Review,Broad / Cross-sector,,Asia,GSXAKLIS,GS Korea Liq. (HB) Short,KRW,Custom Basket,MA8D46HBQPK1P5E3,True
CUSTOM_BASKETS_LEVELS,Other / Review,Broad / Cross-sector,,Americas,GS24REPL,GS24 Rep Pol Outperform,USD,Custom Basket,MA8EM68XET4ACXKG,True
CUSTOM_BASKETS_LEVELS,Factor,Broad / Cross-sector,Beta,Europe,GSXEUKBS,UK Reactive Low Beta,GBP,Custom Basket,MA8EPQKT8VG415J9,False
CUSTOM_BASKETS_LEVELS,Other / Review,Broad / Cross-sector,,Asia,GSXAJRAR,GS Japan Rare Earth,JPY,Custom Basket,MA8EYNWVSM46BF59,True
CUSTOM_BASKETS_LEVELS,Other / Review,Financials,,Americas,GSXUMREF,GS US Margin Risk ex Fin,USD,Custom Basket,MA8F2VC58CCZ1Q1X,True
CUSTOM_BASKETS_LEVELS,Other / Review,Broad / Cross-sector,,Asia,GSXAICON,GS India Construction M.,INR,Custom Basket,MA8FX8CEHDYP05JP,True
CUSTOM_BASKETS_LEVELS,Theme,Broad / Cross-sector,China / Supply Chain,Asia,GSXACBPL,GS China Profit Long,CNH,Custom Basket,MA8G732AFEHM2Z5R,False
CUSTOM_BASKETS_LEVELS,Other / Review,Broad / Cross-sector,,Europe,GSCMAMAD,GS Amadeus Custom Hedge,EUR,Custom Basket,MA8GKY6MTQQS0G31,True
CUSTOM_BASKETS_LEVELS,Other / Review,Financials,,Americas,GSFINCYC,GS US Cyclical Financial,USD,Custom Basket,MA8GN108G7DCG5B7,True
CUSTOM_BASKETS_LEVELS,Other / Review,Broad / Cross-sector,,Europe,GSXEJAPN,GS EU Japan Exposed,EUR,Custom Basket,MA8HA2JY8NW2B9GD,True
CUSTOM_BASKETS_LEVELS,Other / Review,Broad / Cross-sector,,Europe,GSCBBKUK,GS UK Domestic Banks,GBP,Custom Basket,MA8HRDP7Q8QQGWRS,True
CUSTOM_BASKETS_LEVELS,Other / Review,Broad / Cross-sector,,Asia,GSCBHSI1,GS Custom Hong Kong,HKD,Custom Basket,MA8JDHXRCJCE85E7,True
CUSTOM_BASKETS_LEVELS,Other / Review,Broad / Cross-sector,,Americas,GSHLCGLP,GS Global HLC GLP Risk,USD,Custom Basket,MA8KX72C46XBRPWS,True
CUSTOM_BASKETS_LEVELS,Theme,Consumer,China / Supply Chain,Asia,GSXACCNE,GS China Cons & Engg,CNH,Custom Basket,MA8NGNFNTF2Z7EW4,False
CUSTOM_BASKETS_LEVELS,Other / Review,Broad / Cross-sector,,Americas,GSCBRGBK,Liquid Regional Banks,USD,Custom Basket,MA8PBZKW25T233TM,True
CUSTOM_BASKETS_LEVELS,Other / Review,Broad / Cross-sector,,Europe,GSXEFRIN,GS French Intl Exposure,EUR,Custom Basket,MA8PG4F37XMVZB9N,True
CUSTOM_BASKETS_LEVELS,Factor,Broad / Cross-sector,Beta,Europe,GSCBMIBS,EU Midcap Beta Short,EUR,Custom Basket,MA8PS6TXAKR08E0S,False
CUSTOM_BASKETS_LEVELS,Other / Review,Broad / Cross-sector,,Americas,GSXUDFNS,GS US Defense,USD,Custom Basket,MA8RW35M9KV3PNRA,True
CUSTOM_BASKETS_LEVELS,Other / Review,Broad / Cross-sector,,Europe,GSCMREYH,GS Reply SpA Hedge,EUR,Custom Basket,MA8TF5H8HXAXAC48,True
CUSTOM_BASKETS_LEVELS,Other / Review,Broad / Cross-sector,,Europe,GSCMALEG,GS Allegro Hedge,PLN,Custom Basket,MA8TH828Y5MCDTB2,True
CUSTOM_BASKETS_LEVELS,Factor,Broad / Cross-sector,Quality,Americas,GSXUBFNS,GS US Lo Earnings Qual,USD,Custom Basket,MA8THJFZ79T8SAG9,False
CUSTOM_BASKETS_LEVELS,Theme,Broad / Cross-sector,AI,Americas,GSCBAILC,GS US Large Cap AI,USD,Custom Basket,MA8TVMCYBPWBG7QQ,False
CUSTOM_BASKETS_LEVELS,Other / Review,Broad / Cross-sector,,Europe,GSCMHALE,GS Haleon Hedge,GBP,Custom Basket,MA8TWC3BXEY3CRB4,True
CUSTOM_BASKETS_LEVELS,Other / Review,Broad / Cross-sector,,Europe,GSXEBFWL,EU Pure Hi News Senti,EUR,Custom Basket,MA8V17NKYBW8H4V0,True
CUSTOM_BASKETS_LEVELS,Other / Review,Broad / Cross-sector,,Europe,GSCMHEXH,GS Hexagon Hedge,SEK,Custom Basket,MA8V3GZP6DMSJ1YY,True
CUSTOM_BASKETS_LEVELS,Sector Factor,Health Care,Crowding,Americas,GSHCWFCL,GS US HC Crowding Long,USD,Custom Basket,MA8VBGPK9QJJ0XG9,False
CUSTOM_BASKETS_LEVELS,Other / Review,Broad / Cross-sector,,Americas,GSXGBIOP,Global Bioprocessing,USD,Custom Basket,MA8VG6161YJYAX1D,True
CUSTOM_BASKETS_LEVELS,Other / Review,Broad / Cross-sector,,Americas,GSXGUKRA,Global Ukraine Rebuild,USD,Custom Basket,MA8VJKEH9FBHKE15,True
CUSTOM_BASKETS_LEVELS,Factor,Broad / Cross-sector,Momentum,Asia,GSXATMOL,GS Taiwan MOMO (HB) Long,TWD,Custom Basket,MA8VQK4QD6KCCHGQ,False
CUSTOM_BASKETS_LEVELS,Other / Review,Broad / Cross-sector,,Europe,GSCMNGLH,GS National Grid Hedge,GBP,Custom Basket,MA8VS211GDZ24JT6,True
CUSTOM_BASKETS_LEVELS,Other / Review,Broad / Cross-sector,,Americas,GSXADIRC,GS APAC Directors' Cut,USD,Custom Basket,MA8VV83Y16DQX5CR,True
CUSTOM_BASKETS_LEVELS,Other / Review,Broad / Cross-sector,,Europe,GSCMCBKG,GS Commerzbank Hedge,EUR,Custom Basket,MA8VY0YCR4GKYWQQ,True
CUSTOM_BASKETS_LEVELS,Factor,Broad / Cross-sector,Growth,Europe,GSXEBFGS,EU Low Growth (Barra),EUR,Custom Basket,MA8W776SMC7JWG1P,False
CUSTOM_BASKETS_LEVELS,Other / Review,Broad / Cross-sector,,Europe,GSCMIAGL,GS IAG LN Hedge,GBP,Custom Basket,MA8X1AW77TYW8GX7,True
CUSTOM_BASKETS_LEVELS,Other / Review,Broad / Cross-sector,,Europe,GSXECEMU,GS EU Core EU Exposure,EUR,Custom Basket,MA8X1X88JY22HQ1E,True
CUSTOM_BASKETS_LEVELS,Other / Review,Broad / Cross-sector,,Americas,GSXUTRVL,GS Travel ex Gaming,USD,Custom Basket,MA8XK5T1RWMCF0ET,True
CUSTOM_BASKETS_LEVELS,Other / Review,Broad / Cross-sector,,Europe,GSCMMKSH,GS Marks & Spencer Hedge,GBP,Custom Basket,MA8Y6E3P244MYG5W,True
CUSTOM_BASKETS_LEVELS,Other / Review,Broad / Cross-sector,,Americas,GSXAGENZ,GS Asia Gen-Z Spending,USD,Custom Basket,MA8YAKEZ4Q56AAWF,True
CUSTOM_BASKETS_LEVELS,Factor,Broad / Cross-sector,Growth,Americas,GSXUBGGS,GS US GEMLT Low Growth,USD,Custom Basket,MA8ZA9G3XPS5M9GD,False
CUSTOM_BASKETS_LEVELS,Other / Review,Broad / Cross-sector,,Europe,GSCMDOCS,GS Dr Martens Hedge,GBP,Custom Basket,MA8ZHKRQYSB46V9N,True
CUSTOM_BASKETS_LEVELS,Theme,Broad / Cross-sector,AI,Americas,GSXUPROD,GS US AI Productivity,USD,Custom Basket,MA8ZT5CTF7GTZDZF,False
CUSTOM_BASKETS_LEVELS,Other / Review,Broad / Cross-sector,,Europe,GSCBADNC,GS Custom Basket,USD,Custom Basket,MA8ZV2QCCR08PMDX,True
CUSTOM_BASKETS_LEVELS,Other / Review,Broad / Cross-sector,,Europe,GSXEFSTK,GS French Govt Held,EUR,Custom Basket,MA906TQ55577M8C1,True
CUSTOM_BASKETS_LEVELS,Other / Review,Broad / Cross-sector,,Europe,GSCMHBXH,GS HBX Group Hedge,EUR,Custom Basket,MA91VPD7T4RB440D,True
CUSTOM_BASKETS_LEVELS,Factor,Broad / Cross-sector,Volatility,Americas,GSXUBFRS,GS US Barra Low Res Vol,USD,Custom Basket,MA91Y5X1GWFTTERD,False
CUSTOM_BASKETS_LEVELS,Factor,Broad / Cross-sector,Momentum,Europe,GSXELMSA,GS Saudi Arabia Low Momo,SAR,Custom Basket,MA92A08X765SAFJQ,False
CUSTOM_BASKETS_LEVELS,Theme,Broad / Cross-sector,AI,Americas,GSCBBOTL,GS AI Bottlenecks,USD,Custom Basket,MA92M2JVNYCY4X6Q,False
CUSTOM_BASKETS_LEVELS,Factor,Broad / Cross-sector,Value,Americas,GSXACHVS,GS China Value Short,USD,Custom Basket,MA93P33FD922HD6R,False
CUSTOM_BASKETS_LEVELS,Other / Review,Broad / Cross-sector,,Asia,GSXAJBTS,GS JP Barra Sentiment Sh,JPY,Custom Basket,MA93TP0TKH64RNR2,True
CUSTOM_BASKETS_LEVELS,Factor,Broad / Cross-sector,Growth,Americas,GSXACWIN,GS China Growth Winners,USD,Custom Basket,MA945EH3DHQ422RQ,False
CUSTOM_BASKETS_LEVELS,Factor,Broad / Cross-sector,Growth,Americas,GSXAPEGS,GS APeJC Growth Short,USD,Custom Basket,MA945N5B7END0DV4,False
CUSTOM_BASKETS_LEVELS,Other / Review,Broad / Cross-sector,,Europe,GSXEPBAN,GS Periphery EU Banks,EUR,Custom Basket,MA9585H857S8772H,True
CUSTOM_BASKETS_LEVELS,Other / Review,Broad / Cross-sector,,Europe,GSXECEMA,GS EU CEEMEA Exposure,EUR,Custom Basket,MA95DER601TD5N22,True
CUSTOM_BASKETS_LEVELS,Other / Review,Broad / Cross-sector,,Americas,GSXUTRUK,GSXUTRUK,USD,Custom Basket,MA95GT5T2JSCN9T5,True
CUSTOM_BASKETS_LEVELS,Other / Review,Broad / Cross-sector,,Europe,GSCMAZEH,GS Azelis Hedge,EUR,Custom Basket,MA963HFS07HG6S42,True
CUSTOM_BASKETS_LEVELS,Factor,Broad / Cross-sector,Momentum,Americas,GSXUBFML,GS US Barra Hi Momentum,USD,Custom Basket,MA96T82QWM9G775F,False
CUSTOM_BASKETS_LEVELS,Other / Review,Broad / Cross-sector,,Americas,GSCBFOWN,GS US Foreign Ownership,USD,Custom Basket,MA9709702NZPCN3W,True
CUSTOM_BASKETS_LEVELS,Other / Review,Broad / Cross-sector,,Europe,GSCMLSEL,GS LSEG Hedge,GBP,Custom Basket,MA972K96BH7WQS6B,True
CUSTOM_BASKETS_LEVELS,Other / Review,Broad / Cross-sector,,Europe,GSXEBFAS,EU Pure Lo Earn Variabil,EUR,Custom Basket,MA978JN1ZQSX2PNA,True
CUSTOM_BASKETS_LEVELS,Other / Review,Materials,,Americas,GSXUMATR,GS US Materials,USD,Custom Basket,MA98V2MWEV46QP3D,True
CUSTOM_BASKETS_LEVELS,Factor,Broad / Cross-sector,Quality,Europe,GSXELQLT,GS EU Low Quality,EUR,Custom Basket,MA9A0H1BMWA683S3,False
CUSTOM_BASKETS_LEVELS,Other / Review,Broad / Cross-sector,,Europe,GSCBTRYD,GS Turkey Domestics TRY,TRY,Custom Basket,MA9AW057HYHXBPF1,True
CUSTOM_BASKETS_LEVELS,Theme,Broad / Cross-sector,China / Supply Chain,Asia,GSCBSHCB,GS China-H Brokerages,HKD,Custom Basket,MA9B1043H94C3EFH,False
CUSTOM_BASKETS_LEVELS,Other / Review,Broad / Cross-sector,,Americas,GSXFBZHQ,Brazil HQ Domestics,BRL,Custom Basket,MA9B8TFYVF67D7MS,True
CUSTOM_BASKETS_LEVELS,Other / Review,Broad / Cross-sector,,Americas,GSXUSTAY,GS US Stay at Home,USD,Custom Basket,MA9B9TEMQ2RW16K9,True
CUSTOM_BASKETS_LEVELS,Other / Review,Broad / Cross-sector,,Asia,GSCB500N,GS Optimized CN Basket,CNY,Custom Basket,MA9BY5975T74ES7M,True
CUSTOM_BASKETS_LEVELS,Theme,Broad / Cross-sector,China / Supply Chain,Asia,GSCBCROH,GS China-H Robotics,HKD,Custom Basket,MA9BYEAF2H4XPVW8,False
CUSTOM_BASKETS_LEVELS,Theme,Broad / Cross-sector,China / Supply Chain,Asia,GSXACMEM,GS China Memory,CNH,Custom Basket,MA9CA2749GPSQ6AM,False
CUSTOM_BASKETS_LEVELS,Other / Review,Broad / Cross-sector,,Europe,GSCBGERM,DAX ex-GSXEGFSC,EUR,Custom Basket,MA9CXHFDF3D380CH,True
CUSTOM_BASKETS_LEVELS,Other / Review,Broad / Cross-sector,,Americas,GSXUHIFL,GS High Floating Rt Debt,USD,Custom Basket,MA9DAVJA3G1K40VK,True
CUSTOM_BASKETS_LEVELS,Other / Review,Broad / Cross-sector,,Europe,GSXEBFXS,EU Pure Lo x-EU Eco Expo,EUR,Custom Basket,MA9DWYJ2W6G3MZB4,True
CUSTOM_BASKETS_LEVELS,Factor,Broad / Cross-sector,Leverage,Americas,GSXUWFLL,GS US Wolfe Hi Leverage,USD,Custom Basket,MA9E1FSZ616H9B11,False
CUSTOM_BASKETS_LEVELS,Theme,Broad / Cross-sector,Clean Energy / ESG,Europe,GSXAESGL,GS Japan High ESG,JPY,Custom Basket,MA9E9M0789FEAVH3,False
CUSTOM_BASKETS_LEVELS,Other / Review,Broad / Cross-sector,,Europe,GSCMTHGL,GSCMTHGL,GBP,Custom Basket,MA9F1XY7BZXX1Q2R,True
CUSTOM_BASKETS_LEVELS,Theme,Broad / Cross-sector,Reopening / Reflation,Americas,GSXFOPEN,GS EM (xChina) Reopening,USD,Custom Basket,MA9F8JAA2YQGQDAA,False
CUSTOM_BASKETS_LEVELS,Other / Review,Broad / Cross-sector,,Europe,GSCBVIVH,GS Vivendi Hedge,EUR,Custom Basket,MA9FHHWV1920MMPV,True
CUSTOM_BASKETS_LEVELS,Theme,Broad / Cross-sector,Healthcare Innovation,Europe,GSXEPHAR,GS EU Pharmaceuticals,EUR,Custom Basket,MA9FN8M9DYF28ATY,False
CUSTOM_BASKETS_LEVELS,Other / Review,Broad / Cross-sector,,Europe,GSXFCEXM,GS CEEMEA ex MENA Banks,USD,Custom Basket,MA9GP6NDECHQ8ZSX,True
CUSTOM_BASKETS_LEVELS,Other / Review,Broad / Cross-sector,,Global,GSCBAUSM,GS Australia SMID,AUD,Custom Basket,MA9HE570P3JF9W4M,True
CUSTOM_BASKETS_LEVELS,Other / Review,Broad / Cross-sector,,Europe,GSCMHFER,GS Ferrari Hedge,EUR,Custom Basket,MA9HHCZ5TADXD1YE,True
CUSTOM_BASKETS_LEVELS,Other / Review,Broad / Cross-sector,,Europe,GSCMCVSH,GS CVS Group Hedge,GBP,Custom Basket,MA9HT61WSTZ0WPDC,True
CUSTOM_BASKETS_LEVELS,Other / Review,Broad / Cross-sector,,Asia,GSCBKRMS,GS Korea Hedge,KRW,Custom Basket,MA9HZNVS6Q60QHQG,True
CUSTOM_BASKETS_LEVELS,Other / Review,Broad / Cross-sector,,Europe,GSCBAUMF,GS EU Auto Manufacturers,EUR,Custom Basket,MA9HZYPZ2PBV6HRF,True
CUSTOM_BASKETS_LEVELS,Other / Review,Broad / Cross-sector,,Europe,GSCBTRYE,GS Turkey Exporters TRY,TRY,Custom Basket,MA9JWPA97KHJQN8S,True
CUSTOM_BASKETS_LEVELS,Other / Review,Real Estate,,Europe,GSCBSSRE,GS Sweden Real Estate,EUR,Custom Basket,MA9K5N1R8PZCPEXA,True
CUSTOM_BASKETS_LEVELS,Theme,Broad / Cross-sector,China / Supply Chain,Asia,GSCBHAIH,GS China Hedge,HKD,Custom Basket,MA9K5WZSVNCY8050,False
CUSTOM_BASKETS_LEVELS,Other / Review,Broad / Cross-sector,,Americas,GSXUHYPR,GS US Hyperscalers,USD,Custom Basket,MA9KGZ6VSCBDGFP0,True
CUSTOM_BASKETS_LEVELS,Other / Review,Broad / Cross-sector,,Europe,GSCMSUEZ,GSCMSUEZ,EUR,Custom Basket,MA9KVQDFP340VDDS,True
CUSTOM_BASKETS_LEVELS,Factor,Broad / Cross-sector,Growth,Europe,GSXFCEGR,GS CEEMEA Dom Growth,USD,Custom Basket,MA9MMHPN42N1M0P8,False
CUSTOM_BASKETS_LEVELS,Other / Review,Broad / Cross-sector,,Europe,GSCMMAER,GS Maersk Hedge,EUR,Custom Basket,MA9MNEQ4Y8FP1RSB,True
CUSTOM_BASKETS_LEVELS,Other / Review,Consumer,,Americas,GSXUSTAP,GS US Consumer Staples,USD,Custom Basket,MA9NJ1TMYHWFRPDE,True
CUSTOM_BASKETS_LEVELS,Theme,Broad / Cross-sector,AI,Americas,GSXAAIPH,GS APAC Physical AI,USD,Custom Basket,MA9PB8N8RHXM6E20,False
CUSTOM_BASKETS_LEVELS,Factor,Broad / Cross-sector,Size,Europe,GSXEBFZS,GS EU Size Short 2,EUR,Custom Basket,MA9PFQEK3B0QS7QR,False
CUSTOM_BASKETS_LEVELS,Other / Review,Broad / Cross-sector,,Europe,GSCMEQTH,GS EQT Hedge,SEK,Custom Basket,MA9PGD5H5NKET9KP,True
CUSTOM_BASKETS_LEVELS,Other / Review,Broad / Cross-sector,,Asia,GSXAKAUT,GS Korea Autos,KRW,Custom Basket,MA9Q25BJEQNYH3PE,True
CUSTOM_BASKETS_LEVELS,Sector Factor,Consumer,Momentum,Americas,GSCNBFML,GS US Consumer Momo Long,USD,Custom Basket,MA9Q3X9NJEJJATB2,False
CUSTOM_BASKETS_LEVELS,Other / Review,Broad / Cross-sector,,Europe,GSCBCYUK,GS Custom UK Cyclicals,GBP,Custom Basket,MA9QARKH4FGPCJVP,True
CUSTOM_BASKETS_LEVELS,Other / Review,Broad / Cross-sector,,Europe,GSXECOMO,GS EU Commods (ex Gold),EUR,Custom Basket,MA9QB4Z0F1X3EKNH,True
CUSTOM_BASKETS_LEVELS,Other / Review,Broad / Cross-sector,,Europe,GSCMSKFH,GS SKF Hedge,SEK,Custom Basket,MA9R00A5DP35KBV2,True
CUSTOM_BASKETS_LEVELS,Theme,Broad / Cross-sector,China / Supply Chain,Asia,GSXACSMS,GS China Smartphone Sup.,CNH,Custom Basket,MA9R04YN2ZZE9FXZ,False
CUSTOM_BASKETS_LEVELS,Sector Factor,Consumer,Momentum,Europe,GSXEBMSC,EU Consumer Momo Short,EUR,Custom Basket,MA9RH2WSHWSHSDXF,False
CUSTOM_BASKETS_LEVELS,Theme,Broad / Cross-sector,Reopening / Reflation,Europe,GSXEREFL,GS EU Reflation,EUR,Custom Basket,MA9RHGBCGE9G5VHW,False
CUSTOM_BASKETS_LEVELS,Other / Review,Broad / Cross-sector,,Europe,GSCMCLNH,GS Cellnex Hedge,EUR,Custom Basket,MA9RKW4TWS51WMX1,True
CUSTOM_BASKETS_LEVELS,Other / Review,Broad / Cross-sector,,Americas,GSCMSPY7,Top 500 ex Top 7,USD,Custom Basket,MA9S65MGARGEN40Q,True
CUSTOM_BASKETS_LEVELS,Other / Review,Broad / Cross-sector,,Europe,GSCBNYEW,GS EU Custom Basket,EUR,Custom Basket,MA9SXX4REWWQTGYX,True
CUSTOM_BASKETS_LEVELS,Other / Review,Broad / Cross-sector,,Asia,GSXAHK7S,GS Hong Kong 7s,HKD,Custom Basket,MA9TH4EA1935JCVZ,True
CUSTOM_BASKETS_LEVELS,Factor,Broad / Cross-sector,Growth,Americas,GSCBHGHM,GS Hi Growth Hi Margin,USD,Custom Basket,MA9V0P0Q6MGR127F,False
CUSTOM_BASKETS_LEVELS,Other / Review,Broad / Cross-sector,,Asia,GSXAKCOO,GS Cool Korea,KRW,Custom Basket,MA9V8JAA62XZD9ES,True
CUSTOM_BASKETS_LEVELS,Other / Review,Energy,,Americas,GSENEERC,GS US Energy ERCOT Exp.,USD,Custom Basket,MA9VNY07EREF425D,True
CUSTOM_BASKETS_LEVELS,Other / Review,Broad / Cross-sector,,Europe,GSCMAIRH,GS Airbus Hedge,EUR,Custom Basket,MA9VRCDF5WYF0ZJ7,True
CUSTOM_BASKETS_LEVELS,Factor,Broad / Cross-sector,Momentum,Americas,GSCBMXAL,GS Asia MOMO Long ex AI,USD,Custom Basket,MA9WQ0820F72K55Q,False
CUSTOM_BASKETS_LEVELS,Other / Review,Broad / Cross-sector,,Americas,GSCMDFSH,Flagship Hedge Basket,USD,Custom Basket,MA9X5ZYPQN9W3G8T,True
CUSTOM_BASKETS_LEVELS,Other / Review,Broad / Cross-sector,,Americas,GSCMNVEI,Flagship NVEI Hedge,USD,Custom Basket,MA9XNJ12WE5YDKN5,True
CUSTOM_BASKETS_LEVELS,Factor,Broad / Cross-sector,Momentum,Americas,GSXULMOM,High Beta Momentum Short,USD,Custom Basket,MA9XXQFSTDJ1GYXM,False
CUSTOM_BASKETS_LEVELS,Theme,Broad / Cross-sector,China / Supply Chain,Asia,GSXACSOH,GS China SOE - CNH,CNH,Custom Basket,MA9Y4PYAY1TBK9DN,False
CUSTOM_BASKETS_LEVELS,Other / Review,Broad / Cross-sector,,Europe,GSCMANEH,GS Acciona Hedge,EUR,Custom Basket,MA9Y6F1YEXRBVXB8,True
CUSTOM_BASKETS_LEVELS,Other / Review,Broad / Cross-sector,,Asia,GSXATPOW,GS Taiwan Power Up,TWD,Custom Basket,MA9ZENQ86923S408,True
CUSTOM_BASKETS_LEVELS,Other / Review,Broad / Cross-sector,,Europe,GSCMLIST,EU Relisting Candidates,EUR,Custom Basket,MA9ZKGFC1RW8PESY,True
CUSTOM_BASKETS_LEVELS,Other / Review,TMT / Tech,,Asia,GSXAHKBT,GS Hong Kong Big Tech,HKD,Custom Basket,MA9ZTR20QFWNKQ8Z,True
CUSTOM_BASKETS_LEVELS,Factor,Broad / Cross-sector,Growth,Americas,GSXUWFGL,GS US Wolfe High Growth,USD,Custom Basket,MAA0038RJEY22N64,False
CUSTOM_BASKETS_LEVELS,Other / Review,Broad / Cross-sector,,Americas,GSXAROBO,GS APAC Robots,USD,Custom Basket,MAA098JTXVAB4FDG,True
CUSTOM_BASKETS_LEVELS,Other / Review,Broad / Cross-sector,,Europe,GSCMIOSH,GS Ionos Hedge,EUR,Custom Basket,MAA1EYH0RAYSBB7J,True
CUSTOM_BASKETS_LEVELS,Other / Review,Broad / Cross-sector,,Europe,GSCMBREH,GS Brembo Hedge,EUR,Custom Basket,MAA1GZAMP75EBDG0,True
CUSTOM_BASKETS_LEVELS,Other / Review,Broad / Cross-sector,,Asia,GSXAHKBI,GS Hong Kong BioTech,HKD,Custom Basket,MAA1X6JJV6H0PP7J,True
CUSTOM_BASKETS_LEVELS,Theme,Broad / Cross-sector,China / Supply Chain,Asia,GSXABASC,GS China BABA Sply Chain,CNH,Custom Basket,MAA28AANE8FXVZNW,False
CUSTOM_BASKETS_LEVELS,Other / Review,Energy,,Europe,GSCMENRH,GS Siemens Energy Hedge,EUR,Custom Basket,MAA29Y0B17GVWBC0,True
CUSTOM_BASKETS_LEVELS,Theme,Broad / Cross-sector,China / Supply Chain,Asia,GSXACHAM,GS China-H Auto Manufact,HKD,Custom Basket,MAA2P51HNCP1DWGM,False
CUSTOM_BASKETS_LEVELS,Theme,Real Estate,China / Supply Chain,Americas,GSCBCRSP,GS Sol China Real Estate,USD,Custom Basket,MAA2QQ2SS2M33CK7,False
CUSTOM_BASKETS_LEVELS,Other / Review,Broad / Cross-sector,,Europe,GSCMIDRH,GS Indra Sistemas Hedge,EUR,Custom Basket,MAA3EMJ1YQZ6CN1V,True
CUSTOM_BASKETS_LEVELS,Other / Review,Broad / Cross-sector,,Europe,GSCMABGH,GS Absa Hedge,ZAR,Custom Basket,MAA4HR6T509VTN6Q,True
CUSTOM_BASKETS_LEVELS,Theme,Broad / Cross-sector,Rates Sensitivity,Europe,GSCBLDUR,GS EU Long Duration Cust,EUR,Custom Basket,MAA4KCY1ASF1FDWT,False
CUSTOM_BASKETS_LEVELS,Theme,Broad / Cross-sector,Reopening / Reflation,Americas,GSXUREFL,GS Reflation,USD,Custom Basket,MAA51T5GQZWZQW0C,False
CUSTOM_BASKETS_LEVELS,Theme,Broad / Cross-sector,Reopening / Reflation,Americas,GSCBCNRO,GS Custom CN Reopening,USD,Custom Basket,MAA5CDB4M4AJRGCW,False
CUSTOM_BASKETS_LEVELS,Other / Review,Broad / Cross-sector,,Asia,GSXATSTL,GS Taiwan Satellites,TWD,Custom Basket,MAA5DADVTZTH5EM6,True
CUSTOM_BASKETS_LEVELS,Other / Review,Broad / Cross-sector,,Europe,GSCMBARC,GS Barclays Global Hedge,GBP,Custom Basket,MAA5EFJ9RVZYWSKF,True
CUSTOM_BASKETS_LEVELS,Factor,Broad / Cross-sector,Dividend / Yield,Americas,GSXUBFES,GS US Lo Earnings Yield,USD,Custom Basket,MAA5KQCWPK1VV5Q6,False
CUSTOM_BASKETS_LEVELS,Other / Review,Broad / Cross-sector,,Americas,GSCMRALT,GS Ralliant Hedge,USD,Custom Basket,MAA658C88XT8BM47,True
CUSTOM_BASKETS_LEVELS,Theme,Energy,AI,Europe,GSCBBOTX,AI Bottlenecks ex Energy,USD,Custom Basket,MAA6M9NADRGS68X4,False
CUSTOM_BASKETS_LEVELS,Other / Review,Financials,,Americas,GSFINTEC,GS Fintech Basket,USD,Custom Basket,MAA6THR05ZCCCET8,True
CUSTOM_BASKETS_LEVELS,Other / Review,Broad / Cross-sector,,Americas,GSXUBFTS,GS US Barra Low LTR,USD,Custom Basket,MAA8W3ZMK7CT23TB,True
CUSTOM_BASKETS_LEVELS,Other / Review,Broad / Cross-sector,,Europe,GSCMCOFH,GS Cofinimmo Hedge,EUR,Custom Basket,MAA9171AGJY2QDAQ,True
CUSTOM_BASKETS_LEVELS,Factor,Broad / Cross-sector,Size,Europe,GSCBMISL,EU Midcap Size Long,EUR,Custom Basket,MAA9HGTAYSW3K8W1,False
CUSTOM_BASKETS_LEVELS,Other / Review,Broad / Cross-sector,,Europe,GSCMNWGL,GS Natwest Hedge,GBP,Custom Basket,MAA9HZ8ZXKJ5FMVP,True
CUSTOM_BASKETS_LEVELS,Other / Review,Broad / Cross-sector,,Americas,GSCBMASR,GS Margin of Safety Rel,USD,Custom Basket,MAA9P2F8DQR5SSVD,True
CUSTOM_BASKETS_LEVELS,Factor,Broad / Cross-sector,Growth,Americas,GSXUBGGL,GS US GEMLT High Growth,USD,Custom Basket,MAA9VH0P27GNZWHA,False
CUSTOM_BASKETS_LEVELS,Theme,Broad / Cross-sector,Reopening / Reflation,Americas,GSXARCOV,GS Asia Recovery,USD,Custom Basket,MAA9VZF9WX6YN0Y6,False
CUSTOM_BASKETS_LEVELS,Theme,Broad / Cross-sector,Retail / Meme,Americas,GSXURFAV,Retail Favorites,USD,Custom Basket,MAABPSREDV5RX4R7,False
CUSTOM_BASKETS_LEVELS,Factor,Broad / Cross-sector,Liquidity,Europe,GSXEBFLS,EU Pure Low Liquidity,EUR,Custom Basket,MAACS38FS0K9HCM3,False
CUSTOM_BASKETS_LEVELS,Other / Review,Broad / Cross-sector,,Americas,GSCBLITH,Lithium Miners,USD,Custom Basket,MAAD1C78NB1639ZB,True
CUSTOM_BASKETS_LEVELS,Other / Review,Broad / Cross-sector,,Europe,GSXESWIN,GS Swedish International,SEK,Custom Basket,MAAD24EG8EGVJFS3,True
CUSTOM_BASKETS_LEVELS,Other / Review,Broad / Cross-sector,,Europe,GSXEITBK,GS Italian Banks,EUR,Custom Basket,MAAD9SFC5K02D4Z2,True
CUSTOM_BASKETS_LEVELS,Theme,Broad / Cross-sector,China / Supply Chain,Americas,GSXACHDE,GS China Defense,USD,Custom Basket,MAADC2ND4Z4RAC69,False
CUSTOM_BASKETS_LEVELS,Other / Review,Consumer,,Europe,GSXEFEST,GS German Consumer Exp,EUR,Custom Basket,MAADXZXPEKWNAFX2,True
CUSTOM_BASKETS_LEVELS,Other / Review,Broad / Cross-sector,,Europe,GSCMHSVH,GS HomeServe Hedge,GBP,Custom Basket,MAAE2X0QWSK01RXR,True
CUSTOM_BASKETS_LEVELS,Other / Review,Consumer,,Americas,GSXUCOND,GS US Consumer Disc.,USD,Custom Basket,MAAE5S2GSCW1YSVW,True
CUSTOM_BASKETS_LEVELS,Theme,Broad / Cross-sector,China / Supply Chain,Americas,GSXACSRE,GS China Sharehol Return,USD,Custom Basket,MAAEE3G8F3RE2HYC,False
CUSTOM_BASKETS_LEVELS,Other / Review,Broad / Cross-sector,,Europe,GSXGCRIM,GS Critical Minerals,USD,Custom Basket,MAAF2RDS3KS47BNY,True
CUSTOM_BASKETS_LEVELS,Other / Review,Broad / Cross-sector,,Europe,GSCMDOCM,GSCMDOCM,GBP,Custom Basket,MAAG9CEY40HKFGH8,True
CUSTOM_BASKETS_LEVELS,Theme,Broad / Cross-sector,China / Supply Chain,Americas,GSXACRNW,GS China Renewables,USD,Custom Basket,MAAH2XV00PAXEJ70,False
CUSTOM_BASKETS_LEVELS,Other / Review,Broad / Cross-sector,,Asia,GSXAAUSB,GS Australia Strong B/S,AUD,Custom Basket,MAAH9DBAAB2P8ED7,True
CUSTOM_BASKETS_LEVELS,Other / Review,Broad / Cross-sector,,Americas,GSXAAIRL,GS APAC Airlines,USD,Custom Basket,MAAHM8X6VT5C14CW,True
CUSTOM_BASKETS_LEVELS,Factor,Broad / Cross-sector,Volatility,Asia,GSCBCENV,GS CH Energ Sec Low Vol,CNH,Custom Basket,MAAJJ0VVSSKJX8DT,False
CUSTOM_BASKETS_LEVELS,Other / Review,Broad / Cross-sector,,Americas,GS24REP2,GS Republican ex Commods,USD,Custom Basket,MAAJTQQ5CPHDBA6K,True
CUSTOM_BASKETS_LEVELS,Other / Review,Broad / Cross-sector,,Asia,GSCBTREI,GS Japan REITs,JPY,Custom Basket,MAAJTZR4NZ5PE0KY,True
CUSTOM_BASKETS_LEVELS,Factor,Broad / Cross-sector,Momentum,Europe,GSXELMO3,EU 3M Momo (Losers),EUR,Custom Basket,MAAMGVMFY0QES8CK,False
CUSTOM_BASKETS_LEVELS,Other / Review,Broad / Cross-sector,,Asia,GSCBJXAB,GS JP Corp Gov. Trifecta,JPY,Custom Basket,MAANVCN0D5HP9XFV,True
CUSTOM_BASKETS_LEVELS,Other / Review,Broad / Cross-sector,,Americas,GSXUMFTS,GS Short-Term Low Mo,USD,Custom Basket,MAAP4ZHCH7HMBYBT,True
CUSTOM_BASKETS_LEVELS,Theme,TMT / Tech,AI,Americas,GSTMTAIS,GS AI Software,USD,Custom Basket,MAAP9KS5YJZBCMRZ,False
CUSTOM_BASKETS_LEVELS,Theme,Broad / Cross-sector,Balance Sheet Strength,Americas,GSBZWBAL,BZ Weak Balance Sheet,USD,Custom Basket,MAAPBGASRT47GRVQ,False
CUSTOM_BASKETS_LEVELS,Factor,Broad / Cross-sector,Quality,Americas,GSXULOWQ,GS US Low Quality,USD,Custom Basket,MAAPNMVXJKX6YKGB,False
CUSTOM_BASKETS_LEVELS,Factor,Broad / Cross-sector,Beta,Americas,GSXUBABS,GS US Barra Low Beta,USD,Custom Basket,MAAQFT0R7KAT2GPZ,False
CUSTOM_BASKETS_LEVELS,Other / Review,Broad / Cross-sector,,Americas,GSCBBZEX,BZ Enhanced ex HTB,BRL,Custom Basket,MAAQMRG709HMV8X3,True
CUSTOM_BASKETS_LEVELS,Other / Review,Broad / Cross-sector,,Americas,GSCBPMET,GS US Metaverse (PWM),USD,Custom Basket,MAAQSJ8E5BR7BTQQ,True
CUSTOM_BASKETS_LEVELS,Theme,Broad / Cross-sector,China / Supply Chain,Americas,GSXACPRO,GS China Prosperity,USD,Custom Basket,MAARXDCJY8DAKXVR,False
CUSTOM_BASKETS_LEVELS,Other / Review,Broad / Cross-sector,,Europe,GSCMGVSH,GS GVS Custom Hedge,EUR,Custom Basket,MAAS0RHR8Q12Z3Z8,True
CUSTOM_BASKETS_LEVELS,Other / Review,Financials,,Americas,GSFINLIF,GS Fins Life Insurance,USD,Custom Basket,MAATAZYP53EGD3DG,True
CUSTOM_BASKETS_LEVELS,Factor,Broad / Cross-sector,Growth,Asia,GSXACBGS,GS China Barra Growth Sh,CNH,Custom Basket,MAATHA2H95N6H1S0,False
CUSTOM_BASKETS_LEVELS,Other / Review,Health Care,,Europe,GSXEPHCP,GS EU Public Health Care,EUR,Custom Basket,MAATPF0WHTFPMK3S,True
CUSTOM_BASKETS_LEVELS,Other / Review,Broad / Cross-sector,,Americas,GSGLBZMC,Brazil Mid Caps,USD,Custom Basket,MAATSFTKPSE81AAE,True
CUSTOM_BASKETS_LEVELS,Other / Review,Broad / Cross-sector,,Europe,GSCMTABH,GS Tab Gida Sanayi Hedge,TRY,Custom Basket,MAAV6HFVFV694RPE,True
CUSTOM_BASKETS_LEVELS,Theme,Broad / Cross-sector,Reopening / Reflation,Americas,GSXAREFL,GS Asia Reflation,USD,Custom Basket,MAAVAEER3SYSNEY9,False
CUSTOM_BASKETS_LEVELS,Other / Review,Broad / Cross-sector,,Europe,GSXGSEED,GS Global Ag Seed & Fert,USD,Custom Basket,MAAVCP8YYRMP5MRZ,True
CUSTOM_BASKETS_LEVELS,Other / Review,Financials,,Americas,GSFINDEF,GS US Fins Defensives,USD,Custom Basket,MAAWACP9GWSBTGFP,True
CUSTOM_BASKETS_LEVELS,Other / Review,Broad / Cross-sector,,Europe,GSCMSWMH,GS Swedish Match Hedge,SEK,Custom Basket,MAAWGE5KS3SNGGK9,True
CUSTOM_BASKETS_LEVELS,Other / Review,Broad / Cross-sector,,Europe,GSCMSILT,GS Siltronic Hedge,EUR,Custom Basket,MAAX3965XA2FRK41,True
CUSTOM_BASKETS_LEVELS,Other / Review,Broad / Cross-sector,,Asia,GSCBJBSW,GS Japan Weak B/S,JPY,Custom Basket,MAAX62FYXVMT639M,True
CUSTOM_BASKETS_LEVELS,Other / Review,Broad / Cross-sector,,Asia,GSXAJPAM,GS JP Auto Manufacturers,JPY,Custom Basket,MAAYQTTGXMHH1GCS,True
CUSTOM_BASKETS_LEVELS,Other / Review,Broad / Cross-sector,,Europe,GSCMGXIH,GS Gerresheimer Hedge,EUR,Custom Basket,MAAZGBRND6RP0N4K,True
CUSTOM_BASKETS_LEVELS,Sector Factor,Consumer,Growth,Americas,GSCNBFGL,GS US Cons Growth Long,USD,Custom Basket,MAAZN61RFQV50GTA,False
CUSTOM_BASKETS_LEVELS,Other / Review,Broad / Cross-sector,,Europe,GSCMENGF,GS Engie Hedge,EUR,Custom Basket,MAB0GPZ6PV6CB7DZ,True
CUSTOM_BASKETS_LEVELS,Other / Review,Broad / Cross-sector,,Europe,GSCMSGSN,GS SGS SA Custom Hedge,CHF,Custom Basket,MAB0HFSEXQ1D7VZQ,True
CUSTOM_BASKETS_LEVELS,Other / Review,Broad / Cross-sector,,Europe,GSCBGLLI,GS Global Lithium,USD,Custom Basket,MAB0R8GC8530YMWY,True
CUSTOM_BASKETS_LEVELS,Other / Review,Broad / Cross-sector,,Europe,GSCMSGEH,GS Sage Group Hedge,GBP,Custom Basket,MAB0W3F70WZS21ZS,True
CUSTOM_BASKETS_LEVELS,Factor,Broad / Cross-sector,Value,Americas,GSXAPEVL,GS APEJC Value Long,USD,Custom Basket,MAB0WN5SFNQAJ0X6,False
CUSTOM_BASKETS_LEVELS,Factor,Broad / Cross-sector,Profitability,Americas,GSXUBFPS,GS US Barra Low Prof,USD,Custom Basket,MAB17YCJPQTF8Y2S,False
CUSTOM_BASKETS_LEVELS,Theme,Broad / Cross-sector,China / Supply Chain,Americas,GSXACINO,GS China Innovation,USD,Custom Basket,MAB1MTBYXWE1PZ3E,False
CUSTOM_BASKETS_LEVELS,Factor,Broad / Cross-sector,Leverage,Americas,GSXUWFLS,GS US Wolfe Low Leverage,USD,Custom Basket,MAB1SK6MT4V23FR8,False
CUSTOM_BASKETS_LEVELS,Other / Review,Broad / Cross-sector,,Global,GSCBAUMH,GS AU Mining Hedge,AUD,Custom Basket,MAB2C72Q4SW569FH,True
CUSTOM_BASKETS_LEVELS,Other / Review,Energy,,Americas,GSENEPWH,GS US Power Hedge,USD,Custom Basket,MAB2QKSBEFFBCHAP,True
CUSTOM_BASKETS_LEVELS,Other / Review,Real Estate,,Asia,GSCBIJRE,GS Custom JP Real Estate,JPY,Custom Basket,MAB4DD060AQ04V9V,True
CUSTOM_BASKETS_LEVELS,Factor,Broad / Cross-sector,Momentum,Asia,GSXAHBML,GS Hong Kong MOMO Long,HKD,Custom Basket,MAB4NBW35E99KPPG,False
CUSTOM_BASKETS_LEVELS,Other / Review,Broad / Cross-sector,,Americas,GSXUBGEL,GS US GEMLT Hi Earnings,USD,Custom Basket,MAB5T7SYWF40S4EA,True
CUSTOM_BASKETS_LEVELS,Factor,Broad / Cross-sector,Value,Americas,GSXAPEVS,GS APEJC Value Short,USD,Custom Basket,MAB5VFZHSGNY97Z4,False
CUSTOM_BASKETS_LEVELS,Factor,Broad / Cross-sector,Beta,Asia,GSCBJLOB,GS Japan Low Beta,JPY,Custom Basket,MAB5ZFJDA7H91554,False
CUSTOM_BASKETS_LEVELS,Other / Review,Broad / Cross-sector,,Americas,GSXGEVBA,GS EV & Battery Basket,USD,Custom Basket,MAB65287JCRP4A95,True
CUSTOM_BASKETS_LEVELS,Other / Review,Broad / Cross-sector,,Europe,GSXEUKFI,GS UK Fiscal Stimulus,GBP,Custom Basket,MAB6AEJ2E2A6K3W2,True
CUSTOM_BASKETS_LEVELS,Sector Factor,Financials,Beta,Americas,GSFIBFBS,GS US Fin Beta Short,USD,Custom Basket,MAB6AFRXZHP1KMNS,False
CUSTOM_BASKETS_LEVELS,Theme,Financials,China / Supply Chain,Asia,GSXACHFI,GS China-H Fins ex Banks,HKD,Custom Basket,MAB6AM7ZAC7VCC1E,False
CUSTOM_BASKETS_LEVELS,Other / Review,Broad / Cross-sector,,Americas,GSXUDFLT,GS Hi Prob of Default,USD,Custom Basket,MAB6MCP3AY89JXAG,True
CUSTOM_BASKETS_LEVELS,Other / Review,Broad / Cross-sector,,Americas,GSXFBWRK,GS BZ Workers' Policies,USD,Custom Basket,MAB768F1916JJ6CJ,True
CUSTOM_BASKETS_LEVELS,Other / Review,TMT / Tech,,Americas,GSTMTENT,GS Tech for Enterprise,USD,Custom Basket,MAB85QMNKYTJ16YQ,True
CUSTOM_BASKETS_LEVELS,Factor,Broad / Cross-sector,Momentum,Asia,GSXAMFMS,GS Japan Momentum Short,JPY,Custom Basket,MAB8VV465MCS7WDT,False
CUSTOM_BASKETS_LEVELS,Theme,Broad / Cross-sector,China / Supply Chain,Americas,GSXACHEU,GS China CHEERS,USD,Custom Basket,MAB92DB3P98YPW2H,False
CUSTOM_BASKETS_LEVELS,Theme,Broad / Cross-sector,China / Supply Chain,Asia,GSXACHHD,GS China High Divs,CNH,Custom Basket,MAB9BK6HYG8D90Q1,False
CUSTOM_BASKETS_LEVELS,Other / Review,Health Care,,Americas,GSHCWFIL,GS US HC Short Int Long,USD,Custom Basket,MABAG3KFCYV2AWA7,True
CUSTOM_BASKETS_LEVELS,Factor,Broad / Cross-sector,Profitability,Americas,GSXUBGPL,GS US GEMLT High Prof,USD,Custom Basket,MABAZ5RVQ4PRB4XC,False
CUSTOM_BASKETS_LEVELS,Factor,Broad / Cross-sector,Value,Europe,GSCBMIVL,EU Midcap Value Long,EUR,Custom Basket,MABBET476ZY6V9YB,False
CUSTOM_BASKETS_LEVELS,Other / Review,Broad / Cross-sector,,Asia,GSCBTSMH,GS TSMC Hedge,TWD,Custom Basket,MABBHHSY5P23K72D,True
CUSTOM_BASKETS_LEVELS,Other / Review,Broad / Cross-sector,,Americas,GSXUDREG,GS DeRegulation Benefit.,USD,Custom Basket,MABDH38CRZ3AMCG8,True
CUSTOM_BASKETS_LEVELS,Sector Factor,Health Care,Crowding,Americas,GSHCBT50,GS Most Crowded Biotech,USD,Custom Basket,MABDYYSVSNXBTT9F,False
CUSTOM_BASKETS_LEVELS,Other / Review,Broad / Cross-sector,,Europe,GSCBDEDC,GS German Dom Cyclicals,EUR,Custom Basket,MABEW5PF877DR375,True
CUSTOM_BASKETS_LEVELS,Theme,Broad / Cross-sector,China / Supply Chain,Americas,GSXGTRIM,Global Tariff Immune,USD,Custom Basket,MABFK125YT397YMD,False
CUSTOM_BASKETS_LEVELS,Factor,Broad / Cross-sector,Leverage,Americas,GSXUBGLS,GS US GEMLT Lo Leverage,USD,Custom Basket,MABGMW7RWR9BJ49E,False
CUSTOM_BASKETS_LEVELS,Factor,Broad / Cross-sector,Momentum,Americas,GSXULMO6,US 6M Momentum Short,USD,Custom Basket,MABGTQQB7419MXM6,False
CUSTOM_BASKETS_LEVELS,Theme,Broad / Cross-sector,AI,Americas,GSXUR2XX,GS Small Caps ex AI,USD,Custom Basket,MABHFTSJNWB8ZH39,False
CUSTOM_BASKETS_LEVELS,Other / Review,Broad / Cross-sector,,Europe,GSXETURK,GS EU Turkish Exposure,EUR,Custom Basket,MABHQTY0QPS93NK6,True
CUSTOM_BASKETS_LEVELS,Other / Review,Broad / Cross-sector,,Asia,GSCBSMHS,GS HK SMID,HKD,Custom Basket,MABK4038V450QEHP,True
CUSTOM_BASKETS_LEVELS,Other / Review,Broad / Cross-sector,,Asia,GSXATONE,GS Taiwan CPOs,TWD,Custom Basket,MABKATTV6ZKHVRZ2,True
CUSTOM_BASKETS_LEVELS,Other / Review,Broad / Cross-sector,,Americas,GSCMAXNX,GS AXNX Hedge,USD,Custom Basket,MABKKDK223TAM07V,True
CUSTOM_BASKETS_LEVELS,Other / Review,Broad / Cross-sector,,Americas,GSXUNEOC,GS US NeoCloud Providers,USD,Custom Basket,MABM222VJANBN51N,True
CUSTOM_BASKETS_LEVELS,Theme,TMT / Tech,AI,Americas,GSTMTLCX,GS Large Cap Tech ex AI,USD,Custom Basket,MABM5A24C390XFM5,False
CUSTOM_BASKETS_LEVELS,Other / Review,Broad / Cross-sector,,Europe,GSCMVWSH,GS Vestas Hedge,EUR,Custom Basket,MABM9E9RQ5VFGRXP,True
CUSTOM_BASKETS_LEVELS,Other / Review,Broad / Cross-sector,,Europe,GSCMWIEH,GS Wienerberger Hedge,EUR,Custom Basket,MABNGK704KRJB1XV,True
CUSTOM_BASKETS_LEVELS,Theme,Broad / Cross-sector,Clean Energy / ESG,Europe,GSXELESG,GS EU Low ESG 2,EUR,Custom Basket,MABP0BPPJJCESGBJ,False
CUSTOM_BASKETS_LEVELS,Other / Review,Broad / Cross-sector,,Americas,GSXUBFWL,GS US Barra High Liquid,USD,Custom Basket,MABP42E3XWJ809TV,True
CUSTOM_BASKETS_LEVELS,Theme,Broad / Cross-sector,China / Supply Chain,Americas,GSXACNIF,GS China New Infra,USD,Custom Basket,MABPEZ65AFTHQBN1,False
CUSTOM_BASKETS_LEVELS,Other / Review,Broad / Cross-sector,,Asia,GSXAKDEF,GS Korea Defense,KRW,Custom Basket,MABQ3M741XWYAVGR,True
CUSTOM_BASKETS_LEVELS,Sector Factor,TMT / Tech,Beta,Americas,GSTMBFBL,GS US TMT Beta Long,USD,Custom Basket,MABQENVKDNFWSXBT,False
CUSTOM_BASKETS_LEVELS,Other / Review,Industrials,,Americas,GSINWFIL,GS US INL High SI,USD,Custom Basket,MABQVD06PHMKNEYX,True
CUSTOM_BASKETS_LEVELS,Other / Review,Broad / Cross-sector,,Americas,GSXUQNTM,GS US Quantum Computing,USD,Custom Basket,MABRG5QPV4J8JGGF,True
CUSTOM_BASKETS_LEVELS,Other / Review,Broad / Cross-sector,,Americas,GSXUBFWS,GS US Barra Low Liquid,USD,Custom Basket,MABS8HB3YFGVBF2P,True
CUSTOM_BASKETS_LEVELS,Theme,Broad / Cross-sector,Clean Energy / ESG,Asia,GSCBTESG,GS Thai ESG Custom,THB,Custom Basket,MABSAMJ3JW1DJQDE,False
CUSTOM_BASKETS_LEVELS,Other / Review,Broad / Cross-sector,,Europe,GSCMINIO,GS Innio Hedge,USD,Custom Basket,MABSKMVJC1MB16MM,True
CUSTOM_BASKETS_LEVELS,Other / Review,Broad / Cross-sector,,Europe,GSCMGBGL,GS GB Group Hedge,GBP,Custom Basket,MABSX9BC91NWBYJJ,True
CUSTOM_BASKETS_LEVELS,Theme,Broad / Cross-sector,Clean Energy / ESG,Americas,GSXUSOLR,GS US Domestic Solar,USD,Custom Basket,MABTYBN82ES74QHD,False
CUSTOM_BASKETS_LEVELS,Other / Review,Broad / Cross-sector,,Europe,GSCMBARH,GS Barry Callebaut Hedge,CHF,Custom Basket,MABV1XPSPQFE01CA,True
CUSTOM_BASKETS_LEVELS,Other / Review,Real Estate,,Americas,GSXFMREO,GS MX Re-Opening,USD,Custom Basket,MABV6HEQMKRT7G40,True
CUSTOM_BASKETS_LEVELS,Theme,Broad / Cross-sector,China / Supply Chain,Americas,GSXACHME,GS China Mining & Ener,USD,Custom Basket,MABVGY324CJBZKWH,False
CUSTOM_BASKETS_LEVELS,Other / Review,Broad / Cross-sector,,Asia,GSXAIAGR,GS India Agriculture,INR,Custom Basket,MABVQ6A8N5H2P861,True
CUSTOM_BASKETS_LEVELS,Theme,Broad / Cross-sector,Clean Energy / ESG,Europe,GSCBGRRN,GS German Exp Renewables,EUR,Custom Basket,MABVSEY5MYZ450G4,False
CUSTOM_BASKETS_LEVELS,Theme,Broad / Cross-sector,China / Supply Chain,Americas,GSXFSOEX,GS EM SOEs ex-China,USD,Custom Basket,MABW2T6Q2NNRDKVN,False
CUSTOM_BASKETS_LEVELS,Theme,Energy,Reopening / Reflation,Americas,GSXUREF1,GS Reflation ex Energy,USD,Custom Basket,MABW54B835ZPSYAP,False
CUSTOM_BASKETS_LEVELS,Theme,Broad / Cross-sector,China / Supply Chain,Asia,GSCBCHB4,GS China Big 4 Banks,HKD,Custom Basket,MABW67VC6CCBE547,False
CUSTOM_BASKETS_LEVELS,Other / Review,Broad / Cross-sector,,Europe,GSXEUKPH,GS UK Physical Assets,GBP,Custom Basket,MABWK21ENHNG5Q7K,True
CUSTOM_BASKETS_LEVELS,Other / Review,Broad / Cross-sector,,Americas,GSXAOILX,GS APAC Oil Input Cost,USD,Custom Basket,MABWPA4AZJEFM4B2,True
CUSTOM_BASKETS_LEVELS,Theme,Broad / Cross-sector,China / Supply Chain,Americas,GSQICHAL,QI China Alpha Long,USD,Custom Basket,MABX40TF7G98JCRG,False
CUSTOM_BASKETS_LEVELS,Factor,Broad / Cross-sector,Momentum,Americas,GSXUWFMS,GS US Wolfe Low Momentum,USD,Custom Basket,MABXQRMS3AT4ENAY,False
CUSTOM_BASKETS_LEVELS,Theme,TMT / Tech,TMT,Americas,GSXUSBCL,Low TMT Stock Based Cmp,USD,Custom Basket,MABY0FQ2FP5ZMJH6,False
CUSTOM_BASKETS_LEVELS,Other / Review,TMT / Tech,,Europe,GSXEXETC,GS EU Ex Tech Compound,EUR,Custom Basket,MABYAFFEHZX5H5DW,True
CUSTOM_BASKETS_LEVELS,Other / Review,Broad / Cross-sector,,Asia,GSXASLPB,GS SG Low PB High Divs,SGD,Custom Basket,MABYQV8XD6B8GR6G,True
CUSTOM_BASKETS_LEVELS,Other / Review,Broad / Cross-sector,,Europe,GSCMSCHH,GS Schibsted Hedge,NOK,Custom Basket,MABYYJ6RS8J3T6FA,True
CUSTOM_BASKETS_LEVELS,Other / Review,Broad / Cross-sector,,Europe,GSCMAMSL,GS Advanced Medical Hdge,GBP,Custom Basket,MABZG3MB2618ZBF7,True
CUSTOM_BASKETS_LEVELS,Factor,Broad / Cross-sector,Value,Americas,GSXUBGVL,GS US GEMLT High Value,USD,Custom Basket,MABZPHGVJHF7559X,False
CUSTOM_BASKETS_LEVELS,Other / Review,Broad / Cross-sector,,Europe,GSXEUKRA,GS Ukraine Rebuild,EUR,Custom Basket,MABZTB938NXGJPWV,True
CUSTOM_BASKETS_LEVELS,Factor,Broad / Cross-sector,Crowding,Europe,GSXECRWL,GS EU Crowded Longs,EUR,Custom Basket,MAC1JQ7BK2NDVH6G,False
CUSTOM_BASKETS_LEVELS,Other / Review,Broad / Cross-sector,,Americas,GSCBPRH2,GSCBPRH2,USD,Custom Basket,MAC2H0E3W25V7RXC,True
CUSTOM_BASKETS_LEVELS,Other / Review,Broad / Cross-sector,,Europe,GSCMBOLH,GS Bolt Hedge,USD,Custom Basket,MAC3EEKRJPYBPZ85,True
CUSTOM_BASKETS_LEVELS,Other / Review,Real Estate,,Americas,GSXURREG,GS Re-Regulation Basket,USD,Custom Basket,MAC4T1WERC0P1NQM,True
CUSTOM_BASKETS_LEVELS,Other / Review,Broad / Cross-sector,,Americas,GSXUCOMO,GS US Commodity Basket,USD,Custom Basket,MAC4VVZT1EH1682P,True
CUSTOM_BASKETS_LEVELS,Theme,TMT / Tech,TMT,Americas,GSTMTMID,GS TMT Mid Cap,USD,Custom Basket,MAC4XS7JMBGYV5PF,False
CUSTOM_BASKETS_LEVELS,Other / Review,Broad / Cross-sector,,Europe,GSCMNDAE,GSCMNDAE,EUR,Custom Basket,MAC5NFYKQDVG6VFB,True
CUSTOM_BASKETS_LEVELS,Other / Review,Broad / Cross-sector,,Americas,GSXGDFNS,GS Global Defense,USD,Custom Basket,MAC5Z4F3SNWSX6JD,True
CUSTOM_BASKETS_LEVELS,Factor,Broad / Cross-sector,Value,Europe,GSXEHVAL,High Beta Cheap Value,EUR,Custom Basket,MAC5ZXKJX2VC6BC4,False
CUSTOM_BASKETS_LEVELS,Theme,TMT / Tech,TMT,Americas,GSTMTPAN,GS TMT Health Risk,USD,Custom Basket,MAC6D7WJKA65CBD0,False
CUSTOM_BASKETS_LEVELS,Factor,Broad / Cross-sector,Value,Americas,GSXFBZVL,GS BZ Value Long,BRL,Custom Basket,MAC6TW9SCP2F2NE9,False
CUSTOM_BASKETS_LEVELS,Other / Review,Broad / Cross-sector,,Americas,GSXUEURO,US High European Sales,USD,Custom Basket,MAC79XHKC6H27JW1,True
CUSTOM_BASKETS_LEVELS,Other / Review,TMT / Tech,,Europe,GSCBMED2,GS EU Med Tech,EUR,Custom Basket,MAC7T1BGDSJNFYN3,True
CUSTOM_BASKETS_LEVELS,Other / Review,Broad / Cross-sector,,Asia,GSXAIAFL,GS India Affluent,INR,Custom Basket,MAC89KB60XC42B5R,True
CUSTOM_BASKETS_LEVELS,Sector Factor,Industrials,Momentum,Americas,GSINBFML,GS US INL Momentum Long,USD,Custom Basket,MAC8FY3KHFWFN4G8,False
CUSTOM_BASKETS_LEVELS,Other / Review,Broad / Cross-sector,,Americas,GSXUBRCK,GS Brick & Mortar Retail,USD,Custom Basket,MAC9N8DSYA85TMVM,True
CUSTOM_BASKETS_LEVELS,Other / Review,Broad / Cross-sector,,Europe,GSCMAZMH,GS Azimut Hedge,EUR,Custom Basket,MAC9P7GGKKT20KAF,True
CUSTOM_BASKETS_LEVELS,Other / Review,Broad / Cross-sector,,Europe,GSXGPLAT,GS Platinum Miners,USD,Custom Basket,MAC9RZ1T50VR1M4J,True
CUSTOM_BASKETS_LEVELS,Factor,Broad / Cross-sector,Momentum,Europe,GSXEUKMS,UK Reactive Low Momo,GBP,Custom Basket,MACB34TVYXFPTQ75,False
CUSTOM_BASKETS_LEVELS,Other / Review,Broad / Cross-sector,,Americas,GSCBHFDH,Hi Flt Rt Debt Hedge,USD,Custom Basket,MACB8BN134KYRKDT,True
CUSTOM_BASKETS_LEVELS,Other / Review,Broad / Cross-sector,,Europe,GSCMBNRH,GS Brenntag Hedge,EUR,Custom Basket,MACB8XS73ASYA16Z,True
CUSTOM_BASKETS_LEVELS,Other / Review,Broad / Cross-sector,,Europe,GSCMWIZZ,GS Custom WIZZ Hedge,GBP,Custom Basket,MACBFHM7CZ60VFFQ,True
CUSTOM_BASKETS_LEVELS,Theme,Broad / Cross-sector,China / Supply Chain,Asia,GSCBCEXH,GS China-H Exporters,HKD,Custom Basket,MACC7F3YQS2ABYE6,False
CUSTOM_BASKETS_LEVELS,Other / Review,Broad / Cross-sector,,Europe,GSCMEDPH,GS EDP Hedge,EUR,Custom Basket,MACCD3XQ57V8J47D,True
CUSTOM_BASKETS_LEVELS,Other / Review,Broad / Cross-sector,,Europe,GSCMADID,GS Adidas Hedge,EUR,Custom Basket,MACCV4AX1WMVKW9T,True
CUSTOM_BASKETS_LEVELS,Theme,TMT / Tech,AI,Americas,GSTMTAIL,GS AI Leaders,USD,Custom Basket,MACDM30KE29KJX16,False
CUSTOM_BASKETS_LEVELS,Other / Review,Broad / Cross-sector,,Americas,GSXUMFBS,Low Market Sensitivity,USD,Custom Basket,MACEFN8XZWMVGC2K,True
CUSTOM_BASKETS_LEVELS,Other / Review,Broad / Cross-sector,,Americas,GSXUCHDR,GS ADR Only,USD,Custom Basket,MACGJG368Z6D7Q28,True
CUSTOM_BASKETS_LEVELS,Other / Review,Broad / Cross-sector,,Americas,GSCBRATL,GS Pos Rate Reactors,USD,Custom Basket,MACGWZNZBXSD3SN5,True
CUSTOM_BASKETS_LEVELS,Other / Review,Broad / Cross-sector,,Americas,GSXUREPS,Rep Policy Underperform,USD,Custom Basket,MACH1926W60MRHQ8,True
CUSTOM_BASKETS_LEVELS,Factor,Broad / Cross-sector,Momentum,Asia,GSXAJBML,GS Japan Barra MOMO Long,JPY,Custom Basket,MACJ574VWMFKCT6X,False
CUSTOM_BASKETS_LEVELS,Theme,Broad / Cross-sector,China / Supply Chain,Americas,GSXACFYP,GS China 15th FYP,USD,Custom Basket,MACJCS8FJ0KJW4FJ,False
CUSTOM_BASKETS_LEVELS,Factor,Broad / Cross-sector,Beta,Asia,GSXAKR98,GS Korea Beta,KRW,Custom Basket,MACJD9DNZK3WDVCE,False
CUSTOM_BASKETS_LEVELS,Factor,Broad / Cross-sector,Beta,Europe,GSXEMIBS,EU Rctv Low Midcap Beta,EUR,Custom Basket,MACJGPXD0Q0GT32E,False
CUSTOM_BASKETS_LEVELS,Other / Review,Broad / Cross-sector,,Europe,GSCMPPHS,GS Cust Pepkor Hedge ZAR,ZAR,Custom Basket,MACJT3MM0408E7KT,True
CUSTOM_BASKETS_LEVELS,Sector Factor,Consumer,Beta,Americas,GSCNBFBS,GS US Cons Beta Short,USD,Custom Basket,MACJTZHGFB4Z24EJ,False
CUSTOM_BASKETS_LEVELS,Other / Review,Broad / Cross-sector,,Asia,GSXACHAL,GS HK with ADR,HKD,Custom Basket,MACMMYKX9C312N8N,True
CUSTOM_BASKETS_LEVELS,Other / Review,Broad / Cross-sector,,Europe,GSCMGEAH,GS Gea Group Hedge,EUR,Custom Basket,MACPGKXJBMY5F77J,True
CUSTOM_BASKETS_LEVELS,Other / Review,Broad / Cross-sector,,Asia,GSXASTAR,GS STAR Board Basket,CNY,Custom Basket,MACQ0P0CVGJ8B4TV,True
CUSTOM_BASKETS_LEVELS,Other / Review,Broad / Cross-sector,,Europe,GSXESTGS,GS EU Stagflation Short,EUR,Custom Basket,MACQ29D2V3XY3CN6,True
CUSTOM_BASKETS_LEVELS,Other / Review,Broad / Cross-sector,,Europe,GSCMPIRH,GS Pirelli Spa Hedge,EUR,Custom Basket,MACQRVGBBACHXGTG,True
CUSTOM_BASKETS_LEVELS,Other / Review,Broad / Cross-sector,,Europe,GSXEPEMU,GS EU Periph Europe Expo,EUR,Custom Basket,MACR7KWM0GGMFH38,True
CUSTOM_BASKETS_LEVELS,Other / Review,Broad / Cross-sector,,Europe,GSCMESFP,GS Esso Hedge,EUR,Custom Basket,MACRS821YK00GMA2,True
CUSTOM_BASKETS_LEVELS,Other / Review,Financials,,Americas,GSXFDISH,GS BZ Financials (USD),USD,Custom Basket,MACRTBASJ53BE8A2,True
CUSTOM_BASKETS_LEVELS,Theme,Broad / Cross-sector,Labor / Wage,Americas,GSXUWAGH,GS Labor Hedge Basket,USD,Custom Basket,MACRXMGJ3SY5GJHN,False
CUSTOM_BASKETS_LEVELS,Other / Review,Broad / Cross-sector,,Europe,GSCMRIHE,GS Pernod Ricard Hedge,EUR,Custom Basket,MACSPJ8JA9XCSX9V,True
CUSTOM_BASKETS_LEVELS,Other / Review,Broad / Cross-sector,,Americas,GSCBM5XG,GS US Mag5 ex Google,USD,Custom Basket,MACT3M2WXMVBM83J,True
CUSTOM_BASKETS_LEVELS,Other / Review,Broad / Cross-sector,,Americas,GSCBMNAT,GS US M&A Candidates,USD,Custom Basket,MACTR0FRVZSJ3324,True
CUSTOM_BASKETS_LEVELS,Theme,Broad / Cross-sector,Balance Sheet Strength,Americas,GSXFBZSB,BZ Strong Balance Sheet,BRL,Custom Basket,MACTR33YZ25QW38P,False
CUSTOM_BASKETS_LEVELS,Other / Review,Broad / Cross-sector,,Europe,GSXECLFF,GS EU Debt Rfncing Needs,EUR,Custom Basket,MACVKH7TQX8XQNGN,True
CUSTOM_BASKETS_LEVELS,Factor,Broad / Cross-sector,Profitability,Europe,GSXEHPRW,EU Reactive Hi Profitabl,EUR,Custom Basket,MACWY87PPFRYQGWB,False
CUSTOM_BASKETS_LEVELS,Other / Review,Broad / Cross-sector,,Europe,GSCMHSSE,GS SSE Hedge,GBP,Custom Basket,MACX8VQEXNEDCEK8,True
CUSTOM_BASKETS_LEVELS,Other / Review,Broad / Cross-sector,,Americas,GSXUMFTL,GS Short-Term Hi Mo,USD,Custom Basket,MACX9GXRR4HJTK2Y,True
CUSTOM_BASKETS_LEVELS,Factor,Broad / Cross-sector,Value,Asia,GSXATVAL,GS Taiwan (HB) Value Lon,TWD,Custom Basket,MAD02K9VMV6M68RK,False
CUSTOM_BASKETS_LEVELS,Other / Review,Broad / Cross-sector,,Americas,GSQICFXL,USD CNH Long,USD,Custom Basket,MAD03570PDWSJ0AV,True
CUSTOM_BASKETS_LEVELS,Other / Review,Broad / Cross-sector,,Americas,GSXUFLOW,ECM Flow Hedge,USD,Custom Basket,MAD0AT4ADNDEQG68,True
CUSTOM_BASKETS_LEVELS,Other / Review,Broad / Cross-sector,,Asia,GSXAKRSC,GS Korea Small Cap,KRW,Custom Basket,MAD0BW0GVNER0N45,True
CUSTOM_BASKETS_LEVELS,Theme,Broad / Cross-sector,China / Supply Chain,Asia,GSCBC50N,GS China Basket,CNY,Custom Basket,MAD0GDA82ABXCKBG,False
CUSTOM_BASKETS_LEVELS,Factor,Broad / Cross-sector,Profitability,Europe,GSXEBFPL,EU Pure Hi Profitability,EUR,Custom Basket,MAD0GQPCV0DSN1K5,False
CUSTOM_BASKETS_LEVELS,Other / Review,Broad / Cross-sector,,Asia,GSCBIHKT,GS Custom HK Technology,HKD,Custom Basket,MAD0TMPK5RQ6ASAC,True
CUSTOM_BASKETS_LEVELS,Other / Review,Broad / Cross-sector,,Europe,GSCMNESH,GS Nestle Hedge,CHF,Custom Basket,MAD12DR00W2XMP2M,True
CUSTOM_BASKETS_LEVELS,Other / Review,Broad / Cross-sector,,Asia,GSXAAUWB,GS Australia Weak B/S,AUD,Custom Basket,MAD23Y8V9AJHYZ0D,True
CUSTOM_BASKETS_LEVELS,Other / Review,Broad / Cross-sector,,Europe,GSCBDFXC,GS EU Defensive ex Commo,EUR,Custom Basket,MAD2B2CP2D6HNC6C,True
CUSTOM_BASKETS_LEVELS,Theme,Broad / Cross-sector,AI,Americas,GSXABOXM,Asia AI Bottle ex Memory,USD,Custom Basket,MAD2FVJT93GMD7NY,False
CUSTOM_BASKETS_LEVELS,Other / Review,Broad / Cross-sector,,Europe,GSCMDUFR,GS Dufry Hedge,CHF,Custom Basket,MAD31E5FBHMS76E6,True
CUSTOM_BASKETS_LEVELS,Other / Review,Broad / Cross-sector,,Asia,GSCBITWX,GS Taiwan Basket,TWD,Custom Basket,MAD3KXF53X7DFCBD,True
CUSTOM_BASKETS_LEVELS,Other / Review,Broad / Cross-sector,,Asia,GSCBINFF,GS India Foreign Fav.,INR,Custom Basket,MAD3SQ1VHRBGS7HJ,True
CUSTOM_BASKETS_LEVELS,Other / Review,Broad / Cross-sector,,Asia,GSCBTDIF,GS Taiwan High Divs Flow,TWD,Custom Basket,MAD3XM6ZA8G1ZZ90,True
CUSTOM_BASKETS_LEVELS,Other / Review,Broad / Cross-sector,,Asia,GSCBTPSM,GS Custom JP Small Caps,JPY,Custom Basket,MAD40VTWT0D2BX8W,True
CUSTOM_BASKETS_LEVELS,Other / Review,Broad / Cross-sector,,Americas,GSXFLWIN,Latam Winner Takes All,USD,Custom Basket,MAD43P6VSGTGNMNK,True
CUSTOM_BASKETS_LEVELS,Other / Review,Broad / Cross-sector,,Asia,GSCBGAC1,Corp Gov & Def: Activist,JPY,Custom Basket,MAD536PFWYJ4Y6TC,True
CUSTOM_BASKETS_LEVELS,Other / Review,Broad / Cross-sector,,Americas,GSCMSPXE,GS Top 500 ex-Commods,USD,Custom Basket,MAD5H3427NJRQ5XH,True
CUSTOM_BASKETS_LEVELS,Other / Review,Broad / Cross-sector,,Americas,GSXFBLIB,GS BZ Liberal Policies,USD,Custom Basket,MAD5K5AAAT3YK4RF,True
CUSTOM_BASKETS_LEVELS,Other / Review,Broad / Cross-sector,,Europe,GSCMSPMH,GS Saipem Hedge,EUR,Custom Basket,MAD5SCFR4X0GEQ96,True
CUSTOM_BASKETS_LEVELS,Theme,TMT / Tech,AI,Asia,GSCBCAIT,GS China-A Tech AI Benef,CNH,Custom Basket,MAD654ZKA67E9631,False
CUSTOM_BASKETS_LEVELS,Other / Review,Broad / Cross-sector,,Europe,GSCMEMLL,GS ELM Hedge Basket,GBP,Custom Basket,MAD6K9KYJKZM10P3,True
CUSTOM_BASKETS_LEVELS,Theme,Broad / Cross-sector,China / Supply Chain,Asia,GSXACHLR,GS China H/ADR H-Line,HKD,Custom Basket,MAD6R4BKQZ6F7X5J,False
CUSTOM_BASKETS_LEVELS,Theme,Broad / Cross-sector,China / Supply Chain,Asia,GSXAPEBY,GS China Pets & Babies,CNH,Custom Basket,MAD7J94MFG19WQD1,False
CUSTOM_BASKETS_LEVELS,Theme,Broad / Cross-sector,Buybacks / Capital Return,Americas,GSCBNREP,Non-Buyback,USD,Custom Basket,MAD7ZXPQTYTE2FPE,False
CUSTOM_BASKETS_LEVELS,Factor,Broad / Cross-sector,Momentum,Europe,GSXEMIML,EU Rctv Hi Midcap Momo,EUR,Custom Basket,MAD8BF79QWC1T9VX,False
CUSTOM_BASKETS_LEVELS,Other / Review,Broad / Cross-sector,,Europe,GSCMITVH,GS Itv Hedge,GBP,Custom Basket,MAD8CEZ9A0Y9D3PD,True
CUSTOM_BASKETS_LEVELS,Theme,Broad / Cross-sector,China / Supply Chain,Americas,GSXACLIG,GS China Little Giants,USD,Custom Basket,MAD9H8FM1HFYVR53,False
CUSTOM_BASKETS_LEVELS,Other / Review,Broad / Cross-sector,,Europe,GSCMWLNF,GS Wordline Custom Hedge,EUR,Custom Basket,MAD9WCR5TGB7R96N,True
CUSTOM_BASKETS_LEVELS,Other / Review,Broad / Cross-sector,,Asia,GSCBIJMR,GS Japan Mart.,JPY,Custom Basket,MADA7W0FJB30RYXR,True
CUSTOM_BASKETS_LEVELS,Other / Review,Broad / Cross-sector,,Europe,GSCMWERH,GS Weir Hedge,GBP,Custom Basket,MADAM241WFKMH62K,True
CUSTOM_BASKETS_LEVELS,Other / Review,Consumer,,Europe,GSCBGECO,GS German Consumer Exp,EUR,Custom Basket,MADCQ5QYRZSJMD7W,True
CUSTOM_BASKETS_LEVELS,Theme,Broad / Cross-sector,China / Supply Chain,Americas,GSXACINV,GS China Anti Involution,USD,Custom Basket,MADD4NXWZ33NN9R0,False
CUSTOM_BASKETS_LEVELS,Theme,Broad / Cross-sector,Inflation / Pricing Power,Europe,GSCBWPPR,GS EU Weak Pricing Power,EUR,Custom Basket,MADE8KGC7AF3HMXP,False
CUSTOM_BASKETS_LEVELS,Other / Review,Broad / Cross-sector,,Europe,GSSHBVIF,BVI FP Hedge,EUR,Custom Basket,MADENK5CC2W24PBR,True
CUSTOM_BASKETS_LEVELS,Other / Review,Financials,,Americas,GSFINCRD,GS US Credit Cards,USD,Custom Basket,MADFA0MJT3QNEFPW,True
CUSTOM_BASKETS_LEVELS,Other / Review,Broad / Cross-sector,,Asia,GSXAJESC,GS Japan Economic Sec.,JPY,Custom Basket,MADFDTK4A26XEEBH,True
CUSTOM_BASKETS_LEVELS,Other / Review,Broad / Cross-sector,,Europe,GSXESXX1,GS EU Top 600 Excl 11,EUR,Custom Basket,MADFDV19T0P3Q6S0,True
CUSTOM_BASKETS_LEVELS,Other / Review,Broad / Cross-sector,,Europe,GSCBPIPE,GS Custom Basket,USD,Custom Basket,MADFM4CT81RE1TXK,True
CUSTOM_BASKETS_LEVELS,Other / Review,Broad / Cross-sector,,Europe,GSCMPLYU,GS Polyus Custom Hedge,GBP,Custom Basket,MADFSA2MZK7GRKTN,True
CUSTOM_BASKETS_LEVELS,Other / Review,Broad / Cross-sector,,Americas,GSXAAEXP,GS APAC US Exporters,USD,Custom Basket,MADGCJJ03HJABMRV,True
CUSTOM_BASKETS_LEVELS,Other / Review,Broad / Cross-sector,,Europe,GSXEMADE,GS EU Made in USA,EUR,Custom Basket,MADGSG3HFWRHBF45,True
CUSTOM_BASKETS_LEVELS,Other / Review,Broad / Cross-sector,,Europe,GSCMIVGI,GS Iveco Hedge,EUR,Custom Basket,MADGSWPCGHS740BG,True
CUSTOM_BASKETS_LEVELS,Other / Review,Broad / Cross-sector,,Europe,GSCBLGST,GS EU Logistics Custom,EUR,Custom Basket,MADGZ7NHD5D3HXVS,True
CUSTOM_BASKETS_LEVELS,Other / Review,Broad / Cross-sector,,Europe,GSCMBEIH,GS Beijer Ref Hedge,SEK,Custom Basket,MADHWFZCS7BF6QQC,True
CUSTOM_BASKETS_LEVELS,Other / Review,Broad / Cross-sector,,Americas,GSXUWFOS,GS US Wolfe Lo Oil Price,USD,Custom Basket,MADJJAMV8XV3B10H,True
CUSTOM_BASKETS_LEVELS,Sector Factor,Health Care,Value,Americas,GSHCBFVL,GS US HC Value Long,USD,Custom Basket,MADK091A684192HG,False
CUSTOM_BASKETS_LEVELS,Other / Review,Broad / Cross-sector,,Americas,GSIDLARO,GS US Aerospace,USD,Custom Basket,MADK2H88APK98E81,True
CUSTOM_BASKETS_LEVELS,Factor,Broad / Cross-sector,Profitability,Americas,GSXUWFPL,GS US Wolfe High Prof,USD,Custom Basket,MADKBKJS6KSP7MTM,False
CUSTOM_BASKETS_LEVELS,Other / Review,Consumer,,Americas,GSCNSBEV,GS US Beverages,USD,Custom Basket,MADM1EE8A59T6TRE,True
CUSTOM_BASKETS_LEVELS,Other / Review,Broad / Cross-sector,,Americas,GSQIHYLS,US HY Credit Sprds Short,USD,Custom Basket,MADM2KKXCCV9FDM7,True
CUSTOM_BASKETS_LEVELS,Other / Review,Broad / Cross-sector,,Europe,GSCBHVHD,GS EU High Earn V & Debt,EUR,Custom Basket,MADM90CN7X7YM4HV,True
CUSTOM_BASKETS_LEVELS,Other / Review,Broad / Cross-sector,,Europe,GSCMHSUN,GS Sunrise Communi Hedge,CHF,Custom Basket,MADMB098GN5XJ06K,True
CUSTOM_BASKETS_LEVELS,Theme,TMT / Tech,TMT,Americas,GSXUSAAS,GS TMT SaaS,USD,Custom Basket,MADN4F0F7G46KESB,False
CUSTOM_BASKETS_LEVELS,Other / Review,Broad / Cross-sector,,Europe,GSXFCEBK,GS CEEMEA Banks,USD,Custom Basket,MADNDJR0Z75DD4Z0,True
CUSTOM_BASKETS_LEVELS,Other / Review,Broad / Cross-sector,,Europe,GSXFCEDO,GS CEE Domestics,EUR,Custom Basket,MADNHP7R1PQWEB98,True
CUSTOM_BASKETS_LEVELS,Other / Review,Broad / Cross-sector,,Europe,GSCBEIGE,GS EU IG Equities,EUR,Custom Basket,MADPMV82JV2BEMWJ,True
CUSTOM_BASKETS_LEVELS,Theme,Broad / Cross-sector,Clean Energy / ESG,Americas,GSXFESGS,GS Latam Low ESG,USD,Custom Basket,MADQDBW1D660XR1K,False
CUSTOM_BASKETS_LEVELS,Other / Review,Broad / Cross-sector,,Europe,GSCMSIT1,GS EU Stalled Catalyst,EUR,Custom Basket,MADQFY1GPDQQ7P35,True
CUSTOM_BASKETS_LEVELS,Theme,Broad / Cross-sector,Clean Energy / ESG,Americas,GSCBURNW,US Renewables w/ Uranium,USD,Custom Basket,MADQRS22H08RQ97D,False
CUSTOM_BASKETS_LEVELS,Factor,Broad / Cross-sector,Beta,Asia,GSXAHBDL,GS Hong Kong D Beta Long,HKD,Custom Basket,MADQTHDMZ2AAN2PY,False
CUSTOM_BASKETS_LEVELS,Other / Review,Broad / Cross-sector,,Europe,GSCBSAHD,GS Saudi Hedge Basket,SAR,Custom Basket,MADRDDW8A3KHM60G,True
CUSTOM_BASKETS_LEVELS,Other / Review,Broad / Cross-sector,,Asia,GSCBTWXT,GS Custom TW ex TSMC,TWD,Custom Basket,MADRJ3EYM9FGRZ4G,True
CUSTOM_BASKETS_LEVELS,Other / Review,Broad / Cross-sector,,Europe,GSCMTEMN,GS Temenos Hedge,CHF,Custom Basket,MADS2VVCEB246DS4,True
CUSTOM_BASKETS_LEVELS,Other / Review,Broad / Cross-sector,,Europe,GSCBHIPR,GS EU Expensive High Mo,EUR,Custom Basket,MADSS37DPYD09BCC,True
CUSTOM_BASKETS_LEVELS,Other / Review,Consumer,,Europe,GSXECCHM,GS EU Consumer Chemicals,EUR,Custom Basket,MADT6762WSKZRFTF,True
CUSTOM_BASKETS_LEVELS,Other / Review,Broad / Cross-sector,,Europe,GSXFCEWB,GS CEEMEA Weak Bal She,USD,Custom Basket,MADW33K627851ZMW,True
CUSTOM_BASKETS_LEVELS,Other / Review,Broad / Cross-sector,,Americas,GSXACHUM,GS Asia Humanoid Robots,USD,Custom Basket,MADW8CECQEW4C7GV,True
CUSTOM_BASKETS_LEVELS,Other / Review,Financials,,Americas,GSFINCBP,GS Fins Cross Border Pay,USD,Custom Basket,MADWDSV506EM393J,True
CUSTOM_BASKETS_LEVELS,Other / Review,Broad / Cross-sector,,Europe,GSCMSNLN,GS SN/ Hedge Basket,GBP,Custom Basket,MADWK9T3TTE4ZS2A,True
CUSTOM_BASKETS_LEVELS,Other / Review,Broad / Cross-sector,,Asia,GSCBIJFB,GS Custom JP F&B,JPY,Custom Basket,MADWXSBH96E2CJEM,True
CUSTOM_BASKETS_LEVELS,Theme,Broad / Cross-sector,China / Supply Chain,Asia,GSXACHCR,GS China Corp Reform,CNH,Custom Basket,MADX62XYGQWGKXFH,False
CUSTOM_BASKETS_LEVELS,Other / Review,Broad / Cross-sector,,Americas,GSCBLINH,GS US Linde Hedge,USD,Custom Basket,MADXPRREG6XRV3Q0,True
CUSTOM_BASKETS_LEVELS,Factor,Broad / Cross-sector,Volatility,Americas,GSCBRSVH,GS US High Residual Vol,USD,Custom Basket,MADYKDMPPV9T5S1E,False
CUSTOM_BASKETS_LEVELS,Other / Review,Real Estate,,Asia,GSCBJNCH,GS Non Core RE Hedge,JPY,Custom Basket,MADYRPE5W2JVAPAZ,True
CUSTOM_BASKETS_LEVELS,Other / Review,Broad / Cross-sector,,Europe,GSCMCNHI,GS CNH Hedge,EUR,Custom Basket,MADZ003J1XBWZ9CD,True
CUSTOM_BASKETS_LEVELS,Other / Review,Broad / Cross-sector,,Americas,GSXGOLDM,GS Global Gold Miners,USD,Custom Basket,MADZ96A1K00QD54P,True
CUSTOM_BASKETS_LEVELS,Sector Factor,Financials,Volatility,Americas,GSFIBFRL,GS US Fin Res Vol Long,USD,Custom Basket,MADZD8WYS7RRAVTA,False
CUSTOM_BASKETS_LEVELS,Other / Review,Broad / Cross-sector,,Americas,GSCBMCAP,GS US Mid Cap,USD,Custom Basket,MAE0FRKR0Z6RVW2B,True
CUSTOM_BASKETS_LEVELS,Other / Review,Broad / Cross-sector,,Europe,GSCMKION,GSCMKION,EUR,Custom Basket,MAE0P5FZKSVYPCQB,True
CUSTOM_BASKETS_LEVELS,Theme,Broad / Cross-sector,China / Supply Chain,Americas,GSCBCTAR,GS Canada Tariff Risk,USD,Custom Basket,MAE0T6EVY60J6G72,False
CUSTOM_BASKETS_LEVELS,Other / Review,Broad / Cross-sector,,Europe,GSCMTUIH,GS TUI Hedge,EUR,Custom Basket,MAE1252HHZMGTKFP,True
CUSTOM_BASKETS_LEVELS,Other / Review,Financials,,Asia,GSXATWFI,GS Taiwan Financials,TWD,Custom Basket,MAE2AJQ3FJX86M7Y,True
CUSTOM_BASKETS_LEVELS,Other / Review,Broad / Cross-sector,,Americas,GSBRLSOE,GS BZ SOEs (USD),USD,Custom Basket,MAE2DYM9WYQGANW6,True
CUSTOM_BASKETS_LEVELS,Other / Review,Broad / Cross-sector,,Asia,GSCBSZTA,GS SZ Small Caps,CNY,Custom Basket,MAE2FST9ZB97ZCVX,True
CUSTOM_BASKETS_LEVELS,Theme,Broad / Cross-sector,China / Supply Chain,Americas,GSXACDAT,GS China Data Centers,USD,Custom Basket,MAE2SWE7A8SD57A8,False
CUSTOM_BASKETS_LEVELS,Other / Review,Broad / Cross-sector,,Europe,GSXESNAP,GS EU Snap-Back,EUR,Custom Basket,MAE2TAB0B151GR34,True
CUSTOM_BASKETS_LEVELS,Other / Review,Broad / Cross-sector,,Europe,GSXES899,GS EU Section 899,EUR,Custom Basket,MAE2XG7W3PCDQW3B,True
CUSTOM_BASKETS_LEVELS,Factor,Broad / Cross-sector,Value,Asia,GSXAKVUP,GS Korea Value Up,KRW,Custom Basket,MAE2YY79662KQD0J,False
CUSTOM_BASKETS_LEVELS,Factor,Broad / Cross-sector,Leverage,Asia,GSXAJBLS,GS JP Barra Leverage Sho,JPY,Custom Basket,MAE37P7W7PQQGEJQ,False
CUSTOM_BASKETS_LEVELS,Other / Review,Broad / Cross-sector,,Americas,GSXUSPY7,Top 500 ex Mag 7,USD,Custom Basket,MAE3CW1VN0ZT4487,True
CUSTOM_BASKETS_LEVELS,Other / Review,Broad / Cross-sector,,Europe,GSXFCDOM,GS CEEMEA Domestics,USD,Custom Basket,MAE46350EV0METAA,True
CUSTOM_BASKETS_LEVELS,Factor,Broad / Cross-sector,Momentum,Europe,GSXELMO1,EU 1M Momo (Losers),EUR,Custom Basket,MAE4T3FYAX86ATVE,False
CUSTOM_BASKETS_LEVELS,Other / Review,Broad / Cross-sector,,Europe,GSCMNZYM,GS Novozymes Hedge,DKK,Custom Basket,MAE509G7WMNK1WBC,True
CUSTOM_BASKETS_LEVELS,Other / Review,Broad / Cross-sector,,Europe,GSCMNATW,GSCMNATW,GBP,Custom Basket,MAE5NJP0W3EE2CCD,True
CUSTOM_BASKETS_LEVELS,Other / Review,Broad / Cross-sector,,Europe,GSXEBFTS,EU Pure Low LT Reversal,EUR,Custom Basket,MAE5Y0ZA5TTSM27Y,True
CUSTOM_BASKETS_LEVELS,Factor,Broad / Cross-sector,Momentum,Americas,GSXFBZMS,GS Brazil Momo Short,BRL,Custom Basket,MAE78HSYDXZZBFSZ,False
CUSTOM_BASKETS_LEVELS,Factor,Broad / Cross-sector,Beta,Asia,GSXACBBL,GS China Barra Beta Long,CNH,Custom Basket,MAE7H9DT4TVZ56GY,False
CUSTOM_BASKETS_LEVELS,Other / Review,Broad / Cross-sector,,Asia,GSCBKVUA,Korea ValueUp & Activist,KRW,Custom Basket,MAE7XQZKBWCED24C,True
CUSTOM_BASKETS_LEVELS,Other / Review,Broad / Cross-sector,,Americas,GSXFBEX7,IBOV ex top 7 weights,USD,Custom Basket,MAE8BWYZY1NJKSDF,True
CUSTOM_BASKETS_LEVELS,Other / Review,Broad / Cross-sector,,Europe,GSCMENEL,GS Enel Hedge,EUR,Custom Basket,MAE8Y3JCGEB7EVAN,True
CUSTOM_BASKETS_LEVELS,Factor,Broad / Cross-sector,Momentum,Americas,GSXULMO3,US 3M Momentum Short,USD,Custom Basket,MAEA2291H21EEVRB,False
CUSTOM_BASKETS_LEVELS,Other / Review,Broad / Cross-sector,,Americas,GSXAPAND,GS AS Global Health Risk,USD,Custom Basket,MAEAJZCR651SXVQ5,True
CUSTOM_BASKETS_LEVELS,Other / Review,Broad / Cross-sector,,Americas,GSXACHAU,GS CH A/H - A Line USD,USD,Custom Basket,MAEANRJMSFP757F4,True
CUSTOM_BASKETS_LEVELS,Other / Review,Broad / Cross-sector,,Europe,GSCMVIVU,GS Global Vivendi Hedge,EUR,Custom Basket,MAEBQ0A69D0RNP8Y,True
CUSTOM_BASKETS_LEVELS,Other / Review,Broad / Cross-sector,,Europe,GSXEEXPO,GS EU Global Exporters,EUR,Custom Basket,MAEC2A6MWGGSTZEB,True
CUSTOM_BASKETS_LEVELS,Other / Review,Broad / Cross-sector,,Americas,GSXUMETL,GS Metals Basket,USD,Custom Basket,MAECN9GBXW76X85B,True
CUSTOM_BASKETS_LEVELS,Factor,Broad / Cross-sector,Value,Asia,GSXAMFVS,GS Japan Value Short,JPY,Custom Basket,MAEDG227E79B1RSE,False
CUSTOM_BASKETS_LEVELS,Other / Review,Broad / Cross-sector,,Europe,GSCMIWGH,GS IWG LN Hedge,GBP,Custom Basket,MAEDKA1VNTK541YA,True
CUSTOM_BASKETS_LEVELS,Other / Review,Broad / Cross-sector,,Europe,GSCMFTIF,GSCMFTIF,EUR,Custom Basket,MAEDVAXTQ8W8QM0J,True
CUSTOM_BASKETS_LEVELS,Other / Review,Broad / Cross-sector,,Americas,GSCBIGEQ,Investment Grade,USD,Custom Basket,MAEE1PETH9H42R03,True
CUSTOM_BASKETS_LEVELS,Other / Review,Broad / Cross-sector,,Europe,GSXELOIL,EU Lo Oil Price Sensitiv,EUR,Custom Basket,MAEE7NNG75X37FFA,True
CUSTOM_BASKETS_LEVELS,Other / Review,Broad / Cross-sector,,Europe,GSXEQUIP,GS EU Power Equipment,EUR,Custom Basket,MAEEJYYH6BKKZY84,True
CUSTOM_BASKETS_LEVELS,Other / Review,Broad / Cross-sector,,Asia,GSXAKGRH,GS Korea Greatest Hits,KRW,Custom Basket,MAEF390V5WZK4YK7,True
CUSTOM_BASKETS_LEVELS,Other / Review,Broad / Cross-sector,,Americas,GSCBEVNT,GS Events Hedge,USD,Custom Basket,MAEF9PJ1RHHG541V,True
CUSTOM_BASKETS_LEVELS,Other / Review,Broad / Cross-sector,,Europe,GSXESXXX,GS Europe ex Secular,EUR,Custom Basket,MAEFC8ZKRKZ98QEW,True
CUSTOM_BASKETS_LEVELS,Factor,Broad / Cross-sector,Quality,Asia,GSXAJQSM,GS Japan Quality SMID,JPY,Custom Basket,MAEG4QHZMBMHG5K0,False
CUSTOM_BASKETS_LEVELS,Other / Review,Broad / Cross-sector,,Europe,GSCMTRAH,GS Traton Hedge,EUR,Custom Basket,MAEG5A2KQ2PBTPX0,True
CUSTOM_BASKETS_LEVELS,Other / Review,Broad / Cross-sector,,Europe,GSXESTAB,GS EU Eco Stability,EUR,Custom Basket,MAEG8WY6KQ2B1XDG,True
CUSTOM_BASKETS_LEVELS,Other / Review,Broad / Cross-sector,,Americas,GSQICFXS,USD CNH Short,USD,Custom Basket,MAEHCD0TPHTXH9F2,True
CUSTOM_BASKETS_LEVELS,Other / Review,Broad / Cross-sector,,Europe,GSCBHDWL,GS Dowlais Hedge,GBP,Custom Basket,MAEHGZBFYXSDJ610,True
CUSTOM_BASKETS_LEVELS,Factor,Broad / Cross-sector,Beta,Europe,GSXELMOM,EU High Beta Momnt Short,EUR,Custom Basket,MAEHRFNVBEY5DC7G,False
CUSTOM_BASKETS_LEVELS,Other / Review,Broad / Cross-sector,,Europe,GSXEFCFH,GS EU High FCF,EUR,Custom Basket,MAEJ7JDA99X36H13,True
CUSTOM_BASKETS_LEVELS,Sector Factor,Financials,Beta,Americas,GSFIBFBL,GS US Fin Beta Long,USD,Custom Basket,MAEJDREKFE7YW72F,False
CUSTOM_BASKETS_LEVELS,Factor,Broad / Cross-sector,Value,Asia,GSXAJBVL,GS JP Barra Value Long,JPY,Custom Basket,MAEJKJKEC5MZ4F0N,False
CUSTOM_BASKETS_LEVELS,Other / Review,Broad / Cross-sector,,Europe,GSCBAGRG,GS Global Agriculture,USD,Custom Basket,MAEJMQZSAMDBH362,True
CUSTOM_BASKETS_LEVELS,Other / Review,Broad / Cross-sector,,Europe,GSXGWATR,GS Global Water,USD,Custom Basket,MAEJPK6240EPX559,True
CUSTOM_BASKETS_LEVELS,Other / Review,Broad / Cross-sector,,Europe,GSCMBPTH,GS Bridgepoint Hedge,GBP,Custom Basket,MAEJVSC1VY64ZM5T,True
CUSTOM_BASKETS_LEVELS,Factor,Broad / Cross-sector,Dividend / Yield,Americas,GSXUMFES,US Earnings Yield Short,USD,Custom Basket,MAEKEZSTWX4HKRNQ,False
CUSTOM_BASKETS_LEVELS,Other / Review,Broad / Cross-sector,,Europe,GSCMQLTH,GS Quilter Hedge,GBP,Custom Basket,MAEKPBSSCNCC87RS,True
CUSTOM_BASKETS_LEVELS,Other / Review,Financials,,Americas,GSFIBFPL,GS US Fin Profit Long,USD,Custom Basket,MAEMF1AB8MEYB6PA,True
CUSTOM_BASKETS_LEVELS,Other / Review,Broad / Cross-sector,,Asia,GSXAJPAF,GS Japan Affiliates,JPY,Custom Basket,MAEMR6Q23GBNCY5A,True
CUSTOM_BASKETS_LEVELS,Other / Review,Broad / Cross-sector,,Asia,GSXAMFKL,GS Japan Mkt Sensitivity,JPY,Custom Basket,MAEMZGG8SBNVB9ZN,True
CUSTOM_BASKETS_LEVELS,Other / Review,Broad / Cross-sector,,Americas,GSXAAPSL,GS Asia Apple Sup Chain,USD,Custom Basket,MAEN3E4TEBHTJV6A,True
CUSTOM_BASKETS_LEVELS,Other / Review,Broad / Cross-sector,,Europe,GSXEHOIL,EU Hi Oil Price Sensitiv,EUR,Custom Basket,MAEP375AANHQG3FP,True
CUSTOM_BASKETS_LEVELS,Other / Review,Broad / Cross-sector,,Europe,GSCMCEYH,GS Centamin Hedge,GBP,Custom Basket,MAEPQQ722PSSD1N8,True
CUSTOM_BASKETS_LEVELS,Other / Review,Telecom / Comm Svcs,,Americas,GSXUCOMS,GS US Communications,USD,Custom Basket,MAEQEJ49WJEAJX49,True
CUSTOM_BASKETS_LEVELS,Other / Review,Consumer,,Europe,GSXEUKLO,GS UK Low Inc Consumer,GBP,Custom Basket,MAEQH0GRFY71C51J,True
CUSTOM_BASKETS_LEVELS,Other / Review,Broad / Cross-sector,,Europe,GSCBQ1WI,GS Custom Winners Basket,EUR,Custom Basket,MAEQPK6K5C0SVK2G,True
CUSTOM_BASKETS_LEVELS,Other / Review,Broad / Cross-sector,,Europe,GSCMDPWH,GS Deutsche Post Hedge,EUR,Custom Basket,MAERBXMRY9GXCCJQ,True
CUSTOM_BASKETS_LEVELS,Other / Review,Broad / Cross-sector,,Europe,GSXEMCPX,GS EU Mining CAPEX,EUR,Custom Basket,MAERGVFETW5TPQAV,True
CUSTOM_BASKETS_LEVELS,Other / Review,Broad / Cross-sector,,Asia,GSXAMFWL,GS Japan Vol Long,JPY,Custom Basket,MAERQ8MX6DBXXNZN,True
CUSTOM_BASKETS_LEVELS,Other / Review,Broad / Cross-sector,,Europe,GSCMSESG,GS SESG FP Hedge,EUR,Custom Basket,MAES6C17WF50RSSM,True
CUSTOM_BASKETS_LEVELS,Other / Review,Broad / Cross-sector,,Europe,GSCBMO06,GS Test Basket (TEST),USD,Custom Basket,MAESD3KTF9GDD7EX,True
CUSTOM_BASKETS_LEVELS,Other / Review,Broad / Cross-sector,,Europe,GSXEINSR,GS EU P&C & Reinsurance,EUR,Custom Basket,MAETHKRGY0M1J94K,True
CUSTOM_BASKETS_LEVELS,Theme,Broad / Cross-sector,China / Supply Chain,Asia,GSXAHMCH,GS China-H Basket,HKD,Custom Basket,MAEV00YKK0DFTTXE,False
CUSTOM_BASKETS_LEVELS,Other / Review,Broad / Cross-sector,,Europe,GSCMPSTH,GS Poste Italiane Hedge,EUR,Custom Basket,MAEVKJJ1VNEZNNK4,True
CUSTOM_BASKETS_LEVELS,Theme,Broad / Cross-sector,Reopening / Reflation,Americas,GSXACREF,GS China Reflation,USD,Custom Basket,MAEVSAA3JDJA2HXZ,False
CUSTOM_BASKETS_LEVELS,Other / Review,Broad / Cross-sector,,Europe,GSCMAKZH,GS Akzo Nobel Hedge,EUR,Custom Basket,MAEVZD60FZM0KANH,True
CUSTOM_BASKETS_LEVELS,Other / Review,Broad / Cross-sector,,Asia,GSXAJSUB,GS Japan Subsidiaries,JPY,Custom Basket,MAEWDZ7H6HW9EV6R,True
CUSTOM_BASKETS_LEVELS,Other / Review,Broad / Cross-sector,,Americas,GSXUPORT,GS Cargo Transportation,USD,Custom Basket,MAEWS0ABZ6KHATM1,True
CUSTOM_BASKETS_LEVELS,Other / Review,Broad / Cross-sector,,Europe,GSXELASM,GS Low Analyst Sent,EUR,Custom Basket,MAEWYBPQH52KHY2X,True
CUSTOM_BASKETS_LEVELS,Other / Review,Broad / Cross-sector,,Europe,GSCBCHXC,GS EU Cycl Chems ex COV,EUR,Custom Basket,MAEWYFJT68NMCE53,True
CUSTOM_BASKETS_LEVELS,Factor,Broad / Cross-sector,Momentum,Europe,GSXELMZA,GS South Africa Low Momo,ZAR,Custom Basket,MAEX27EVA77TRXC4,False
CUSTOM_BASKETS_LEVELS,Factor,Broad / Cross-sector,Momentum,Asia,GSXAHKMS,GS Hong Kong Momo Short,HKD,Custom Basket,MAEX6SFHF1CK4KSP,False
CUSTOM_BASKETS_LEVELS,Theme,Broad / Cross-sector,China / Supply Chain,Asia,GSCBJCHE,Japan China Expo ex FA,JPY,Custom Basket,MAEX8H52QT0HBHWA,False
CUSTOM_BASKETS_LEVELS,Theme,Broad / Cross-sector,China / Supply Chain,Americas,GSXACEVM,GS China EV Manufacturer,USD,Custom Basket,MAEXXK8SK51QQWHJ,False
CUSTOM_BASKETS_LEVELS,Theme,Broad / Cross-sector,Balance Sheet Strength,Americas,GSXFBZWB,BZ Weak Balance Sheet,BRL,Custom Basket,MAEY3GR978DK2D15,False
CUSTOM_BASKETS_LEVELS,Other / Review,Broad / Cross-sector,,Europe,GSCBEUFD,GS EU Food Delivery,EUR,Custom Basket,MAEYH4FBFBSSJ3CA,True
CUSTOM_BASKETS_LEVELS,Other / Review,Broad / Cross-sector,,Americas,GSXUEDEF,GS Expensive Defensives,USD,Custom Basket,MAEZJAGHBDEH6C40,True
CUSTOM_BASKETS_LEVELS,Theme,TMT / Tech,TMT,Americas,GSXFEMTC,GS EM TMT ex China,USD,Custom Basket,MAEZV57QV1VYWBH7,False
CUSTOM_BASKETS_LEVELS,Other / Review,Broad / Cross-sector,,Europe,GSCMOCDL,GS Ocado Hedge,GBP,Custom Basket,MAF0R8C112BRDPDG,True
CUSTOM_BASKETS_LEVELS,Sector Factor,Consumer,Volatility,Americas,GSCNBFRS,GS US Cons Res Vol Short,USD,Custom Basket,MAF0VRZTT99A1MSX,False
CUSTOM_BASKETS_LEVELS,Sector Factor,Industrials,Momentum,Europe,GSXEBMLI,EU Industrials Momo Long,EUR,Custom Basket,MAF0ZWMJ0NJFZ95W,False
CUSTOM_BASKETS_LEVELS,Other / Review,Broad / Cross-sector,,Europe,GSCMPHNX,GS Phoenix Hedge,GBP,Custom Basket,MAF11SJ98HMJHF6Q,True
CUSTOM_BASKETS_LEVELS,Other / Review,Energy,,Americas,GSENEPOW,GS Power Up America,USD,Custom Basket,MAF1701E17G167B0,True
CUSTOM_BASKETS_LEVELS,Other / Review,Broad / Cross-sector,,Europe,GSCBREEU,GS EU REITs,EUR,Custom Basket,MAF1H8AKXTK4VNKW,True
CUSTOM_BASKETS_LEVELS,Other / Review,TMT / Tech,,Global,GSXAATEC,GS Australia Tech,AUD,Custom Basket,MAF1Y9Z7AWP0M52W,True
CUSTOM_BASKETS_LEVELS,Other / Review,Broad / Cross-sector,,Asia,GSCBJKOH,GS,JPY,Custom Basket,MAF3H6RE86JXDZDE,True
CUSTOM_BASKETS_LEVELS,Other / Review,Broad / Cross-sector,,Americas,GSXGDRON,GS Global Drones,USD,Custom Basket,MAF44ERJ7E15P9HH,True
CUSTOM_BASKETS_LEVELS,Theme,Broad / Cross-sector,China / Supply Chain,Asia,GSXACSPA,GS China Comm. Space,CNH,Custom Basket,MAF4CJJ24YHSQ9J6,False
CUSTOM_BASKETS_LEVELS,Theme,Broad / Cross-sector,China / Supply Chain,Americas,GSXACELE,GS China Electrif Export,USD,Custom Basket,MAF4MWFZ15V6B34V,False
CUSTOM_BASKETS_LEVELS,Factor,Broad / Cross-sector,Growth,Europe,GSCBMIGL,EU Midcap Growth Long,EUR,Custom Basket,MAF4XVMVRZF7G40D,False
CUSTOM_BASKETS_LEVELS,Other / Review,Broad / Cross-sector,,Americas,GSHLCIMU,GS Autoimmune/Inflam.,USD,Custom Basket,MAF5C2AFRS9P282K,True
CUSTOM_BASKETS_LEVELS,Other / Review,Broad / Cross-sector,,Europe,GSCMGLEG,GS Global Glencore Hedge,GBP,Custom Basket,MAF5N3MW3WASNT8E,True
CUSTOM_BASKETS_LEVELS,Sector Factor,Financials,Growth,Americas,GSFIBFGL,GS US Fin Growth Long,USD,Custom Basket,MAF5WRHGVM1H248Z,False
CUSTOM_BASKETS_LEVELS,Factor,Broad / Cross-sector,Size,Europe,GSXEMISL,EU Rctv Lrge Midcap Size,EUR,Custom Basket,MAF68CQCGXPDBRJF,False
CUSTOM_BASKETS_LEVELS,Other / Review,Broad / Cross-sector,,Asia,GSCBJDE1,GS JP Defense Hedge - HM,JPY,Custom Basket,MAF70MVG1V729226,True
CUSTOM_BASKETS_LEVELS,Other / Review,Broad / Cross-sector,,Europe,GSCMEMBR,GS Embracer Hedge,SEK,Custom Basket,MAF70Z3Z3QD92TMX,True
CUSTOM_BASKETS_LEVELS,Other / Review,Broad / Cross-sector,,Europe,GSCMCSGN,GS Credit Suisse Hedge,CHF,Custom Basket,MAF75JBZCKH5616E,True
CUSTOM_BASKETS_LEVELS,Other / Review,Health Care,,Americas,GSHLCITD,GS HC IT & Dig Disrupt.,USD,Custom Basket,MAF7FS3N0MYHAQ5P,True
CUSTOM_BASKETS_LEVELS,Other / Review,TMT / Tech,,Europe,GSXGCLTK,GS Global Clean Tech,USD,Custom Basket,MAF7T3BRC3D2DS3P,True
CUSTOM_BASKETS_LEVELS,Other / Review,Broad / Cross-sector,,Americas,GSXULEND,GS Lending Sensitive,USD,Custom Basket,MAF89YJDWZDCTWGG,True
CUSTOM_BASKETS_LEVELS,Other / Review,Broad / Cross-sector,,Europe,GSCMSBMO,GS SBM Offshore Hedge,EUR,Custom Basket,MAF8AMGN4XWT0TR1,True
CUSTOM_BASKETS_LEVELS,Other / Review,Real Estate,,Americas,GSFINAPT,US Fins Apt Real Estate,USD,Custom Basket,MAF8SK2A2K9RF71F,True
CUSTOM_BASKETS_LEVELS,Other / Review,Financials,,Asia,GSXAJFXS,GS Japan Fins X-Sharehol,JPY,Custom Basket,MAF95SESV3MX6P2A,True
CUSTOM_BASKETS_LEVELS,Other / Review,Broad / Cross-sector,,Europe,GSCBIROR,GS Global Iron Ore,USD,Custom Basket,MAF9FXJPYZ7NCPN8,True
CUSTOM_BASKETS_LEVELS,Factor,Broad / Cross-sector,Value,Europe,GSCBMIVS,EU Midcap Value Short,EUR,Custom Basket,MAFARTTBP8142PHT,False
CUSTOM_BASKETS_LEVELS,Other / Review,Broad / Cross-sector,,Americas,GSCBCYDP,GS US Depressed Cyclical,USD,Custom Basket,MAFAT15DB2RVZG7B,True
CUSTOM_BASKETS_LEVELS,Other / Review,Consumer,,Americas,GSXUMIDC,GS Mid Income Consumer,USD,Custom Basket,MAFBD5FF5GS25KSQ,True
CUSTOM_BASKETS_LEVELS,Other / Review,Broad / Cross-sector,,Americas,GSCBHITX,GSCBHITX,USD,Custom Basket,MAFCCE6WRVE7B5EV,True
CUSTOM_BASKETS_LEVELS,Theme,Broad / Cross-sector,China / Supply Chain,Asia,GSCBCGP2,GS China GARP,CNH,Custom Basket,MAFCESQVD2S1XDM2,False
CUSTOM_BASKETS_LEVELS,Other / Review,Broad / Cross-sector,,Asia,GSXAKLPB,GS Korea Low PBR,KRW,Custom Basket,MAFD3GB8JB25QJT2,True
CUSTOM_BASKETS_LEVELS,Other / Review,Broad / Cross-sector,,Americas,GSCBXSPC,(Pre) SPAC-Sensitives,USD,Custom Basket,MAFDKCG2KP8KPPSR,True
CUSTOM_BASKETS_LEVELS,Other / Review,Broad / Cross-sector,,Asia,GSCBJPDR,GS Japan Domestic Recov.,JPY,Custom Basket,MAFDMQTVZGSBGM1N,True
CUSTOM_BASKETS_LEVELS,Other / Review,Broad / Cross-sector,,Europe,GSXFCEGO,GS CEEMEA Go Outside,USD,Custom Basket,MAFDW58F9RN3VZX5,True
CUSTOM_BASKETS_LEVELS,Other / Review,Broad / Cross-sector,,Asia,GSCBIJRT,GS Custom JP Retail,JPY,Custom Basket,MAFEBRSSR6YBF349,True
CUSTOM_BASKETS_LEVELS,Other / Review,Broad / Cross-sector,,Europe,GSXEINFS,GS EU Infrastructure,EUR,Custom Basket,MAFEH2CPPGXSX5SX,True
CUSTOM_BASKETS_LEVELS,Other / Review,Broad / Cross-sector,,Europe,GSCMASKH,GS Asker Hedge,EUR,Custom Basket,MAFFY8X4MD6TW01B,True
CUSTOM_BASKETS_LEVELS,Other / Review,Broad / Cross-sector,,Europe,GSCMBAVH,GS Bavarian Hedge,DKK,Custom Basket,MAFG0K451F3KX94B,True
CUSTOM_BASKETS_LEVELS,Other / Review,Broad / Cross-sector,,Americas,GSXAPEWS,GS APEJC Volatilty Short,USD,Custom Basket,MAFGCE1TZJM25F5G,True
CUSTOM_BASKETS_LEVELS,Other / Review,Broad / Cross-sector,,Americas,GSXGAERO,GS Global Aerospace,USD,Custom Basket,MAFGDHM5J2KS5BT4,True
CUSTOM_BASKETS_LEVELS,Theme,Broad / Cross-sector,China / Supply Chain,Americas,GSXACRMS,GS China Strong RMB,USD,Custom Basket,MAFHM9A9E7QS02K8,False
CUSTOM_BASKETS_LEVELS,Theme,Broad / Cross-sector,China / Supply Chain,Americas,GSXACFIS,GS China Fiscal Stimulus,USD,Custom Basket,MAFJ4D7YQNWQJFRW,False
CUSTOM_BASKETS_LEVELS,Other / Review,Broad / Cross-sector,,Europe,GSCMSHLH,GS Siemens Health Hedge,EUR,Custom Basket,MAFJQGX690PEJW4R,True
CUSTOM_BASKETS_LEVELS,Other / Review,Broad / Cross-sector,,Europe,GSXFCEOG,GS CEEMEA Oil & Gas,USD,Custom Basket,MAFJZ7VQV1XKGJ2H,True
CUSTOM_BASKETS_LEVELS,Other / Review,Broad / Cross-sector,,Americas,GSCBHSI2,GS Custom Hong Kong USD,USD,Custom Basket,MAFK6C33ZW86KAE8,True
CUSTOM_BASKETS_LEVELS,Other / Review,Broad / Cross-sector,,Europe,GSCMVIEF,GS Veolia Hedge,EUR,Custom Basket,MAFKFX2248DGVKFP,True
CUSTOM_BASKETS_LEVELS,Other / Review,Broad / Cross-sector,,Europe,GSXELATM,GS EU LatAm Exposed,EUR,Custom Basket,MAFMA6MQHST56QBS,True
CUSTOM_BASKETS_LEVELS,Other / Review,Broad / Cross-sector,,Europe,GSCMRXLH,GS Rexel Hedge,EUR,Custom Basket,MAFMKEE5N7Z7VMBS,True
CUSTOM_BASKETS_LEVELS,Other / Review,Broad / Cross-sector,,Americas,GSCBBZEN,Brazil Domestics,BRL,Custom Basket,MAFP6JHSE9J1FEPQ,True
CUSTOM_BASKETS_LEVELS,Other / Review,Broad / Cross-sector,,Americas,GSXGROKS,Global Rocket Supplies,USD,Custom Basket,MAFPGXJQDPRBDS86,True
CUSTOM_BASKETS_LEVELS,Other / Review,Broad / Cross-sector,,Americas,GSXAHYDE,GS Asia Hydrogen,USD,Custom Basket,MAFPQ5A8V53G19WB,True
CUSTOM_BASKETS_LEVELS,Other / Review,Broad / Cross-sector,,Europe,GSXEDEDO,GS German Domestics,EUR,Custom Basket,MAFQ0GXBFRSTF51M,True
CUSTOM_BASKETS_LEVELS,Factor,Broad / Cross-sector,Quality,Europe,GSXEBFNL,High Earnings Quality,EUR,Custom Basket,MAFQ0NH3139AG0KK,False
CUSTOM_BASKETS_LEVELS,Other / Review,Broad / Cross-sector,,Asia,GSXAIDEF,GS India Defense,INR,Custom Basket,MAFQT7MBVR58MMPX,True
CUSTOM_BASKETS_LEVELS,Factor,Broad / Cross-sector,Momentum,Americas,GSXUBFMS,GS US Barra Lo Momentum,USD,Custom Basket,MAFRMDA59GCZA9M1,False
CUSTOM_BASKETS_LEVELS,Factor,Broad / Cross-sector,Quality,Americas,GSXUBFQL,GS US High Quality,USD,Custom Basket,MAFS7DJ4FWZFBK2M,False
CUSTOM_BASKETS_LEVELS,Other / Review,Broad / Cross-sector,,Americas,GSHLCLCB,GS Large Cap BioTech,USD,Custom Basket,MAFSB702ZC4BG6T3,True
CUSTOM_BASKETS_LEVELS,Theme,Broad / Cross-sector,Healthcare Innovation,Europe,GSCMZEAL,GS Zealand Pharma Hedge,DKK,Custom Basket,MAFT2RTP57JCVP5F,False
CUSTOM_BASKETS_LEVELS,Other / Review,Health Care,,Americas,GSHLCHOM,GS Remote/Home HC,USD,Custom Basket,MAFV9C7WKYJCBSVH,True
CUSTOM_BASKETS_LEVELS,Other / Review,Broad / Cross-sector,,Americas,GSCMEQHB,GS Flagship EQT Hedge,USD,Custom Basket,MAFVMS024XPD1GQ2,True
CUSTOM_BASKETS_LEVELS,Theme,Broad / Cross-sector,China / Supply Chain,Asia,GSXACSHQ,GS China Small High Q.,CNH,Custom Basket,MAFVTGT3AR4WQ6GX,False
CUSTOM_BASKETS_LEVELS,Other / Review,Broad / Cross-sector,,Asia,GSXAHKEV,GS Hong Kong EVs,HKD,Custom Basket,MAFW18QQFEAYC2W1,True
CUSTOM_BASKETS_LEVELS,Factor,Broad / Cross-sector,Leverage,Americas,GSXUBFLS,GS US Barra Lo Leverage,USD,Custom Basket,MAFW7TZWWHA3W7CQ,False
CUSTOM_BASKETS_LEVELS,Other / Review,Broad / Cross-sector,,Europe,GSCMRKTB,GS Reckitt Benckiser Hed,GBP,Custom Basket,MAFW9V43HR2430PS,True
CUSTOM_BASKETS_LEVELS,Other / Review,Broad / Cross-sector,,Europe,GSCMPUBH,GS Publicis Groupe Hedge,EUR,Custom Basket,MAFWD0NZEZZW3N59,True
CUSTOM_BASKETS_LEVELS,Other / Review,Broad / Cross-sector,,Asia,GSXASKSQ,GS Korea SQ,KRW,Custom Basket,MAFWXSNXPNSPJ1CS,True
CUSTOM_BASKETS_LEVELS,Other / Review,Broad / Cross-sector,,Americas,GSXUGRID,GS US Grid Revamp,USD,Custom Basket,MAFXKB57067E84H0,True
CUSTOM_BASKETS_LEVELS,Sector Factor,TMT / Tech,Value,Americas,GSTMBFVL,GS US TMT Value Long,USD,Custom Basket,MAFYAJPBRJ73G4C0,False
CUSTOM_BASKETS_LEVELS,Factor,Broad / Cross-sector,Quality,Europe,GSXEBFNS,EU Low Earnings Quality,EUR,Custom Basket,MAFYBEP0BZ2TJT8Q,False
CUSTOM_BASKETS_LEVELS,Other / Review,Broad / Cross-sector,,Europe,GSCMBION,GS BB Biotech Hedge,CHF,Custom Basket,MAFYJR07TNB532M8,True
CUSTOM_BASKETS_LEVELS,Other / Review,Broad / Cross-sector,,Americas,GSXUELCV,GS US Electric Vehicles,USD,Custom Basket,MAFYMXW1CS37AJ7M,True
CUSTOM_BASKETS_LEVELS,Other / Review,Broad / Cross-sector,,Americas,GSCBROBH,GS APAC Robots Hedge,USD,Custom Basket,MAFYREYVKRV74AD9,True
CUSTOM_BASKETS_LEVELS,Other / Review,Broad / Cross-sector,,Asia,GSXAJCRR,GS Japan Critical Resour,JPY,Custom Basket,MAFZ09EEQ4TAFR3F,True
CUSTOM_BASKETS_LEVELS,Sector Factor,Industrials,Size,Americas,GSINBFZL,GS US INL Size Long,USD,Custom Basket,MAFZTPFWACESWJAK,False
CUSTOM_BASKETS_LEVELS,Other / Review,TMT / Tech,,Asia,GSXAJITS,GS Japan IT Serv.,JPY,Custom Basket,MAG08BFENB1JJM6A,True
CUSTOM_BASKETS_LEVELS,Other / Review,Materials,,Asia,GSXATWMT,GS Taiwan Materials,TWD,Custom Basket,MAG09K084B8PRPCY,True
CUSTOM_BASKETS_LEVELS,Theme,TMT / Tech,Software,Americas,GSTMTSMI,GS US SMid-Cap Software,USD,Custom Basket,MAG0VXJC9SS4RWZ8,False
CUSTOM_BASKETS_LEVELS,Other / Review,Broad / Cross-sector,,Europe,GSCMVISH,GS Visma Global Hedge,USD,Custom Basket,MAG0W8Z5M7F0H1DT,True
CUSTOM_BASKETS_LEVELS,Factor,Broad / Cross-sector,Quality,Americas,GSXUCOMP,GS Quality Compounders,USD,Custom Basket,MAG0X9WANFWJR4AV,False
CUSTOM_BASKETS_LEVELS,Other / Review,Broad / Cross-sector,,Asia,GSXAKRPW,GS Korea Policy Winners,KRW,Custom Basket,MAG0YMSPZ9R3NJ1Q,True
CUSTOM_BASKETS_LEVELS,Other / Review,Broad / Cross-sector,,Europe,GSCBHCCO,GS EU Health COVID Benef,EUR,Custom Basket,MAG1GHTENXEWN20R,True
CUSTOM_BASKETS_LEVELS,Other / Review,Broad / Cross-sector,,Asia,GSCBKPOP,GS Korea Entertainment,KRW,Custom Basket,MAG1JFY195MV0XDR,True
CUSTOM_BASKETS_LEVELS,Other / Review,Broad / Cross-sector,,Europe,GSCMTPKH,GS Travis Perkins Hedge,GBP,Custom Basket,MAG1KFNRW2D4XN2E,True
CUSTOM_BASKETS_LEVELS,Factor,Broad / Cross-sector,Value,Asia,GSXAJPIP,GS Japan IP Value Unlock,JPY,Custom Basket,MAG1V56JH2YWEBCA,False
CUSTOM_BASKETS_LEVELS,Other / Review,Broad / Cross-sector,,Americas,GSXUNDEF,GS US New Defense,USD,Custom Basket,MAG2E4KX7MHNT20J,True
CUSTOM_BASKETS_LEVELS,Other / Review,Broad / Cross-sector,,Americas,GSXGNUCL,GS Global Uranium/Nucl.,USD,Custom Basket,MAG2F8HR4Q1PV11D,True
CUSTOM_BASKETS_LEVELS,Other / Review,Broad / Cross-sector,,Europe,GSXERETH,GS EU Non-Food Retail HL,EUR,Custom Basket,MAG2NFWXW37611C4,True
CUSTOM_BASKETS_LEVELS,Other / Review,Broad / Cross-sector,,Americas,GSXUTECH,GS US Technology,USD,Custom Basket,MAG3DP0ZVVT9N0FS,True
CUSTOM_BASKETS_LEVELS,Other / Review,Broad / Cross-sector,,Asia,GSCBIJLT,GS Custom JP Land Transp,JPY,Custom Basket,MAG3HJ9DZV7ZGYSY,True
CUSTOM_BASKETS_LEVELS,Other / Review,Broad / Cross-sector,,Europe,GSCBALUX,GS EU Auto Luxury,EUR,Custom Basket,MAG4D2ATJ6YDAJF6,True
CUSTOM_BASKETS_LEVELS,Theme,Broad / Cross-sector,China / Supply Chain,Americas,GSXUCSUP,China Supply Chain,USD,Custom Basket,MAG4RM16C4BYB50M,False
CUSTOM_BASKETS_LEVELS,Other / Review,Health Care,,Americas,GSHLCELE,GS HC Utilization,USD,Custom Basket,MAG5QGBS5H8FXE54,True
CUSTOM_BASKETS_LEVELS,Other / Review,Broad / Cross-sector,,Asia,GSDESKYN,GS DESK CNY NTR,CNY,Custom Basket,MAG5QQER8EP00PCB,True
CUSTOM_BASKETS_LEVELS,Other / Review,Broad / Cross-sector,,Europe,GSCBHYB1,GS EU High DY Banks,EUR,Custom Basket,MAG5W4GGGEQCRQBV,True
CUSTOM_BASKETS_LEVELS,Other / Review,Broad / Cross-sector,,Europe,GSCMPPCH,GS PPC GA Hedge,EUR,Custom Basket,MAG5WQGAGP97WTF4,True
CUSTOM_BASKETS_LEVELS,Other / Review,Broad / Cross-sector,,Americas,GSXUIPPS,GS US IPPs,USD,Custom Basket,MAG5YV9RCS5HZ7GA,True
CUSTOM_BASKETS_LEVELS,Other / Review,Broad / Cross-sector,,Europe,GSCBNFRA,GS EU Infrastructure,EUR,Custom Basket,MAG63V1YVSP5XRS6,True
CUSTOM_BASKETS_LEVELS,Other / Review,Financials,,Americas,GSXUCFIN,GS Canada Financials,USD,Custom Basket,MAG64MEP07TX6K4J,True
CUSTOM_BASKETS_LEVELS,Factor,Broad / Cross-sector,Size,Americas,GSXUBAZS,GS US Low Size,USD,Custom Basket,MAG654ERV1FH33NQ,False
CUSTOM_BASKETS_LEVELS,Sector Factor,TMT / Tech,Volatility,Americas,GSTMBFRS,GS US TMT Res Vol Short,USD,Custom Basket,MAG67MAE3S11XKE5,False
CUSTOM_BASKETS_LEVELS,Other / Review,Broad / Cross-sector,,Americas,GSXFMXDE,GS MX Defensives (USD),USD,Custom Basket,MAG6BKWNJYPHJ9ZA,True
CUSTOM_BASKETS_LEVELS,Other / Review,Broad / Cross-sector,,Europe,GSCBHYDE,GS Global Hydrogen,EUR,Custom Basket,MAG8FHRXNRDMTBTZ,True
CUSTOM_BASKETS_LEVELS,Other / Review,Broad / Cross-sector,,Europe,GSCMHOHE,GS Thales Hedge,EUR,Custom Basket,MAG8GKJ0PWS8B554,True
CUSTOM_BASKETS_LEVELS,Other / Review,Broad / Cross-sector,,Europe,GSXGCOPP,GS Global Copper Exposed,USD,Custom Basket,MAG8ZN3H77J2F1Y8,True
CUSTOM_BASKETS_LEVELS,Other / Review,Broad / Cross-sector,,Asia,GSXAHSXI,GS HK ex Internet,HKD,Custom Basket,MAGA475YM7YKKC2K,True
CUSTOM_BASKETS_LEVELS,Other / Review,Broad / Cross-sector,,Asia,GSXAJLAH,GS Japan Capital Light,JPY,Custom Basket,MAGA9VDMJS11K6QC,True
CUSTOM_BASKETS_LEVELS,Factor,Broad / Cross-sector,Value,Asia,GSXACBVS,GS China Barra Value Sho,CNH,Custom Basket,MAGADAHSXEN5RRJG,False
CUSTOM_BASKETS_LEVELS,Factor,Broad / Cross-sector,Volatility,Americas,GSXUWRVS,GS US Wolfe Low Res Vol,USD,Custom Basket,MAGBP7JR3GG88CV5,False
CUSTOM_BASKETS_LEVELS,Sector Factor,Industrials,Growth,Americas,GSINBFGL,GS US INL Growth Long,USD,Custom Basket,MAGCA74VS7SFAM2C,False
CUSTOM_BASKETS_LEVELS,Factor,Broad / Cross-sector,Quality,Americas,GSXACHLQ,GS China Low Quality,USD,Custom Basket,MAGCY6C18EF9WZX0,False
CUSTOM_BASKETS_LEVELS,Other / Review,Broad / Cross-sector,,Europe,GSCMCWRH,GS Ceres Power Hedge,EUR,Custom Basket,MAGDAHBF7PN6XV6V,True
CUSTOM_BASKETS_LEVELS,Sector Factor,Consumer,Beta,Americas,GSCNBFBL,GS US Consumer Beta Long,USD,Custom Basket,MAGDP1F4CZRC73FD,False
CUSTOM_BASKETS_LEVELS,Other / Review,Broad / Cross-sector,,Europe,GSCMISPH,GS Intesa Sanpaolo Hedge,EUR,Custom Basket,MAGE9CCZYYECFA5H,True
CUSTOM_BASKETS_LEVELS,Other / Review,Broad / Cross-sector,,Europe,GSCMBNPH,GS BNP Hedge,EUR,Custom Basket,MAGEAXH824DG307M,True
CUSTOM_BASKETS_LEVELS,Other / Review,Broad / Cross-sector,,Europe,GSXGCUMA,GS Copper M&A,GBP,Custom Basket,MAGECQH5TYZ02RR3,True
CUSTOM_BASKETS_LEVELS,Other / Review,Health Care,,Asia,GSXAJPHC,GS Japan Healthcare,JPY,Custom Basket,MAGEEQYBVKVR429G,True
CUSTOM_BASKETS_LEVELS,Other / Review,Broad / Cross-sector,,Europe,GSCMUKWL,GSCMUKWL,GBP,Custom Basket,MAGF38F8JGAZ8DNY,True
CUSTOM_BASKETS_LEVELS,Other / Review,Broad / Cross-sector,,Europe,GSXEUKLS,GS UK Stagflation Long,GBP,Custom Basket,MAGFC3MYN4BJG2P0,True
CUSTOM_BASKETS_LEVELS,Factor,Broad / Cross-sector,Leverage,Europe,GSXEBFFS,EU Pure Low Leverage,EUR,Custom Basket,MAGG51NM4V9QJ1TB,False
CUSTOM_BASKETS_LEVELS,Factor,Broad / Cross-sector,Quality,Americas,GSXUBFAL,GS US High Mgmt Quality,USD,Custom Basket,MAGGXTGPEAMCZASC,False
CUSTOM_BASKETS_LEVELS,Theme,Broad / Cross-sector,AI,Americas,GSXUAGNT,GS US Agentic AI,USD,Custom Basket,MAGGZWR53625JMQ1,False
CUSTOM_BASKETS_LEVELS,Other / Review,Consumer,,Americas,GSXAPREV,GS AxJ Cons Revision Win,USD,Custom Basket,MAGHHK6EH81STPJR,True
CUSTOM_BASKETS_LEVELS,Sector Factor,Consumer,Crowding,Americas,GSCNWFCS,GS US Cons Low Crowding,USD,Custom Basket,MAGHN9034W690W31,False
CUSTOM_BASKETS_LEVELS,Other / Review,Broad / Cross-sector,,Asia,GSCBJTXT,GS JP Transport ex Toyot,JPY,Custom Basket,MAGK0FAKMKS89XSC,True
CUSTOM_BASKETS_LEVELS,Theme,Broad / Cross-sector,AI,Americas,GSCBCAIB,GS China AI Bottlenecks,USD,Custom Basket,MAGK3W5P7B6VG42W,False
CUSTOM_BASKETS_LEVELS,Other / Review,Broad / Cross-sector,,Europe,GSXEITMC,GS Italian Mid Caps,EUR,Custom Basket,MAGK5KBM9FTZ9ZH5,True
CUSTOM_BASKETS_LEVELS,Other / Review,Broad / Cross-sector,,Asia,GSXAIHBM,GS India Home Building M,INR,Custom Basket,MAGKQG5RJNS3JRTK,True
CUSTOM_BASKETS_LEVELS,Other / Review,Broad / Cross-sector,,Europe,GSXE4TO3,GS Mobile Consolidation,EUR,Custom Basket,MAGMJMP5259GNGK4,True
CUSTOM_BASKETS_LEVELS,Other / Review,Broad / Cross-sector,,Americas,GSHLCLST,GS LS Tools & Diagnostic,USD,Custom Basket,MAGMN50KNJYWQ0K6,True
CUSTOM_BASKETS_LEVELS,Other / Review,Broad / Cross-sector,,Europe,GSCMSAPH,GS SAP Hedge (Liquid),EUR,Custom Basket,MAGMZXWQWQRPQ4PH,True
CUSTOM_BASKETS_LEVELS,Theme,Broad / Cross-sector,Clean Energy / ESG,Europe,GSXUESGF,US ESG Favorites,USD,Custom Basket,MAGN4ARF92S59ETM,False
CUSTOM_BASKETS_LEVELS,Other / Review,Broad / Cross-sector,,Asia,GSCBINRF,GS India Retail Favs,INR,Custom Basket,MAGN5MKM8T3SV82F,True
CUSTOM_BASKETS_LEVELS,Other / Review,Broad / Cross-sector,,Europe,GSXETAXO,GS EU Taxonomy,EUR,Custom Basket,MAGP6FRCP6CKNWFK,True
CUSTOM_BASKETS_LEVELS,Theme,Broad / Cross-sector,China / Supply Chain,Americas,GSXAC5YP,GS China 14th 5Year Plan,USD,Custom Basket,MAGP7WNPCMN5MJWQ,False
CUSTOM_BASKETS_LEVELS,Other / Review,Broad / Cross-sector,,Europe,GSCMGRFH,GS Grifols Global Hedge,EUR,Custom Basket,MAGQDJQY5QQXWF4N,True
CUSTOM_BASKETS_LEVELS,Other / Review,Consumer,,Americas,GSXUSERV,GS US Consumer Services,USD,Custom Basket,MAGQT5C2J79TJNGP,True
CUSTOM_BASKETS_LEVELS,Other / Review,Broad / Cross-sector,,Europe,GSCMFERG,GS Ferguson Enterp Hedge,GBP,Custom Basket,MAGQYABW0FTNJNX2,True
CUSTOM_BASKETS_LEVELS,Other / Review,TMT / Tech,,Europe,GSCMEXAH,GS Exail Tech Hedge,EUR,Custom Basket,MAGR1DYRBTFY0N4Z,True
CUSTOM_BASKETS_LEVELS,Factor,Broad / Cross-sector,Quality,Americas,GSCBCSOQ,GS China Quality SOEs,USD,Custom Basket,MAGRE8ABGPVDPJW0,False
CUSTOM_BASKETS_LEVELS,Theme,Broad / Cross-sector,China / Supply Chain,Asia,GSC1000N,GS China Net Basket,CNY,Custom Basket,MAGSPRRGHACEVVRC,False
CUSTOM_BASKETS_LEVELS,Other / Review,Broad / Cross-sector,,Americas,GSXURFND,GS US Tax Refund Benefit,USD,Custom Basket,MAGV3E55E1RGQTA2,True
CUSTOM_BASKETS_LEVELS,Factor,Broad / Cross-sector,Volatility,Americas,GSXUBARS,GS US Barra Low Res Vol,USD,Custom Basket,MAGV9C1VN7QPPS13,False
CUSTOM_BASKETS_LEVELS,Factor,Broad / Cross-sector,Size,Asia,GSXACBSL,GS China Barra Size Long,CNH,Custom Basket,MAGVGBB1SMW1CK2T,False
CUSTOM_BASKETS_LEVELS,Theme,TMT / Tech,Software,Americas,GSCBSFSB,GS Software Small Bus.,USD,Custom Basket,MAGWSF69PT2TTYCJ,False
CUSTOM_BASKETS_LEVELS,Theme,Real Estate,China / Supply Chain,Asia,GSXACHRE,GS China-H Real Estate,HKD,Custom Basket,MAGWZSZX8SMS185C,False
CUSTOM_BASKETS_LEVELS,Other / Review,Broad / Cross-sector,,Europe,GSGLFINP,GS Global Fintech Paymnt,USD,Custom Basket,MAGX5QPRPA9KXTDH,True
CUSTOM_BASKETS_LEVELS,Other / Review,Broad / Cross-sector,,Europe,GSCMRELH,GS Relx Hedge,GBP,Custom Basket,MAGX91P0P57BMV2R,True
CUSTOM_BASKETS_LEVELS,Other / Review,Energy,,Asia,GSXAENSC,GS Korea Energy Security,KRW,Custom Basket,MAGY50V0JX21HQFP,True
CUSTOM_BASKETS_LEVELS,Sector Factor,Industrials,Volatility,Americas,GSINBFRL,GS US INL Res Vol Long,USD,Custom Basket,MAGY8KR8EHBGRCCE,False
CUSTOM_BASKETS_LEVELS,Other / Review,Broad / Cross-sector,,Europe,GSXFCEWU,GS CEEMEA Weak USD Wners,USD,Custom Basket,MAGYZQTKXBRRT6YH,True
CUSTOM_BASKETS_LEVELS,Theme,Broad / Cross-sector,AI,Americas,GSXFEMAI,GS EM AI Ecosystem,USD,Custom Basket,MAGZ0YMSX5ZC57H6,False
CUSTOM_BASKETS_LEVELS,Other / Review,Broad / Cross-sector,,Americas,GSHLCANH,GS Animal Health,USD,Custom Basket,MAH09PE5PSS51QH9,True
CUSTOM_BASKETS_LEVELS,Other / Review,Broad / Cross-sector,,Americas,GSXUBIOP,GS US Bioprocessing,USD,Custom Basket,MAH0N08A4NTSAYHT,True
CUSTOM_BASKETS_LEVELS,Other / Review,Broad / Cross-sector,,Americas,GSCBMF24,GS MF Tax Loss 2024,USD,Custom Basket,MAH0S09XKFDSRNE7,True
CUSTOM_BASKETS_LEVELS,Other / Review,Consumer,,Asia,GSXAJPDR,GS Japan Domestic Cons,JPY,Custom Basket,MAH0XHD2FPDPA85Y,True
CUSTOM_BASKETS_LEVELS,Other / Review,Broad / Cross-sector,,Europe,GSCMSNRH,GS Senior Hedge,GBP,Custom Basket,MAH0ZEE0MBKB9T08,True
CUSTOM_BASKETS_LEVELS,Sector Factor,Industrials,Leverage,Americas,GSINBFLL,GS US INL Leverage Long,USD,Custom Basket,MAH10A3B9JE6X03H,False
CUSTOM_BASKETS_LEVELS,Other / Review,Broad / Cross-sector,,Americas,GSXUMFBL,High Market Sensitivity,USD,Custom Basket,MAH1D4X225X9J9AA,True
CUSTOM_BASKETS_LEVELS,Other / Review,Broad / Cross-sector,,Americas,GSXUWFRL,GS US Wolfe Hi IR Rates,USD,Custom Basket,MAH1JKNJXE36PR66,True
CUSTOM_BASKETS_LEVELS,Other / Review,Broad / Cross-sector,,Europe,GSXEHNSM,GS EU High News Sent,EUR,Custom Basket,MAH1KPX9SNNMYRNT,True
CUSTOM_BASKETS_LEVELS,Other / Review,Broad / Cross-sector,,Europe,GSCMBAWA,GSCMBAWA,EUR,Custom Basket,MAH2B5GJG5GK4GEY,True
CUSTOM_BASKETS_LEVELS,Factor,Broad / Cross-sector,Profitability,Americas,GSXUBFPL,GS US Barra High Prof,USD,Custom Basket,MAH2VRS88VHFS9W5,False
CUSTOM_BASKETS_LEVELS,Other / Review,Broad / Cross-sector,,Europe,GSXEHISI,GS EU High SI 1,EUR,Custom Basket,MAH2Z7FX3605NEX5,True
CUSTOM_BASKETS_LEVELS,Factor,Broad / Cross-sector,Profitability,Americas,GSCBNPR2,Low Profitability R2K,USD,Custom Basket,MAH3604P2KNF7Z6W,False
CUSTOM_BASKETS_LEVELS,Other / Review,Broad / Cross-sector,,Asia,GSXATXTS,GS Taiwan ex TSMC,TWD,Custom Basket,MAH3NSCCRQXNN81P,True
CUSTOM_BASKETS_LEVELS,Other / Review,Broad / Cross-sector,,Europe,GSCBDFNC,GS Custom EU Defense,EUR,Custom Basket,MAH4JMR4A6ATS8GF,True
CUSTOM_BASKETS_LEVELS,Other / Review,Broad / Cross-sector,,Europe,GSXGYMWR,GS Global Sportswear,USD,Custom Basket,MAH4KKYJ98CYYR0E,True
CUSTOM_BASKETS_LEVELS,Other / Review,Broad / Cross-sector,,Europe,GSCMPORS,GS Porsche Hedge,EUR,Custom Basket,MAH5KVGP3WQT1JP2,True
CUSTOM_BASKETS_LEVELS,Other / Review,Broad / Cross-sector,,Americas,GSCMNVDA,Flagship NVDA Hedge,USD,Custom Basket,MAH5S9T7YZDETY3H,True
CUSTOM_BASKETS_LEVELS,Other / Review,Broad / Cross-sector,,Europe,GSXEWOMN,GS EU Womenomics,EUR,Custom Basket,MAH60Z5K8Q720JJ5,True
CUSTOM_BASKETS_LEVELS,Other / Review,Broad / Cross-sector,,Asia,GSXASKHY,GS Korea HY,KRW,Custom Basket,MAH685GAE5W3E22K,True
CUSTOM_BASKETS_LEVELS,Other / Review,Broad / Cross-sector,,Europe,GSCMBESI,GS BESI NA Hedge,EUR,Custom Basket,MAH6C1ZS4C2F59Y8,True
CUSTOM_BASKETS_LEVELS,Other / Review,Broad / Cross-sector,,Americas,GSXUGDOM,GS US Golden Dome,USD,Custom Basket,MAH7Z3EXPCXCE474,True
CUSTOM_BASKETS_LEVELS,Other / Review,Broad / Cross-sector,,Europe,GSXGRARE,GS Global Rare Earths,USD,Custom Basket,MAH83C7HG0A0R2XV,True
CUSTOM_BASKETS_LEVELS,Other / Review,Broad / Cross-sector,,Europe,GSCMAMVH,GS Aumovio Hedge,EUR,Custom Basket,MAH8XP3WHKNWP4CH,True
CUSTOM_BASKETS_LEVELS,Factor,Broad / Cross-sector,Volatility,Americas,GSXURVXL,GS US High Res Vol Ex AI,USD,Custom Basket,MAH90NV4AWZWJG1H,False
CUSTOM_BASKETS_LEVELS,Factor,Broad / Cross-sector,Size,Americas,GSXAPESL,GS APeJC Size Long,USD,Custom Basket,MAH9SQH0ZHWTPBE6,False
CUSTOM_BASKETS_LEVELS,Other / Review,Broad / Cross-sector,,Europe,GSCMRRLN,GSCMRRLN,GBP,Custom Basket,MAH9W29F2DCM59VT,True
CUSTOM_BASKETS_LEVELS,Other / Review,Broad / Cross-sector,,Americas,GSCMAIGH,Flagship AIG Hedge,USD,Custom Basket,MAHA0DFDYZBFP48C,True
CUSTOM_BASKETS_LEVELS,Other / Review,Broad / Cross-sector,,Europe,GSCMUTDH,GS United Internet Hedge,EUR,Custom Basket,MAHA4NBY64DBV6B3,True
CUSTOM_BASKETS_LEVELS,Other / Review,Broad / Cross-sector,,Europe,GSXEMEEX,GS EU Middle East Exp,EUR,Custom Basket,MAHAKX38TK6TWYYS,True
CUSTOM_BASKETS_LEVELS,Theme,Broad / Cross-sector,Inflation / Pricing Power,Americas,GSXUFOOL,GS Food Inflation Losers,USD,Custom Basket,MAHAMQ598JX5CJMC,False
CUSTOM_BASKETS_LEVELS,Other / Review,Broad / Cross-sector,,Europe,GSCMHGLD,GS Galderma Hedge,CHF,Custom Basket,MAHBT3T3QDJFGJX0,True
CUSTOM_BASKETS_LEVELS,Theme,Broad / Cross-sector,China / Supply Chain,Americas,GSXACHBA,GS China Banks,USD,Custom Basket,MAHCE75AVTESF9TY,False
CUSTOM_BASKETS_LEVELS,Other / Review,Broad / Cross-sector,,Americas,GSHLCMTS,GS US Medtech,USD,Custom Basket,MAHCKDS9R3QQZRNC,True
CUSTOM_BASKETS_LEVELS,Other / Review,Broad / Cross-sector,,Europe,GSCMHTWS,GS Helios Hedge,EUR,Custom Basket,MAHCSTA4S88Q3SEQ,True
CUSTOM_BASKETS_LEVELS,Other / Review,Broad / Cross-sector,,Americas,GSCBEQUI,GS US IG Equities,USD,Custom Basket,MAHCY384ARFC26WQ,True
CUSTOM_BASKETS_LEVELS,Other / Review,Broad / Cross-sector,,Americas,GSXAJGCY,GS AeJ Global Cyclicals,USD,Custom Basket,MAHD0C59TJ24XAYX,True
CUSTOM_BASKETS_LEVELS,Other / Review,Broad / Cross-sector,,Americas,GSXULQDE,GS IG Debt Levered,USD,Custom Basket,MAHD2KG29JA91GTS,True
CUSTOM_BASKETS_LEVELS,Other / Review,Broad / Cross-sector,,Europe,GSCMPEPK,GS Cust Pepkor Hedge USD,USD,Custom Basket,MAHDMECE5FD0S5EF,True
CUSTOM_BASKETS_LEVELS,Other / Review,Broad / Cross-sector,,Americas,GSXUSFDV,Sustainable Dividends,USD,Custom Basket,MAHE7P9PYG4NRC3R,True
CUSTOM_BASKETS_LEVELS,Theme,Broad / Cross-sector,China / Supply Chain,Asia,GSXACHEX,GS China Exporters,CNH,Custom Basket,MAHF4EM1XVQCKFRN,False
CUSTOM_BASKETS_LEVELS,Factor,Broad / Cross-sector,Quality,Asia,GSCBJLPQ,GS Japan Low PB Quality,JPY,Custom Basket,MAHFKXZTQJSXRXR3,False
CUSTOM_BASKETS_LEVELS,Other / Review,Broad / Cross-sector,,Europe,GSXGWWIN,GS Targeted World Winner,USD,Custom Basket,MAHFQPJFEBZ9TTAT,True
CUSTOM_BASKETS_LEVELS,Theme,Broad / Cross-sector,AI,Americas,GSXAAPAI,GS Asia App Layer AI,USD,Custom Basket,MAHG55ZSKZWCQWRC,False
CUSTOM_BASKETS_LEVELS,Sector Factor,Health Care,Momentum,Americas,GSHCBFMS,GS US HC Momentum Short,USD,Custom Basket,MAHH1WQS3Z9AJ7YW,False
CUSTOM_BASKETS_LEVELS,Theme,Broad / Cross-sector,China / Supply Chain,Europe,GSXESUPL,GS EU Asian Supply Chain,EUR,Custom Basket,MAHH3FTPTTCTHRP8,False
CUSTOM_BASKETS_LEVELS,Factor,Broad / Cross-sector,Size,Asia,GSXACBSS,GS China Barra Size Shor,CNH,Custom Basket,MAHH531H0X2X0PR2,False
CUSTOM_BASKETS_LEVELS,Other / Review,Broad / Cross-sector,,Asia,GSCBJPAP,GS Japan Auto Parts,JPY,Custom Basket,MAHH8R0FX9GWH8KG,True
CUSTOM_BASKETS_LEVELS,Other / Review,Broad / Cross-sector,,Europe,GSXEMARG,GS EU High & Stable Marg,EUR,Custom Basket,MAHHEQM2E2K1CNR3,True
CUSTOM_BASKETS_LEVELS,Other / Review,Broad / Cross-sector,,Europe,GSCMNEXX,GS Nexi Hedge,EUR,Custom Basket,MAHHT6BN8VZPQ96A,True
CUSTOM_BASKETS_LEVELS,Other / Review,Broad / Cross-sector,,Europe,GSXFSAFO,Saudi Foreign Ownership,USD,Custom Basket,MAHHX39N28VSA365,True
CUSTOM_BASKETS_LEVELS,Theme,Broad / Cross-sector,China / Supply Chain,Asia,GSXACCM1,GS China Commodity,CNH,Custom Basket,MAHJ64T176W4YBGZ,False
CUSTOM_BASKETS_LEVELS,Sector Factor,TMT / Tech,Size,Americas,GSTMBFZL,GS US TMT Size Long,USD,Custom Basket,MAHJ6BEWQ8GB39HM,False
CUSTOM_BASKETS_LEVELS,Sector Factor,Industrials,Momentum,Europe,GSXELMOI,EU Industrials Momo Shrt,EUR,Custom Basket,MAHJWX9E60VBWAK7,False
CUSTOM_BASKETS_LEVELS,Factor,Broad / Cross-sector,Profitability,Europe,GSXEHPRF,GS EU High Profitability,EUR,Custom Basket,MAHM75XGG33HRRH9,False
CUSTOM_BASKETS_LEVELS,Sector Factor,Financials,Crowding,Americas,GSFIWFCS,GS US Fin Low Crowding,USD,Custom Basket,MAHMCEAVZJR6D67Z,False
CUSTOM_BASKETS_LEVELS,Other / Review,Broad / Cross-sector,,Americas,GSCMAXTA,AXTA Hedge,USD,Custom Basket,MAHMGAVCT7R9X24H,True
CUSTOM_BASKETS_LEVELS,Other / Review,Broad / Cross-sector,,Americas,GSXUINOV,GSXUINOV,USD,Custom Basket,MAHMYFQADC6W3Z4Z,True
CUSTOM_BASKETS_LEVELS,Other / Review,Broad / Cross-sector,,Europe,GSCMFCAH,GS Fiat Custom Hedge,EUR,Custom Basket,MAHNZ48E2A96774C,True
CUSTOM_BASKETS_LEVELS,Other / Review,Financials,,Americas,GSFINLOW,GS Low Income Fins,USD,Custom Basket,MAHQ4A3W58ZV1JHG,True
CUSTOM_BASKETS_LEVELS,Theme,Broad / Cross-sector,China / Supply Chain,Europe,GSCBEWFE,GS EU WFE Supply Chain,EUR,Custom Basket,MAHQEWF7ABTND222,False
CUSTOM_BASKETS_LEVELS,Theme,Broad / Cross-sector,China / Supply Chain,Europe,GSXECHNX,GS EU China Competition,EUR,Custom Basket,MAHR8FYNYWJE8G2Q,False
CUSTOM_BASKETS_LEVELS,Other / Review,Broad / Cross-sector,,Europe,GSCMKNEB,GS Kone Global Hedge,EUR,Custom Basket,MAHRREDSFK9EZ0JK,True
CUSTOM_BASKETS_LEVELS,Factor,Broad / Cross-sector,Profitability,Americas,GSHLCNPB,US Nonprofitable Biotech,USD,Custom Basket,MAHSVCCTBK0JD4EC,False
CUSTOM_BASKETS_LEVELS,Other / Review,Broad / Cross-sector,,Europe,GSXELNSM,GS EU Low News Sent,EUR,Custom Basket,MAHT8XBWTMF0WJX7,True
CUSTOM_BASKETS_LEVELS,Factor,Broad / Cross-sector,Momentum,Europe,GSXEHMXB,EU React Hi Momo x Banks,EUR,Custom Basket,MAHTDYEJF10W8WTN,False
CUSTOM_BASKETS_LEVELS,Other / Review,Broad / Cross-sector,,Asia,GSCBJSBH,GS Japan SB Hedge,JPY,Custom Basket,MAHTTQHJG5V34P0R,True
CUSTOM_BASKETS_LEVELS,Theme,Broad / Cross-sector,China / Supply Chain,Americas,GSXUSHOR,Onshore & Beneficiaries,USD,Custom Basket,MAHVF3YNJ5YVH99E,False
CUSTOM_BASKETS_LEVELS,Other / Review,Broad / Cross-sector,,Europe,GSCBSAEX,GS Saudi Dom Exposed,USD,Custom Basket,MAHW047EQZ8JXAP1,True
CUSTOM_BASKETS_LEVELS,Other / Review,Broad / Cross-sector,,Europe,GSCMCCEP,GS CCEP Hedge,GBP,Custom Basket,MAHWD3Q9H0AMMR36,True
CUSTOM_BASKETS_LEVELS,Other / Review,Industrials,,Americas,GSXUINDU,GS US Industrials,USD,Custom Basket,MAHWG7KFZJGRB1PF,True
CUSTOM_BASKETS_LEVELS,Other / Review,Consumer,,Americas,GSCBCOCY,GS US Consumer Cyclicals,USD,Custom Basket,MAHWYEKD80Z26K0E,True
CUSTOM_BASKETS_LEVELS,Factor,Broad / Cross-sector,Momentum,Asia,GSXAKMOS,GS Korea MOMO (HB) Short,KRW,Custom Basket,MAHX5AKKMHZGQMWP,False
CUSTOM_BASKETS_LEVELS,Factor,Broad / Cross-sector,Value,Europe,GSXEMIVL,EU Rctv Hi Midcap Value,EUR,Custom Basket,MAHX5N3CC7NFMRWD,False
CUSTOM_BASKETS_LEVELS,Other / Review,Broad / Cross-sector,,Asia,GSCB6178,GS Custom JP Hedge,JPY,Custom Basket,MAHX8CD92T3RWZ2J,True
CUSTOM_BASKETS_LEVELS,Other / Review,Utilities,,Americas,GSXFBZUT,GS BZ Utilities (USD),USD,Custom Basket,MAHX9N7QQREZBWG0,True
CUSTOM_BASKETS_LEVELS,Other / Review,Broad / Cross-sector,,Asia,GSXAJFAV,GS JP Foreign Favorites,JPY,Custom Basket,MAHXAT82RRBGXMPT,True
CUSTOM_BASKETS_LEVELS,Theme,Broad / Cross-sector,AI,Americas,GSXUMOXL,GS High Mo Ex AI & BTC,USD,Custom Basket,MAHXBQAJJMD2XPAH,False
CUSTOM_BASKETS_LEVELS,Theme,Broad / Cross-sector,China / Supply Chain,Americas,GSXACREX,GS China Retail Expnsion,USD,Custom Basket,MAHXD36D3XXEHV9Q,False
CUSTOM_BASKETS_LEVELS,Factor,Broad / Cross-sector,Momentum,Asia,GSXATMOS,GS Taiwan MOMO (HB) Shor,TWD,Custom Basket,MAHY0GAV6YMXCSD1,False
CUSTOM_BASKETS_LEVELS,Theme,Broad / Cross-sector,China / Supply Chain,Asia,GSCB1772,GS China-H Hedge,HKD,Custom Basket,MAHY6HV0S1C4BW7K,False
CUSTOM_BASKETS_LEVELS,Other / Review,Broad / Cross-sector,,Asia,GSCBC500,GS Optimized CN Basket,CNY,Custom Basket,MAHY9TY60GRHM4G2,True
CUSTOM_BASKETS_LEVELS,Other / Review,Broad / Cross-sector,,Asia,GSCB3933,GS Hedge - 3933 HK,HKD,Custom Basket,MAHZZE9FYMDH76M0,True
CUSTOM_BASKETS_LEVELS,Other / Review,Broad / Cross-sector,,Europe,GSCMSPIL,GS Spire Hedge,GBP,Custom Basket,MAHZZSHGBDFMZBMH,True
CUSTOM_BASKETS_LEVELS,Theme,Broad / Cross-sector,Balance Sheet Strength,Americas,GSBZSBAL,BZ Strong Balance Sheet,USD,Custom Basket,MAJ03W2SGC9PYPN0,False
CUSTOM_BASKETS_LEVELS,Other / Review,Broad / Cross-sector,,Europe,GSCMHGBL,GS GBLB BB Hedge,EUR,Custom Basket,MAJ07ZE6P6S8M83J,True
CUSTOM_BASKETS_LEVELS,Other / Review,Broad / Cross-sector,,Europe,GSCBILSD,GS Israel Rebound,ILS,Custom Basket,MAJ0ARW6ZDYYD08Y,True
CUSTOM_BASKETS_LEVELS,Theme,Broad / Cross-sector,China / Supply Chain,Asia,GSXACH9M,GS China 9 Measures,CNH,Custom Basket,MAJ0GDS8A8QXNJ1R,False
CUSTOM_BASKETS_LEVELS,Other / Review,Broad / Cross-sector,,Europe,GSCBGPAY,GS Global Payments,USD,Custom Basket,MAJ0J7CJBB51AAAJ,True
CUSTOM_BASKETS_LEVELS,Other / Review,Broad / Cross-sector,,Global,GSXAAUHD,GS Australia High Divs,AUD,Custom Basket,MAJ0QMYETM16Z2TT,True
CUSTOM_BASKETS_LEVELS,Other / Review,Broad / Cross-sector,,Americas,GSXAALC1,GS ALC 10,USD,Custom Basket,MAJ0YX19EVMPD9NV,True
CUSTOM_BASKETS_LEVELS,Factor,Broad / Cross-sector,Momentum,Americas,GSXUBGML,GS US GEMLT Hi Momentum,USD,Custom Basket,MAJ167MWKY49T7QF,False
CUSTOM_BASKETS_LEVELS,Other / Review,Broad / Cross-sector,,Europe,GSXFZAIN,GS South Africa Exporter,ZAR,Custom Basket,MAJ1J4GY4BQ2HFE8,True
CUSTOM_BASKETS_LEVELS,Factor,Broad / Cross-sector,Momentum,Europe,GSXEUKML,UK Reactive High Momo,GBP,Custom Basket,MAJ1S46MQTYNHQ8A,False
CUSTOM_BASKETS_LEVELS,Other / Review,Broad / Cross-sector,,Europe,GSCMAKZU,Akzo Nobel Hedge (USD),USD,Custom Basket,MAJ1SP0HJ1ZGH9GE,True
CUSTOM_BASKETS_LEVELS,Other / Review,Broad / Cross-sector,,Europe,GSCMLOOK,GS Lookers Hedge,GBP,Custom Basket,MAJ1T7ZJ1C5MJHDR,True
CUSTOM_BASKETS_LEVELS,Other / Review,Broad / Cross-sector,,Europe,GSCMSNLH,GS Smith & Nephew Hedge,GBP,Custom Basket,MAJ22PGKCMK0HV56,True
CUSTOM_BASKETS_LEVELS,Other / Review,Broad / Cross-sector,,Europe,GSXFTUIN,GS Turkey Exporters,USD,Custom Basket,MAJ2B2JEA4186V1C,True
CUSTOM_BASKETS_LEVELS,Other / Review,Broad / Cross-sector,,Europe,GSCMJDEH,GS Jde Peet's Hedge,EUR,Custom Basket,MAJ2X82JYEBXGPEB,True
CUSTOM_BASKETS_LEVELS,Theme,Broad / Cross-sector,AI,Americas,GSXAAIEQ,Asia AI Equip & Non-Mate,USD,Custom Basket,MAJ32KNR7XN7KX0Z,False
CUSTOM_BASKETS_LEVELS,Other / Review,Broad / Cross-sector,,Asia,GSCBKSH1,"GS Korea ex SEC, Hynix",KRW,Custom Basket,MAJ368Q4KWNCCG3H,True
CUSTOM_BASKETS_LEVELS,Other / Review,Broad / Cross-sector,,Europe,GSCMMCFP,GS LVMH Hedge,EUR,Custom Basket,MAJ39PJH36YWNRQN,True
CUSTOM_BASKETS_LEVELS,Other / Review,Broad / Cross-sector,,Europe,GSXEPWRH,GS EU Power Up Hedge,EUR,Custom Basket,MAJ3KGBARNDTVGA6,True
CUSTOM_BASKETS_LEVELS,Other / Review,Broad / Cross-sector,,Americas,GSCBMESA,GS US Mexico Sales,USD,Custom Basket,MAJ3R0FG5872KS92,True
CUSTOM_BASKETS_LEVELS,Factor,Broad / Cross-sector,Size,Asia,GSXATSIL,GS Taiwan (HB) Size Long,TWD,Custom Basket,MAJ3TAHJ726JMA00,False
CUSTOM_BASKETS_LEVELS,Other / Review,Broad / Cross-sector,,Europe,GSCMZURH,GS Zurich Global Hedge,EUR,Custom Basket,MAJ4R0JYFNXX9XDT,True
CUSTOM_BASKETS_LEVELS,Other / Review,Broad / Cross-sector,,Asia,GSCBSFHH,GS SF Holding Hedge,HKD,Custom Basket,MAJ501PCRHG2ENRK,True
CUSTOM_BASKETS_LEVELS,Other / Review,Broad / Cross-sector,,Americas,GSIDLSTL,GS Steel & Steel-Related,USD,Custom Basket,MAJ5SZK3ZG19ERQK,True
CUSTOM_BASKETS_LEVELS,Theme,Broad / Cross-sector,China / Supply Chain,Americas,GSXACCON,GS China Consumption,USD,Custom Basket,MAJ6G7T7HQRMRB3K,False
CUSTOM_BASKETS_LEVELS,Factor,Broad / Cross-sector,Crowding,Americas,GSXUWFCS,GS US Wolfe Low Crowding,USD,Custom Basket,MAJ6RHDFEP381WQT,False
CUSTOM_BASKETS_LEVELS,Factor,Broad / Cross-sector,Quality,Europe,GSXEQDOM,GS EU Quality Domestic,EUR,Custom Basket,MAJ6V2XXWJ2ANDVG,False
CUSTOM_BASKETS_LEVELS,Other / Review,Broad / Cross-sector,,Europe,GSXEUKIE,GS UK Internationals,GBP,Custom Basket,MAJ831XNZWSJ0DQK,True
CUSTOM_BASKETS_LEVELS,Factor,Broad / Cross-sector,Size,Asia,GSXATSIS,GS Taiwan (HB) Size Shor,TWD,Custom Basket,MAJ87TVYT49688J3,False
CUSTOM_BASKETS_LEVELS,Other / Review,Broad / Cross-sector,,Americas,GSCBUSXB,GS US ex Biotech,USD,Custom Basket,MAJ8CHQQYKKDQVEN,True
CUSTOM_BASKETS_LEVELS,Other / Review,Broad / Cross-sector,,Americas,GSXFDILG,Brazil DI Corr. Long (USD),USD,Custom Basket,MAJ8D387Q1VYTRB6,True
CUSTOM_BASKETS_LEVELS,Factor,Broad / Cross-sector,Momentum,Americas,GSXUHMOM,High Beta Momentum Long,USD,Custom Basket,MAJ8M24S1NZMA6Y0,False
CUSTOM_BASKETS_LEVELS,Other / Review,Broad / Cross-sector,,Europe,GSXEBFSL,EU Pure Hi Analyst Senti,EUR,Custom Basket,MAJ8TKT3BXRR1XWR,True
CUSTOM_BASKETS_LEVELS,Factor,Broad / Cross-sector,Momentum,Asia,GSXAJFMS,GS High Beta MOMO Short,JPY,Custom Basket,MAJ9JB43CXJRNRCV,False
CUSTOM_BASKETS_LEVELS,Other / Review,Financials,,Americas,GSFINDBK,Banks w/ Steady Deposits,USD,Custom Basket,MAJ9V7HJ63PKHAKR,True
CUSTOM_BASKETS_LEVELS,Other / Review,Broad / Cross-sector,,Americas,GSXGBOOZ,GS Global Alcohol,USD,Custom Basket,MAJA149AYX1RPJHR,True
CUSTOM_BASKETS_LEVELS,Other / Review,Broad / Cross-sector,,Asia,GSCBJYC1,Japan YCC,JPY,Custom Basket,MAJA2YP6FH63FHBV,True
CUSTOM_BASKETS_LEVELS,Other / Review,TMT / Tech,,Americas,GSCMDFNS,Defense Tech Hedge,USD,Custom Basket,MAJC3C8Z1JXYP9JC,True
CUSTOM_BASKETS_LEVELS,Other / Review,Broad / Cross-sector,,Americas,GSXGNDEF,GS Global New Defense,USD,Custom Basket,MAJC4ZZBCWNVQ6HJ,True
CUSTOM_BASKETS_LEVELS,Theme,Broad / Cross-sector,China / Supply Chain,Americas,GSXACNCS,GS China New Consumption,USD,Custom Basket,MAJC5S76PX0VE44W,False
CUSTOM_BASKETS_LEVELS,Factor,Broad / Cross-sector,Dividend / Yield,Europe,GSXEBFEL,EU High Earnings Yield,EUR,Custom Basket,MAJCTYXGXWHPV1ZQ,False
CUSTOM_BASKETS_LEVELS,Other / Review,Broad / Cross-sector,,Americas,GSXUGMBL,GS US Gaming Basket,USD,Custom Basket,MAJD5QQA2GPWHJGY,True
CUSTOM_BASKETS_LEVELS,Other / Review,Broad / Cross-sector,,Europe,GSCBCBG2,GS Gb Carbon Capture 2,USD,Custom Basket,MAJDGT9R33N8JZ9C,True
CUSTOM_BASKETS_LEVELS,Other / Review,Broad / Cross-sector,,Americas,GSCMWISH,Custom Hedge,USD,Custom Basket,MAJEHPKW8M7NJ6W8,True
CUSTOM_BASKETS_LEVELS,Theme,TMT / Tech,TMT,Americas,GSXUSBCH,High TMT Stock Based Cmp,USD,Custom Basket,MAJF2DY7AM79SB10,False
CUSTOM_BASKETS_LEVELS,Other / Review,Broad / Cross-sector,,Americas,GSXURETL,GS US Retail,USD,Custom Basket,MAJFXDJ6J7Z9XQEM,True
CUSTOM_BASKETS_LEVELS,Other / Review,Broad / Cross-sector,,Europe,GSCMRMVH,GS Rightmove Hedge,GBP,Custom Basket,MAJJCD9NP3PK5AZT,True
CUSTOM_BASKETS_LEVELS,Other / Review,Broad / Cross-sector,,Americas,GSIDLTXA,GS Transport ex Airlines,USD,Custom Basket,MAJJNM1W4MZS7148,True
CUSTOM_BASKETS_LEVELS,Other / Review,Broad / Cross-sector,,Americas,GSXUWFTL,GS US Wolfe High Liquid,USD,Custom Basket,MAJJVPBNSENTFFQ8,True
CUSTOM_BASKETS_LEVELS,Other / Review,Broad / Cross-sector,,Americas,GSXFBEXC,GS Brazil ex Commods,BRL,Custom Basket,MAJK5HZBHQCPQ5BY,True
CUSTOM_BASKETS_LEVELS,Other / Review,Broad / Cross-sector,,Americas,GSXUBLDR,GS US Home Builders,USD,Custom Basket,MAJKTRFWNVSY1Y10,True
CUSTOM_BASKETS_LEVELS,Other / Review,Broad / Cross-sector,,Europe,GSCMAMPH,GS Amplifon Hedge,EUR,Custom Basket,MAJMG5GPJG91N6YM,True
CUSTOM_BASKETS_LEVELS,Other / Review,Broad / Cross-sector,,Europe,GSCBDRMI,GS Drones & Missiles,USD,Custom Basket,MAJMY40X1BNPJ02B,True
CUSTOM_BASKETS_LEVELS,Theme,Broad / Cross-sector,China / Supply Chain,Americas,GSXACGOS,GS China Gov. Spending,USD,Custom Basket,MAJN4XB5FZP2E4NQ,False
CUSTOM_BASKETS_LEVELS,Other / Review,Consumer,,Europe,GSXECRES,GS EU Cons Resilience,EUR,Custom Basket,MAJNNPZ5AKCM8CQ9,True
CUSTOM_BASKETS_LEVELS,Other / Review,Broad / Cross-sector,,Asia,GSXAMFPL,GS Japan Profit Long,JPY,Custom Basket,MAJQEK46WGAYF1CK,True
CUSTOM_BASKETS_LEVELS,Other / Review,TMT / Tech,,Americas,GSTMTADV,GS US Advertising,USD,Custom Basket,MAJS7NCM2PQY8E8A,True
CUSTOM_BASKETS_LEVELS,Other / Review,Broad / Cross-sector,,Europe,GSXETYRE,GS EU Tyres,EUR,Custom Basket,MAJSFX1E9TVSMQ34,True
CUSTOM_BASKETS_LEVELS,Other / Review,Broad / Cross-sector,,Europe,GSXEBFAL,EU Pure Hi Earnings Vari,EUR,Custom Basket,MAJSP4B8Q7CVFSVW,True
CUSTOM_BASKETS_LEVELS,Other / Review,Broad / Cross-sector,,Americas,GSCBMF26,MF Tax Loss Selling 2026,USD,Custom Basket,MAJT9F66PZFXBRKZ,True
CUSTOM_BASKETS_LEVELS,Other / Review,Broad / Cross-sector,,Europe,GSXFSAGL,GS S Africa Gold Miners,ZAR,Custom Basket,MAJTE79NBGMR8XB9,True
CUSTOM_BASKETS_LEVELS,Theme,Broad / Cross-sector,Clean Energy / ESG,Europe,GSXEHESG,GS EU High ESG 2,EUR,Custom Basket,MAJTH197B0GV9YZ5,False
CUSTOM_BASKETS_LEVELS,Other / Review,Broad / Cross-sector,,Europe,GSCMULVH,GS Unilever Hedge,GBP,Custom Basket,MAJV26SQRKQDCWWY,True
CUSTOM_BASKETS_LEVELS,Other / Review,Broad / Cross-sector,,Europe,GSXEGREE,GS EU Green Deal,EUR,Custom Basket,MAJVMPQASDRQ1AQE,True
CUSTOM_BASKETS_LEVELS,Theme,Broad / Cross-sector,AI,Americas,GSXASPCM,Asia AI Specialty Chems,USD,Custom Basket,MAJVXENMRRVS34M5,False
CUSTOM_BASKETS_LEVELS,Other / Review,Broad / Cross-sector,,Europe,GSCMSTAN,GS STAN LN Hedge,GBP,Custom Basket,MAJWAB4FS6V78PD6,True
CUSTOM_BASKETS_LEVELS,Other / Review,Broad / Cross-sector,,Europe,GSCMSTPE,GS Stripe Hedge,USD,Custom Basket,MAJWJ39WSBXC7W0K,True
CUSTOM_BASKETS_LEVELS,Factor,Broad / Cross-sector,Momentum,Europe,GSCBMIMS,EU Midcap Momentum Short,EUR,Custom Basket,MAJX5Z35EES0DPRB,False
CUSTOM_BASKETS_LEVELS,Other / Review,Broad / Cross-sector,,Americas,GSCBHPRS,High Profit Russell,USD,Custom Basket,MAJXEFTEMJQHVN07,True
CUSTOM_BASKETS_LEVELS,Other / Review,Broad / Cross-sector,,Americas,GSXFBRDC,GS BZ Cyclicals (BRL),BRL,Custom Basket,MAJXEQJFNBM6DR2Z,True
CUSTOM_BASKETS_LEVELS,Other / Review,Health Care,,Americas,GSFINHCR,US Fins Healthcare REIT,USD,Custom Basket,MAJXMBMW0XZQPA7Z,True
CUSTOM_BASKETS_LEVELS,Other / Review,Real Estate,,Europe,GSXESWRL,GS Swedish Real Estate,SEK,Custom Basket,MAJXS5W6PVSEVYEJ,True
CUSTOM_BASKETS_LEVELS,Other / Review,Broad / Cross-sector,,Americas,GSXAJDOC,GS AeJ Domestic Cyclical,USD,Custom Basket,MAJYMN57KSTBQM95,True
CUSTOM_BASKETS_LEVELS,Other / Review,Energy,,Americas,GSENEPJM,GS US Energy PJM Exp.,USD,Custom Basket,MAJYRWVF8D95XD23,True
CUSTOM_BASKETS_LEVELS,Factor,Broad / Cross-sector,Value,Asia,GSXAKVAL,GS Korea Value (HB) Long,KRW,Custom Basket,MAJYXRR6H46JC95H,False
CUSTOM_BASKETS_LEVELS,Other / Review,Broad / Cross-sector,,Europe,GSCMMONL,GS Moncler Hedge,EUR,Custom Basket,MAJZ8TYTN0QM7SWZ,True
CUSTOM_BASKETS_LEVELS,Other / Review,Broad / Cross-sector,,Asia,GSXAJALO,GS Japan HALO,JPY,Custom Basket,MAJZHXCBP4H4TZ0N,True
CUSTOM_BASKETS_LEVELS,Other / Review,Broad / Cross-sector,,Americas,GSXANBFA,GS Northbound Favourites,USD,Custom Basket,MAK0MMSPPAKPMDE1,True
CUSTOM_BASKETS_LEVELS,Other / Review,Broad / Cross-sector,,Americas,GSXUDOGE,GS US Gov Exposure Risk,USD,Custom Basket,MAK0RJB16TP530V7,True
CUSTOM_BASKETS_LEVELS,Theme,TMT / Tech,China / Supply Chain,Asia,GSCBCRTE,GS China Resilient Tech,CNH,Custom Basket,MAK101QNMG35689Z,False
CUSTOM_BASKETS_LEVELS,Other / Review,Broad / Cross-sector,,Europe,GSCMHORA,GS Orange Hedge,EUR,Custom Basket,MAK14AW0ZS4CGKPH,True
CUSTOM_BASKETS_LEVELS,Factor,Broad / Cross-sector,Dividend / Yield,Asia,GSXACBDS,GS China Div Yield Short,CNH,Custom Basket,MAK1EJNGY00QCMM7,False
CUSTOM_BASKETS_LEVELS,Other / Review,Broad / Cross-sector,,Europe,GSXEUKSS,GS UK Stagflation Short,GBP,Custom Basket,MAK1GB1BY7H4HGF3,True
CUSTOM_BASKETS_LEVELS,Sector Factor,Financials,Momentum,Europe,GSXELMOF,EU Financials Momo Short,EUR,Custom Basket,MAK1GJFPEP154QPH,False
CUSTOM_BASKETS_LEVELS,Factor,Broad / Cross-sector,Momentum,Americas,GSXUBGMS,GS US GEMLT Low Momentum,USD,Custom Basket,MAK1KQAM4553W9SE,False
CUSTOM_BASKETS_LEVELS,Sector Factor,TMT / Tech,Profitability,Americas,GSXUNPTC,GS Non Profitable Tech,USD,Custom Basket,MAK1N74W836CZS2E,False
CUSTOM_BASKETS_LEVELS,Other / Review,Broad / Cross-sector,,Europe,GSXECYXB,GS EU Cyclicals ex Banks,EUR,Custom Basket,MAK2DA7FW7WKJ9X7,True
CUSTOM_BASKETS_LEVELS,Other / Review,Broad / Cross-sector,,Europe,GSXEDIGI,GS EU Digital Economy,EUR,Custom Basket,MAK2E0NAYSFSW0AJ,True
CUSTOM_BASKETS_LEVELS,Other / Review,Broad / Cross-sector,,Americas,GSCBIBVE,GSCBIBVE,BRL,Custom Basket,MAK3N99MKT97VDFX,True
CUSTOM_BASKETS_LEVELS,Other / Review,TMT / Tech,,Europe,GSCMHCMB,GS CMB Tech Hedge,EUR,Custom Basket,MAK3RMA1WS66SN4M,True
CUSTOM_BASKETS_LEVELS,Other / Review,Broad / Cross-sector,,Europe,GSCMSODH,GS Sodexo Hedge,EUR,Custom Basket,MAK4G3SWB2EJACQS,True
CUSTOM_BASKETS_LEVELS,Other / Review,Broad / Cross-sector,,Asia,GSXAJPDO,GS Japan Domestic,JPY,Custom Basket,MAK7EV1MWZC0ACMC,True
CUSTOM_BASKETS_LEVELS,Theme,TMT / Tech,Semiconductors,Americas,GSTMTSMC,GS Global Semicap,USD,Custom Basket,MAK9GPH7PG7FWJVN,False
CUSTOM_BASKETS_LEVELS,Factor,Broad / Cross-sector,Momentum,Asia,GSXAJBMS,GS Japan Barra MOMO Shor,JPY,Custom Basket,MAK9K6M05520T5VR,False
CUSTOM_BASKETS_LEVELS,Factor,Broad / Cross-sector,Crowding,Americas,GSXUWFCL,GS US Wolfe Hi Crowding,USD,Custom Basket,MAK9QB3H7YDNAR42,False
CUSTOM_BASKETS_LEVELS,Other / Review,Broad / Cross-sector,,Global,GSXAURUM,GS Australia Gold Miners,AUD,Custom Basket,MAK9V4R1S9DJRXGE,True
CUSTOM_BASKETS_LEVELS,Factor,Broad / Cross-sector,Momentum,Americas,GSXACHML,GS China MOMO Long,USD,Custom Basket,MAK9WW8R1BAQWG33,False
CUSTOM_BASKETS_LEVELS,Other / Review,Broad / Cross-sector,,Europe,GSCMSGRE,GS Siemens Gamesa Hedge,EUR,Custom Basket,MAKARMV9G99N87PX,True
CUSTOM_BASKETS_LEVELS,Other / Review,Broad / Cross-sector,,Europe,GSCMDLNH,GS Derwent London Hedge,GBP,Custom Basket,MAKARQX57T0JSFY6,True
CUSTOM_BASKETS_LEVELS,Other / Review,Broad / Cross-sector,,Americas,GSXULOWD,GS US Low-Income Disc.,USD,Custom Basket,MAKAS2TB110GWRJC,True
CUSTOM_BASKETS_LEVELS,Other / Review,Financials,,Americas,GSFINLRB,Banks w/ Volatile Deposi,USD,Custom Basket,MAKB0DBW6XXKWZQ4,True
CUSTOM_BASKETS_LEVELS,Other / Review,Broad / Cross-sector,,Europe,GSXFBANC,GS EM Banks,USD,Custom Basket,MAKB3FPZVQNZ2YGW,True
CUSTOM_BASKETS_LEVELS,Theme,Consumer,China / Supply Chain,Asia,GSCBCONH,GS China-H Consumer,HKD,Custom Basket,MAKB8CAD51FRF7KR,False
CUSTOM_BASKETS_LEVELS,Factor,Broad / Cross-sector,Growth,Europe,GSXEGROW,GS EU Pure Growth,EUR,Custom Basket,MAKC7NX1WKM37CSW,False
CUSTOM_BASKETS_LEVELS,Other / Review,Broad / Cross-sector,,Americas,GSHLCACA,GS ACA Expansion,USD,Custom Basket,MAKCRDAA348ZACV0,True
CUSTOM_BASKETS_LEVELS,Sector Factor,Financials,Momentum,Europe,GSXEBMLF,EU Financials Momo Long,EUR,Custom Basket,MAKDFCF483T0NT7G,False
CUSTOM_BASKETS_LEVELS,Other / Review,Broad / Cross-sector,,Europe,GSCMKCRH,GS Konecranes Hedge,EUR,Custom Basket,MAKE1BSVAGWPKKW9,True
CUSTOM_BASKETS_LEVELS,Other / Review,Broad / Cross-sector,,Asia,GSCBXTSE,GS JP TSE Non-Responders,JPY,Custom Basket,MAKE41XPVZ6APVXH,True
CUSTOM_BASKETS_LEVELS,Other / Review,Broad / Cross-sector,,Americas,GSXULSRE,GS Leisure Travel,USD,Custom Basket,MAKE58K89MTATWPM,True
CUSTOM_BASKETS_LEVELS,Theme,Broad / Cross-sector,China / Supply Chain,Asia,GSCBCHBK,GS China-H Banks,HKD,Custom Basket,MAKEB6VJ5DZ5T0D1,False
CUSTOM_BASKETS_LEVELS,Other / Review,Broad / Cross-sector,,Americas,GSXASATL,GS APAC Satellite,USD,Custom Basket,MAKER33BR75NQ0YT,True
CUSTOM_BASKETS_LEVELS,Other / Review,Broad / Cross-sector,,Europe,GSCMSIEY,GS Siemens Hedge,EUR,Custom Basket,MAKEZRQ7NHVEM03B,True
CUSTOM_BASKETS_LEVELS,Other / Review,Broad / Cross-sector,,Europe,GSXEGFSC,GS German Fiscal Boost,EUR,Custom Basket,MAKF684KR5CWE3Z0,True
CUSTOM_BASKETS_LEVELS,Other / Review,Broad / Cross-sector,,Americas,GSCBGURA,GS Custom Uranium,USD,Custom Basket,MAKF9DAPYZYDQNT0,True
CUSTOM_BASKETS_LEVELS,Other / Review,Broad / Cross-sector,,Asia,GSCBJGRH,GS Japan GH,JPY,Custom Basket,MAKFP1ENQ9MCGWT4,True
CUSTOM_BASKETS_LEVELS,Other / Review,Broad / Cross-sector,,Europe,GSCMBMPH,GS BMPS Hedge,EUR,Custom Basket,MAKG0213A9X3X798,True
CUSTOM_BASKETS_LEVELS,Other / Review,Broad / Cross-sector,,Europe,GSCMIBHE,GS Iberdrola Sa Hedge,EUR,Custom Basket,MAKG9CVDQ9SHF71Y,True
CUSTOM_BASKETS_LEVELS,Factor,Broad / Cross-sector,Growth,Americas,GSXACGRV,GS China Growth Recovery,USD,Custom Basket,MAKJQRM1SPK62GFW,False
CUSTOM_BASKETS_LEVELS,Theme,Broad / Cross-sector,China / Supply Chain,Asia,GSXACSTE,GS China Steel,CNH,Custom Basket,MAKJZZPRJTTBCV0Y,False
CUSTOM_BASKETS_LEVELS,Other / Review,Broad / Cross-sector,,Americas,GSXUDEFS,GS US Defensives,USD,Custom Basket,MAKKH8BK5XZKQVK9,True
CUSTOM_BASKETS_LEVELS,Other / Review,Broad / Cross-sector,,Americas,GSXUMALL,GS Mall Levered Retail,USD,Custom Basket,MAKKK2Y9QA69HEXP,True
CUSTOM_BASKETS_LEVELS,Theme,Broad / Cross-sector,China / Supply Chain,Asia,GSXACHHN,GS China High Divs - NTR,CNH,Custom Basket,MAKKXGVCQZK7J4B4,False
CUSTOM_BASKETS_LEVELS,Other / Review,Broad / Cross-sector,,Europe,GSCMLNDH,GS Landis+Gyr Hedge,USD,Custom Basket,MAKMQSPNJJXD7CS4,True
CUSTOM_BASKETS_LEVELS,Other / Review,Broad / Cross-sector,,Europe,GSCMMRLH,GS Merlin Hedge,EUR,Custom Basket,MAKNFTP8B1ENHQKD,True
CUSTOM_BASKETS_LEVELS,Other / Review,Broad / Cross-sector,,Americas,GSXUOFFS,GS US Offshore,USD,Custom Basket,MAKNR193EH8SDE5J,True
CUSTOM_BASKETS_LEVELS,Other / Review,Broad / Cross-sector,,Europe,GSCMCTEC,GS Convatec Hedge,GBP,Custom Basket,MAKNX7FM1T5EKEPT,True
CUSTOM_BASKETS_LEVELS,Other / Review,Broad / Cross-sector,,Europe,GSCBSSBK,GS Swedish Banks,SEK,Custom Basket,MAKP9DC2PE50W2FM,True
CUSTOM_BASKETS_LEVELS,Theme,Broad / Cross-sector,Labor / Wage,Americas,GSXULABR,GS US Labor Risk,USD,Custom Basket,MAKPFQ3JCKQK9END,False
CUSTOM_BASKETS_LEVELS,Factor,Broad / Cross-sector,Momentum,Americas,GSXAPEMS,GS APEJC MOMO Short,USD,Custom Basket,MAKPJTKY9BHYJYTV,False
CUSTOM_BASKETS_LEVELS,Other / Review,Financials,,Americas,GSFINLCB,GS US Large Cap Banks,USD,Custom Basket,MAKPXAM9Q59NRQQF,True
CUSTOM_BASKETS_LEVELS,Factor,Broad / Cross-sector,Value,Asia,GSXAKVAS,GS Korea Value (HB) Shor,KRW,Custom Basket,MAKR50SSF2MCRDKY,False
CUSTOM_BASKETS_LEVELS,Theme,Broad / Cross-sector,China / Supply Chain,Americas,GSXACBEN,GS China Easing Benefic.,USD,Custom Basket,MAKRYWDS2DTVPHJ8,False
CUSTOM_BASKETS_LEVELS,Other / Review,Broad / Cross-sector,,Americas,GSXUSTGL,GS Stagflation Outprfrm.,USD,Custom Basket,MAKS39Q5PXKFCZKT,True
CUSTOM_BASKETS_LEVELS,Other / Review,Broad / Cross-sector,,Americas,GSXASHIP,GS Asia Shipping,USD,Custom Basket,MAKSV44Z9S8CF4QW,True
CUSTOM_BASKETS_LEVELS,Factor,Broad / Cross-sector,Size,Europe,GSXEBFZL,GS EU Size Long 2,EUR,Custom Basket,MAKT1Q261PWQB5S7,False
CUSTOM_BASKETS_LEVELS,Sector Factor,Financials,Momentum,Europe,GSXEHMOF,EU Financials Momo Long,EUR,Custom Basket,MAKT6PM7RB41EPQ6,False
CUSTOM_BASKETS_LEVELS,Other / Review,Broad / Cross-sector,,Europe,GSCMOXIG,GS Oxford Instruments Hg,GBP,Custom Basket,MAKV9VHWQZ4NH13K,True
CUSTOM_BASKETS_LEVELS,Other / Review,Broad / Cross-sector,,Europe,GSCMINGF,GS Ingenico Hedge Basket,EUR,Custom Basket,MAKVF21MM7GSP9PK,True
CUSTOM_BASKETS_LEVELS,Factor,Broad / Cross-sector,Short Interest,Asia,GSCBKRSH,GS Korea Short Interest,KRW,Custom Basket,MAKVV5JTWZAMBBMD,False
CUSTOM_BASKETS_LEVELS,Other / Review,Broad / Cross-sector,,Asia,GSXAKPOW,GS Korea Electrification,KRW,Custom Basket,MAKVZ9AVHJV3RSB6,True
CUSTOM_BASKETS_LEVELS,Other / Review,Broad / Cross-sector,,Europe,GSCMDHRH,GS Delivery Hero Hedge,EUR,Custom Basket,MAKXYXBHVNB79EP3,True
CUSTOM_BASKETS_LEVELS,Theme,Broad / Cross-sector,AI,Americas,GSXAAIPC,GS Asia PC/Phones AI,USD,Custom Basket,MAKYBKNZADHTY8JC,False
CUSTOM_BASKETS_LEVELS,Theme,Broad / Cross-sector,HF / Positioning Theme,Europe,GSXEHVIP,EU Hedge Fund VIP,EUR,Custom Basket,MAKYDZP1ADZKF1AN,False
CUSTOM_BASKETS_LEVELS,Other / Review,Broad / Cross-sector,,Europe,GSCMPPAH,GS Piraeus Hedge,EUR,Custom Basket,MAKYMN1BSSF75CN3,True
CUSTOM_BASKETS_LEVELS,Other / Review,Broad / Cross-sector,,Americas,GSXAGOLD,GS Asia Gold Miners,USD,Custom Basket,MAKYN13X4N5NV47N,True
CUSTOM_BASKETS_LEVELS,Theme,Broad / Cross-sector,AI,Europe,GSCBAIRE,GS EU AI Capex Recovery,EUR,Custom Basket,MAKZCAH7AA0V1P19,False
CUSTOM_BASKETS_LEVELS,Factor,Broad / Cross-sector,Beta,Asia,GSCBCHIB,GS China Beta,CNH,Custom Basket,MAKZTE53DPD2PJ05,False
CUSTOM_BASKETS_LEVELS,Other / Review,Broad / Cross-sector,,Americas,GSXAQUAC,GS Asia Quantum Comp,USD,Custom Basket,MAM04TFGDYRQ3XBE,True
CUSTOM_BASKETS_LEVELS,Factor,Broad / Cross-sector,Momentum,Europe,GSXEHMZA,GS South Africa Hi Momo,ZAR,Custom Basket,MAM0M7K6G8NXW7MS,False
CUSTOM_BASKETS_LEVELS,Factor,Broad / Cross-sector,Growth,Europe,GSXEUKGL,UK Reactive High Growth,GBP,Custom Basket,MAM0Q318Y9S5P2HJ,False
CUSTOM_BASKETS_LEVELS,Other / Review,Consumer,,Global,GSXAACON,GS Australia Consumer,AUD,Custom Basket,MAM229WCPSS6QRMR,True
CUSTOM_BASKETS_LEVELS,Other / Review,Broad / Cross-sector,,Europe,GSCMWAWI,GS Wallenius Wilhel Hedg,NOK,Custom Basket,MAM2AEXB46KARC93,True
CUSTOM_BASKETS_LEVELS,Other / Review,Broad / Cross-sector,,Europe,GSCMBVIF,GSCMBVIF,EUR,Custom Basket,MAM2W654SPKHN0GZ,True
CUSTOM_BASKETS_LEVELS,Other / Review,Consumer,,Europe,GSXELOWC,GS EU Low Income Cons,EUR,Custom Basket,MAM3978EV6CGRSYN,True
CUSTOM_BASKETS_LEVELS,Factor,Broad / Cross-sector,Momentum,Asia,GSXAMFML,GS Japan Momo Long,JPY,Custom Basket,MAM3R59AEQMCNJYP,False
CUSTOM_BASKETS_LEVELS,Factor,Broad / Cross-sector,Profitability,Americas,GSCBLPR2,Low Profitable Small Cap,USD,Custom Basket,MAM4069W0HTF9DDN,False
CUSTOM_BASKETS_LEVELS,Theme,Broad / Cross-sector,China / Supply Chain,Americas,GSXACSDE,GS China Developers,USD,Custom Basket,MAM5T52SHX00Y4BS,False
CUSTOM_BASKETS_LEVELS,Other / Review,Broad / Cross-sector,,Europe,GSCMRENK,GS Renk Hedge,EUR,Custom Basket,MAM75KW249JK0ZHG,True
CUSTOM_BASKETS_LEVELS,Other / Review,Broad / Cross-sector,,Europe,GSCBGBNK,GS Greek Banks Equal Wei,EUR,Custom Basket,MAM78WZ207E58SP6,True
CUSTOM_BASKETS_LEVELS,Other / Review,Broad / Cross-sector,,Americas,GSCMNDX5,Top 100 Nasdaq ex. Top 5,USD,Custom Basket,MAM7ATKTSJYHGNK9,True
CUSTOM_BASKETS_LEVELS,Other / Review,Broad / Cross-sector,,Europe,GSCMAMRC,GS Americana Hedge,USD,Custom Basket,MAM7HR0Z8HP70TN7,True
CUSTOM_BASKETS_LEVELS,Other / Review,Broad / Cross-sector,,Asia,GSCBGDF1,Corp Gov & Def: Defense,JPY,Custom Basket,MAM7JJZWDM7T7J6G,True
CUSTOM_BASKETS_LEVELS,Other / Review,Broad / Cross-sector,,Europe,GSCMDIEH,GS D'Ieteren Group Hedge,EUR,Custom Basket,MAM7S6JW9D43BFSR,True
CUSTOM_BASKETS_LEVELS,Sector Factor,Financials,Crowding,Americas,GSFIWFCL,GS US Fin High Crowding,USD,Custom Basket,MAM7SMVCPXBXSFZ0,False
CUSTOM_BASKETS_LEVELS,Factor,Broad / Cross-sector,Volatility,Americas,GSXUWRVL,GS US Wolfe High Res Vol,USD,Custom Basket,MAM86FW6S1S9M6G5,False
CUSTOM_BASKETS_LEVELS,Other / Review,Broad / Cross-sector,,Europe,GSCMCOFP,GS Casino Guichard Hedge,EUR,Custom Basket,MAM88WG0DM56R1YZ,True
CUSTOM_BASKETS_LEVELS,Other / Review,Broad / Cross-sector,,Europe,GSCMDEWA,GS DEWA Hedge,USD,Custom Basket,MAM969M3D35RJTRP,True
CUSTOM_BASKETS_LEVELS,Other / Review,Broad / Cross-sector,,Asia,GSXAKROB,GS Korea Robots,KRW,Custom Basket,MAM96QMV76J28Z0B,True
CUSTOM_BASKETS_LEVELS,Sector Factor,Consumer,Value,Americas,GSCNBFVL,GS US Cons Value Long,USD,Custom Basket,MAM97ABAXZ5145H6,False
CUSTOM_BASKETS_LEVELS,Other / Review,Broad / Cross-sector,,Europe,GSXEWIND,GS EU Wind,EUR,Custom Basket,MAM9HM2DJSDPC48M,True
CUSTOM_BASKETS_LEVELS,Other / Review,Broad / Cross-sector,,Americas,GSCBR1P2,GSCBR1P2,USD,Custom Basket,MAM9TC5D03WCPT4Y,True
CUSTOM_BASKETS_LEVELS,Other / Review,Energy,,Europe,GSCBCYX1,GS Cycl Ex Energy,EUR,Custom Basket,MAM9XCRM4HBEXMMQ,True
CUSTOM_BASKETS_LEVELS,Theme,Broad / Cross-sector,AI,Americas,GSCBAIEC,GS GIR AI EPS Call,USD,Custom Basket,MAM9YYDRDBE0PB9Z,False
CUSTOM_BASKETS_LEVELS,Theme,Broad / Cross-sector,AI,Americas,GSXAPCAI,GS Asia PC AI Upgrades,USD,Custom Basket,MAMA2NY0E2CVZ2W2,False
CUSTOM_BASKETS_LEVELS,Other / Review,Broad / Cross-sector,,Americas,GSBZRIGH,GSBZRIGH,BRL,Custom Basket,MAMA5DNQKYGHGY6B,True
CUSTOM_BASKETS_LEVELS,Other / Review,Broad / Cross-sector,,Americas,GSCMFLUT,GS FLUT Hedge,USD,Custom Basket,MAMAK517H9NBT9BY,True
CUSTOM_BASKETS_LEVELS,Factor,Broad / Cross-sector,Volatility,Americas,GSXUWFWS,GS US Wolfe Low Vol,USD,Custom Basket,MAMAPRJE611DCYN0,False
CUSTOM_BASKETS_LEVELS,Factor,Broad / Cross-sector,Dividend / Yield,Americas,GSXUWFDL,GS US Wolfe Hi Div Yield,USD,Custom Basket,MAMAWSDH754QS2TF,False
CUSTOM_BASKETS_LEVELS,Other / Review,Broad / Cross-sector,,Europe,GSXEPHYS,GS EU Physical Assets,EUR,Custom Basket,MAMB0NS9XGFZTJSH,True
CUSTOM_BASKETS_LEVELS,Theme,Broad / Cross-sector,China / Supply Chain,Asia,GSXACRMW,GS China Weak RMB,CNH,Custom Basket,MAMC1DFR6DQJE21J,False
CUSTOM_BASKETS_LEVELS,Other / Review,Broad / Cross-sector,,Asia,GSCBJSCR,GS Japan SMID Corp. Ref,JPY,Custom Basket,MAMCGWH76294N907,True
CUSTOM_BASKETS_LEVELS,Other / Review,Broad / Cross-sector,,Americas,GSCBHIMG,GS High 23 vs 22 Margins,USD,Custom Basket,MAMDPADXKB5M33XZ,True
CUSTOM_BASKETS_LEVELS,Other / Review,Broad / Cross-sector,,Europe,GSXELOSI,EU Reactive Lo Short Int,EUR,Custom Basket,MAME89NM6D9NHPMN,True
CUSTOM_BASKETS_LEVELS,Theme,Broad / Cross-sector,China / Supply Chain,Americas,GSSRCNIF,Select China 'New Infra',USD,Custom Basket,MAMEFKQMTKTQP4PG,False
CUSTOM_BASKETS_LEVELS,Other / Review,Broad / Cross-sector,,Europe,GSCMHEIH,GS Heidelberg Hedge,EUR,Custom Basket,MAMEJG28Q508D2NS,True
CUSTOM_BASKETS_LEVELS,Other / Review,Real Estate,,Asia,GSCBGUR1,Corp Gov & Def: RE Gains,JPY,Custom Basket,MAMEMQKWDWZKN6P2,True
CUSTOM_BASKETS_LEVELS,Other / Review,Broad / Cross-sector,,Europe,GSXEACDC,GS EU Electrification,EUR,Custom Basket,MAMERCPR6EV3CRQ6,True
CUSTOM_BASKETS_LEVELS,Other / Review,Broad / Cross-sector,,Europe,GSCMVOLA,GS Volvo AB Hedge,SEK,Custom Basket,MAMEWXA17G9XE3GH,True
CUSTOM_BASKETS_LEVELS,Other / Review,Broad / Cross-sector,,Europe,GSCMCPGL,GS Custom Compass Hedge,GBP,Custom Basket,MAMF7195DFR8DMR7,True
CUSTOM_BASKETS_LEVELS,Other / Review,Broad / Cross-sector,,Europe,GSCMRYAI,GS RYA ID Custom Hedge,EUR,Custom Basket,MAMFE3128W4WEW8A,True
CUSTOM_BASKETS_LEVELS,Other / Review,Broad / Cross-sector,,Europe,GSCMLIND,GS Linde Hedge,EUR,Custom Basket,MAMFE4DYAVP55PB9,True
CUSTOM_BASKETS_LEVELS,Factor,Broad / Cross-sector,Momentum,Europe,GSCBHIP3,GS EU Expensive Momo,EUR,Custom Basket,MAMFGRPFNYAHQX0B,False
CUSTOM_BASKETS_LEVELS,Other / Review,Broad / Cross-sector,,Europe,GSCMJDLH,GS JD Custom Hedge,GBP,Custom Basket,MAMGE3AW2XBTVGSM,True
CUSTOM_BASKETS_LEVELS,Other / Review,Financials,,Americas,GSFIWFIS,GS US Financial Low SI,USD,Custom Basket,MAMGMVKVEC9ZJXWB,True
CUSTOM_BASKETS_LEVELS,Other / Review,Financials,,Americas,GSFINDEL,GS Fins Deal Flow Benefi,USD,Custom Basket,MAMGPSR0C5A82QS0,True
CUSTOM_BASKETS_LEVELS,Other / Review,Broad / Cross-sector,,Asia,GSCBSRE1,GS Singapore REITs,SGD,Custom Basket,MAMGRXSS1FJDFN01,True
CUSTOM_BASKETS_LEVELS,Factor,Broad / Cross-sector,Momentum,Asia,GSXAJMSS,GS High Beta ST MOMO Sho,JPY,Custom Basket,MAMJ5MM1TECYA5RX,False
CUSTOM_BASKETS_LEVELS,Other / Review,TMT / Tech,,Asia,GSXAHKET,GS Hong Kong Ex Tech,HKD,Custom Basket,MAMJ7W4WFBEGH04Q,True
CUSTOM_BASKETS_LEVELS,Other / Review,Broad / Cross-sector,,Asia,GSXAJATO,GS Japan Automation,JPY,Custom Basket,MAMJET42FS20FGDZ,True
CUSTOM_BASKETS_LEVELS,Other / Review,Broad / Cross-sector,,Asia,GSCBKRAI,GS Korea Artificial Intl,KRW,Custom Basket,MAMJSBD9RAJC4SC6,True
CUSTOM_BASKETS_LEVELS,Theme,TMT / Tech,Software,Asia,GSXAJSOF,GS Japan Software,JPY,Custom Basket,MAMKNBAX3KK4ZQW7,False
CUSTOM_BASKETS_LEVELS,Other / Review,Broad / Cross-sector,,Europe,GSCBSPPR,GS EU Strong Pricing Pwr,EUR,Custom Basket,MAMKV3KTMNANH6N7,True
CUSTOM_BASKETS_LEVELS,Other / Review,Broad / Cross-sector,,Europe,GSXGSENS,GS Global Sensors,USD,Custom Basket,MAMMWBDHZ4VGCP1D,True
CUSTOM_BASKETS_LEVELS,Other / Review,Broad / Cross-sector,,Europe,GSCMADNA,GS AD NA Hedge,EUR,Custom Basket,MAMN4XDZTD155BWZ,True
CUSTOM_BASKETS_LEVELS,Factor,Broad / Cross-sector,Growth,Americas,GSXUBFGS,GS US Barra Low Growth,USD,Custom Basket,MAMN6SDQHQA33QXQ,False
CUSTOM_BASKETS_LEVELS,Factor,Broad / Cross-sector,Value,Americas,GSXUBFVL,GS US Barra High Value,USD,Custom Basket,MAMN8M32K8KHMDN9,False
CUSTOM_BASKETS_LEVELS,Theme,Broad / Cross-sector,China / Supply Chain,Americas,GSXASUCH,GS China Superconductor,USD,Custom Basket,MAMNAYBGWJBGT48K,False
CUSTOM_BASKETS_LEVELS,Other / Review,Broad / Cross-sector,,Europe,GSCMGLBH,GS Glanbia Hedge,EUR,Custom Basket,MAMNXAD480PDWR6W,True
CUSTOM_BASKETS_LEVELS,Other / Review,Broad / Cross-sector,,Americas,GSXFLAHA,GSXFLAHA,BRL,Custom Basket,MAMNYMK6S490GPSW,True
CUSTOM_BASKETS_LEVELS,Other / Review,Broad / Cross-sector,,Europe,GSXESWED,GS Swedish Domestics,SEK,Custom Basket,MAMP39M4KX498B8R,True
CUSTOM_BASKETS_LEVELS,Theme,Broad / Cross-sector,AI,Europe,GSXEUKAI,GS UK AI Exposed,GBP,Custom Basket,MAMPNZSYZJ5C8B5Q,False
CUSTOM_BASKETS_LEVELS,Other / Review,Broad / Cross-sector,,Americas,GSXGAIRD,GS Global Air Defense,USD,Custom Basket,MAMPVKZJP7GWZK86,True
CUSTOM_BASKETS_LEVELS,Other / Review,Broad / Cross-sector,,Americas,GSXUHTAX,High Tax Basket,USD,Custom Basket,MAMR2VTJT96DG3PG,True
CUSTOM_BASKETS_LEVELS,Other / Review,Broad / Cross-sector,,Europe,GSXEFRXB,GS French Dom ex Banks,EUR,Custom Basket,MAMRBY3NNNBJPF6M,True
CUSTOM_BASKETS_LEVELS,Theme,Broad / Cross-sector,Reopening / Reflation,Asia,GSXAJREF,GS Japan Reflation,JPY,Custom Basket,MAMRT5CSH00HAEZD,False
CUSTOM_BASKETS_LEVELS,Other / Review,Broad / Cross-sector,,Europe,GSXEBOIE,GS EU Big Oil,EUR,Custom Basket,MAMSEH0SATG2SMBZ,True
CUSTOM_BASKETS_LEVELS,Factor,Broad / Cross-sector,Growth,Europe,GSXEMIGL,EU Rctv Hi Midcap Growth,EUR,Custom Basket,MAMSQXB614S5Y0N2,False
CUSTOM_BASKETS_LEVELS,Other / Review,Broad / Cross-sector,,Europe,GSXESTGL,GS EU Stagflation Long,EUR,Custom Basket,MAMSSJKK4C1J0EGB,True
CUSTOM_BASKETS_LEVELS,Other / Review,Broad / Cross-sector,,Europe,GSCMSOBI,GS Custom SOBI Hedge,EUR,Custom Basket,MAMSVV5KQ832CAAK,True
CUSTOM_BASKETS_LEVELS,Other / Review,Broad / Cross-sector,,Europe,GSCBTLCO,GS Custom Telco Hedge,EUR,Custom Basket,MAMT015G1RV2CJCW,True
CUSTOM_BASKETS_LEVELS,Factor,Broad / Cross-sector,Liquidity,Asia,GSXACBLL,GS China Liquidity Long,CNH,Custom Basket,MAMTC3P5JSFKKRAB,False
CUSTOM_BASKETS_LEVELS,Theme,Broad / Cross-sector,Healthcare Innovation,Asia,GSCBIJPH,GS Custom JP Pharmaceuti,JPY,Custom Basket,MAMTYR0ZPXEA6GHA,False
CUSTOM_BASKETS_LEVELS,Theme,TMT / Tech,Semiconductors,Americas,GSCMCHIP,Flagship Semis Hedge,USD,Custom Basket,MAMV19MVQ3WJ3BDY,False
CUSTOM_BASKETS_LEVELS,Other / Review,Broad / Cross-sector,,Americas,GSXUWFSS,GS US Wolfe Lo Revisions,USD,Custom Basket,MAMVK1PXFJY9HMXQ,True
CUSTOM_BASKETS_LEVELS,Other / Review,Broad / Cross-sector,,Europe,GSXEHCRB,GS EU High Carbon,EUR,Custom Basket,MAMVM6TJVR52VDX2,True
CUSTOM_BASKETS_LEVELS,Other / Review,Broad / Cross-sector,,Europe,GSCMSIEH,GS Siemens Custom Hedge,EUR,Custom Basket,MAMVP5PS4ZPQWNMJ,True
CUSTOM_BASKETS_LEVELS,Factor,Broad / Cross-sector,Momentum,Asia,GSXAHBMS,GS Hong Kong MOMO Short,HKD,Custom Basket,MAMVT15AAS4QNPTE,False
CUSTOM_BASKETS_LEVELS,Other / Review,Broad / Cross-sector,,Europe,GSXEHIBK,GS EU High Income Banks,EUR,Custom Basket,MAMW14HCHSG0GEX7,True
CUSTOM_BASKETS_LEVELS,Other / Review,TMT / Tech,,Asia,GSCBTXTE,GS Taiwan Ex Tech,TWD,Custom Basket,MAMWFMA460KHDC7H,True
CUSTOM_BASKETS_LEVELS,Other / Review,Broad / Cross-sector,,Europe,GSCBGFIC,GS Custom German Fisc,EUR,Custom Basket,MAMX4ZR1J3GPWQMF,True
CUSTOM_BASKETS_LEVELS,Other / Review,Industrials,,Europe,GSXEINDU,GS EU Industrial Manuf,EUR,Custom Basket,MAMXE42JRPNDSGCM,True
CUSTOM_BASKETS_LEVELS,Other / Review,Broad / Cross-sector,,Europe,GSCMEZJL,GS Easyjet Custom Hedge,GBP,Custom Basket,MAMXF8ESGHNVFWHE,True
CUSTOM_BASKETS_LEVELS,Factor,Broad / Cross-sector,Growth,Americas,GSXACHGS,GS China Growth Short,USD,Custom Basket,MAMXFEM0Z7C2SJB6,False
CUSTOM_BASKETS_LEVELS,Theme,Broad / Cross-sector,AI,Asia,GSXAAIIN,GS China AI Infra,CNH,Custom Basket,MAMXG9VXY4NJ1D3A,False
CUSTOM_BASKETS_LEVELS,Factor,Broad / Cross-sector,Growth,Europe,GSXELGRO,EU Reactive Low Growth,EUR,Custom Basket,MAMY723TDB202FGV,False
CUSTOM_BASKETS_LEVELS,Other / Review,Broad / Cross-sector,,Americas,GSXUWFOL,GS US Wolfe Hi Oil Price,USD,Custom Basket,MAMYPKEXYZEX2N48,True
CUSTOM_BASKETS_LEVELS,Other / Review,Broad / Cross-sector,,Europe,GSXEINDI,GS EU Indian Exposure,EUR,Custom Basket,MAMZMXQ8KD2RPTBZ,True
CUSTOM_BASKETS_LEVELS,Other / Review,Financials,,Americas,GSFINPAC,Fins P&C Insurance,USD,Custom Basket,MAMZY6FASTHZY8W9,True
CUSTOM_BASKETS_LEVELS,Other / Review,Broad / Cross-sector,,Americas,GSCMSPYE,Top 500 Equal Weight,USD,Custom Basket,MAN06TE0GTN6FS2P,True
CUSTOM_BASKETS_LEVELS,Other / Review,Broad / Cross-sector,,Americas,GSCMACIH,Flagship ACI Hedge,USD,Custom Basket,MAN08CK21KXR36FN,True
CUSTOM_BASKETS_LEVELS,Other / Review,Broad / Cross-sector,,Asia,GSCBHBYH,GS HK Hedge,HKD,Custom Basket,MAN0QY4PH3FM7MAR,True
CUSTOM_BASKETS_LEVELS,Other / Review,Broad / Cross-sector,,Americas,GSXAPOWG,GS Asia Power Grid,USD,Custom Basket,MAN0W6BTBXNF480Q,True
CUSTOM_BASKETS_LEVELS,Other / Review,Broad / Cross-sector,,Europe,GSCMPMAH,GS Puma Custom Hedge,EUR,Custom Basket,MAN0WWRGRNN10B0X,True
CUSTOM_BASKETS_LEVELS,Other / Review,Broad / Cross-sector,,Asia,GSCBJTSE,GS Japan TSE Responders,JPY,Custom Basket,MAN10BYY22EG644K,True
CUSTOM_BASKETS_LEVELS,Sector Factor,TMT / Tech,Growth,Americas,GSTMBFGL,GS US TMT Growth Long,USD,Custom Basket,MAN1K4R7YVP15ANZ,False
CUSTOM_BASKETS_LEVELS,Other / Review,Broad / Cross-sector,,Europe,GSCMALPH,GS Alpha Group Hedge,GBP,Custom Basket,MAN1KDWBTW3H7RHK,True
CUSTOM_BASKETS_LEVELS,Other / Review,Broad / Cross-sector,,Europe,GSCMBMEL,GSCMBMEL,GBP,Custom Basket,MAN1RKEK0QRG9TGV,True
CUSTOM_BASKETS_LEVELS,Other / Review,Broad / Cross-sector,,Americas,GSXUBIGT,GS Big Ticket Items,USD,Custom Basket,MAN1WK5A40XDXWSM,True
CUSTOM_BASKETS_LEVELS,Other / Review,Energy,,Americas,GSENEOLS,GS Energy Services,USD,Custom Basket,MAN21TZ0Q0CSM1XS,True
CUSTOM_BASKETS_LEVELS,Other / Review,Broad / Cross-sector,,Europe,GSXEPOWR,GS EU Power Up Europe,EUR,Custom Basket,MAN36SWE3XP6XE30,True
CUSTOM_BASKETS_LEVELS,Theme,Broad / Cross-sector,Clean Energy / ESG,Americas,GS24DEM2,GS Democrat ex Renewable,USD,Custom Basket,MAN3EBVXF7MPTQGA,False
CUSTOM_BASKETS_LEVELS,Other / Review,Broad / Cross-sector,,Europe,GSCMUBIH,GS Ubisoft Hedge,EUR,Custom Basket,MAN444K91JXBDDGT,True
CUSTOM_BASKETS_LEVELS,Factor,Broad / Cross-sector,Dividend / Yield,Americas,GSXUMFEL,US Earnings Yield Long,USD,Custom Basket,MAN45WGC4J7XH6QZ,False
CUSTOM_BASKETS_LEVELS,Other / Review,Broad / Cross-sector,,Europe,GSCMVIVF,GS Vivendi Hedge,EUR,Custom Basket,MAN4CME20KPV81R4,True
CUSTOM_BASKETS_LEVELS,Other / Review,Telecom / Comm Svcs,,Europe,GSCMTITH,GS Telecom Italia Hedge,EUR,Custom Basket,MAN4HEFVDM57NCVT,True
CUSTOM_BASKETS_LEVELS,Other / Review,Broad / Cross-sector,,Europe,GSCMDLNL,GSCMDLNL,GBP,Custom Basket,MAN4XTYKCTYNJD3X,True
CUSTOM_BASKETS_LEVELS,Theme,Broad / Cross-sector,China / Supply Chain,Americas,GSXACPOW,GS China Power Grid,USD,Custom Basket,MAN5E2WFE1TVP3MW,False
CUSTOM_BASKETS_LEVELS,Other / Review,Broad / Cross-sector,,Americas,GSHLCMTB,GS Metabolic/GI,USD,Custom Basket,MAN5GA7F4CYZJFEB,True
CUSTOM_BASKETS_LEVELS,Sector Factor,TMT / Tech,Leverage,Americas,GSTMBFLS,GS US TMT Leverage Short,USD,Custom Basket,MAN5KKH55ZPCKFW1,False
CUSTOM_BASKETS_LEVELS,Other / Review,Broad / Cross-sector,,Americas,GSXFBSOE,GS BZ SOEs (BRL),BRL,Custom Basket,MAN5SK0RTAJRX7AE,True
CUSTOM_BASKETS_LEVELS,Other / Review,Broad / Cross-sector,,Americas,GSXGROBO,GS Global Robots,USD,Custom Basket,MAN5YNX04QEZCEGA,True
CUSTOM_BASKETS_LEVELS,Other / Review,Broad / Cross-sector,,Europe,GSCMEXOH,GS EXOR Holdco Hedge,EUR,Custom Basket,MAN60H9WPV4QSTGS,True
CUSTOM_BASKETS_LEVELS,Factor,Broad / Cross-sector,Value,Europe,GSXEBFVL,EU Cheap Value,EUR,Custom Basket,MAN67YGMHPYNQ5PA,False
CUSTOM_BASKETS_LEVELS,Other / Review,Broad / Cross-sector,,Europe,GSCBSMMA,GS EU SMID M&A Targets,EUR,Custom Basket,MAN6B2KCRVGPV8BR,True
CUSTOM_BASKETS_LEVELS,Theme,Broad / Cross-sector,China / Supply Chain,Asia,GSCBCHBO,GS China Humanoids EW,CNH,Custom Basket,MAN6NTN037QXM535,False
CUSTOM_BASKETS_LEVELS,Other / Review,Financials,,Asia,GSCBTXFI,GS Japan ex Financials,JPY,Custom Basket,MAN6V7HTH7AJV3AR,True
CUSTOM_BASKETS_LEVELS,Other / Review,Broad / Cross-sector,,Asia,GSXAKHOC,GS Korea Hold Cos,KRW,Custom Basket,MAN6YCS37VVQD5CV,True
CUSTOM_BASKETS_LEVELS,Other / Review,Financials,,Americas,GSFINXCH,Fins Exchanges and Data,USD,Custom Basket,MAN7GB4DFZSY604Y,True
CUSTOM_BASKETS_LEVELS,Other / Review,Broad / Cross-sector,,Americas,GSXFBZSH,BZ Most Short,BRL,Custom Basket,MAN7KBAMFG4859E8,True
CUSTOM_BASKETS_LEVELS,Other / Review,Broad / Cross-sector,,Asia,GSXAKRLC,GS Korea Large Cap,KRW,Custom Basket,MAN7VD7NRXFTNS73,True
CUSTOM_BASKETS_LEVELS,Other / Review,Broad / Cross-sector,,Europe,GSCMSANH,GS Sanofi Custom Hedge,CHF,Custom Basket,MAN89TJP25VZVCE5,True
CUSTOM_BASKETS_LEVELS,Factor,Broad / Cross-sector,Momentum,Americas,GSXFBZML,GS Brazil Momo Long,BRL,Custom Basket,MAN8E485ZPF13ZGG,False
CUSTOM_BASKETS_LEVELS,Other / Review,Energy,,Americas,GSCBNRGD,GS US Energy Upside,USD,Custom Basket,MAN91HZR2BZ0WKTJ,True
CUSTOM_BASKETS_LEVELS,Factor,Broad / Cross-sector,Beta,Americas,GSXUBTXS,GS Low Beta Ex AI & BTC,USD,Custom Basket,MANABGKC3TEGRS2W,False
CUSTOM_BASKETS_LEVELS,Factor,Broad / Cross-sector,Momentum,Asia,GSXAKRMS,GS Korea MOMO Short,KRW,Custom Basket,MANAQ0AG8CKPC15Y,False
CUSTOM_BASKETS_LEVELS,Other / Review,Broad / Cross-sector,,Europe,GSCBEAPL,GS EU Apparel,EUR,Custom Basket,MANAVM34S3BH45H9,True
CUSTOM_BASKETS_LEVELS,Other / Review,Broad / Cross-sector,,Americas,GSXUWFRS,GS US Wolfe Low IR Rates,USD,Custom Basket,MANB8QTZ9RAA7C1J,True
CUSTOM_BASKETS_LEVELS,Other / Review,Broad / Cross-sector,,Europe,GSXFCERE,GS CEEMEA Oil Refiners,USD,Custom Basket,MANBWY1F8XQKYSJ8,True
CUSTOM_BASKETS_LEVELS,Other / Review,Broad / Cross-sector,,Europe,GSXGCYCL,GS Global Cyclicals,USD,Custom Basket,MANC2ED3DRS30FMK,True
CUSTOM_BASKETS_LEVELS,Other / Review,Broad / Cross-sector,,Europe,GSCMINPH,GS Inpost Hedge,EUR,Custom Basket,MANCG1X2HGS3HSVK,True
CUSTOM_BASKETS_LEVELS,Factor,Broad / Cross-sector,Volatility,Europe,GSXEHRSV,GS EU High Residual Vol,EUR,Custom Basket,MANCJYR98RZK7SAE,False
CUSTOM_BASKETS_LEVELS,Theme,Health Care,China / Supply Chain,Americas,GSXACHHC,GS China Healthcare,USD,Custom Basket,MANCRH95DMSYM2QF,False
CUSTOM_BASKETS_LEVELS,Theme,Broad / Cross-sector,China / Supply Chain,Americas,GSXACP10,GS China Prominent 10,USD,Custom Basket,MANCZ6RSEWEXTAXS,False
CUSTOM_BASKETS_LEVELS,Other / Review,Broad / Cross-sector,,Americas,GSCBAEAI,GS AeJ Artificial Intel,USD,Custom Basket,MANF5G53VVYSAF7F,True
CUSTOM_BASKETS_LEVELS,Factor,Broad / Cross-sector,Growth,Europe,GSXEBFGL,EU High Growth (Barra),EUR,Custom Basket,MANF9CEXCK45ZXPB,False
CUSTOM_BASKETS_LEVELS,Sector Factor,Industrials,Beta,Americas,GSINBFBL,GS US INL Beta Long,USD,Custom Basket,MANFWC5P4K2N2076,False
CUSTOM_BASKETS_LEVELS,Other / Review,Broad / Cross-sector,,Asia,GSXAJPSR,GS Japan Shareholder Rt,JPY,Custom Basket,MANH5MTYX9WX9JV5,True
CUSTOM_BASKETS_LEVELS,Other / Review,Broad / Cross-sector,,Asia,GSCBJDE2,GS JP Defense Hedge - HB,JPY,Custom Basket,MANHCRMZX4RQ2TTR,True
CUSTOM_BASKETS_LEVELS,Other / Review,Broad / Cross-sector,,Americas,GSXUSMBB,GS Small Biz Exposure,USD,Custom Basket,MANHGNNVQTQ1D6PZ,True
CUSTOM_BASKETS_LEVELS,Other / Review,Financials,,Europe,GSXFSAFI,GS Saudi Financials,USD,Custom Basket,MANJHV6G4T9T182V,True
CUSTOM_BASKETS_LEVELS,Other / Review,Broad / Cross-sector,,Asia,GSXATAIH,GS TSMC Capex,TWD,Custom Basket,MANKY6GRMEH2YH43,True
CUSTOM_BASKETS_LEVELS,Other / Review,Broad / Cross-sector,,Europe,GSCBUKRS,GS Ukraine At Risk,EUR,Custom Basket,MANM20X1GSJQY2WT,True
CUSTOM_BASKETS_LEVELS,Factor,Broad / Cross-sector,Momentum,Europe,GSXEHMSA,GS Saudi Arabia Hi Momo,SAR,Custom Basket,MANME7PCP1D12RB6,False
CUSTOM_BASKETS_LEVELS,Other / Review,Broad / Cross-sector,,Asia,GSCBIJMA,GS Custom JP Machinery,JPY,Custom Basket,MANMRAJSC0EZR79X,True
CUSTOM_BASKETS_LEVELS,Factor,Broad / Cross-sector,Momentum,Europe,GSXEHMOW,EU Reactive High Momo,EUR,Custom Basket,MANMYCXN9J9TM0VX,False
CUSTOM_BASKETS_LEVELS,Other / Review,Broad / Cross-sector,,Europe,GSXEDATA,GS EU Data Centers,EUR,Custom Basket,MANN8K72N7KSFN9P,True
CUSTOM_BASKETS_LEVELS,Other / Review,Broad / Cross-sector,,Asia,GSCBITHS,GS Custom Hong Kong,HKD,Custom Basket,MANNG56S2H3KGY7X,True
CUSTOM_BASKETS_LEVELS,Other / Review,Broad / Cross-sector,,Europe,GSCBAMEH,GS EU US Hi Sales & Prod,EUR,Custom Basket,MANNHMNCGTNWQMMA,True
CUSTOM_BASKETS_LEVELS,Other / Review,Broad / Cross-sector,,Europe,GSCMSAPL,GS SA Platinum Hedge,ZAR,Custom Basket,MANNN70KQ1AXNGY0,True
CUSTOM_BASKETS_LEVELS,Other / Review,Broad / Cross-sector,,Europe,GSCMYAPI,GS Yapi Custom Hedge,TRY,Custom Basket,MANQFKWBB92QN6AX,True
CUSTOM_BASKETS_LEVELS,Factor,Broad / Cross-sector,Profitability,Americas,GSXUBGPS,GS US GEMLT Low Prof,USD,Custom Basket,MANQMC0HRG0JZ3A1,False
CUSTOM_BASKETS_LEVELS,Other / Review,Broad / Cross-sector,,Europe,GSCBGCOA,GS CB Global Coal,USD,Custom Basket,MANTCC4TQKWZ0S66,True
CUSTOM_BASKETS_LEVELS,Other / Review,Broad / Cross-sector,,Europe,GSCBPWRP,GS EU Gas & Power Price,EUR,Custom Basket,MANV2WDZ1D9Y8H5K,True
CUSTOM_BASKETS_LEVELS,Other / Review,Broad / Cross-sector,,Asia,GSCBKHDS,GS Korea High Div Low PB,KRW,Custom Basket,MANVD7A9D5EWPKRJ,True
CUSTOM_BASKETS_LEVELS,Other / Review,Broad / Cross-sector,,Europe,GSCBTOBA,GS EU P&G Goods -Tobacco,GBP,Custom Basket,MANVSWC4B9XY9HSW,True
CUSTOM_BASKETS_LEVELS,Factor,Broad / Cross-sector,Size,Europe,GSCBMISS,EU Midcap Size Short,EUR,Custom Basket,MANW0DMJFC6CA5YK,False
CUSTOM_BASKETS_LEVELS,Other / Review,Broad / Cross-sector,,Europe,GSCMELIS,GS Elis Sa Hedge,EUR,Custom Basket,MANW2ZRYHX9JPV24,True
CUSTOM_BASKETS_LEVELS,Other / Review,TMT / Tech,,Europe,GSCBNBTC,GS EU Non Broken Tech,EUR,Custom Basket,MANW7J97YRKKT34T,True
CUSTOM_BASKETS_LEVELS,Other / Review,Broad / Cross-sector,,Americas,GSXUSTGS,GS Stagflation Undrprfrm,USD,Custom Basket,MANWBY75JEN1Z3RD,True
CUSTOM_BASKETS_LEVELS,Other / Review,Broad / Cross-sector,,Europe,GSCMHASM,GS ASM Global Hedge,EUR,Custom Basket,MANWJNRAZJCRS360,True
CUSTOM_BASKETS_LEVELS,Other / Review,Broad / Cross-sector,,Asia,GSCBNAVS,GS Korea Subsidiaries,KRW,Custom Basket,MANWTHRZG5CQ7G56,True
CUSTOM_BASKETS_LEVELS,Other / Review,Broad / Cross-sector,,Europe,GSCMGALH,GS Global Galderma Hedge,CHF,Custom Basket,MANWZQTQWAPZQSA1,True
CUSTOM_BASKETS_LEVELS,Other / Review,Broad / Cross-sector,,Europe,GSCMMFEH,GS MediaForEurope Hedge,EUR,Custom Basket,MANX4M351439PWSA,True
CUSTOM_BASKETS_LEVELS,Sector Factor,TMT / Tech,Quality,Americas,GSTMTLQS,GS TMT Quality Software,USD,Custom Basket,MANYBJ61XSCTGBY0,False
CUSTOM_BASKETS_LEVELS,Theme,Broad / Cross-sector,AI,Asia,GSXATAPA,GS TW Apple & AI Benef,TWD,Custom Basket,MANYGQW870QSJD1Z,False
CUSTOM_BASKETS_LEVELS,Other / Review,Broad / Cross-sector,,Europe,GSCMAUTG,GS Glo Auto Trader Hedge,NOK,Custom Basket,MANYRCK45CP14EMJ,True
CUSTOM_BASKETS_LEVELS,Other / Review,Broad / Cross-sector,,Europe,GSCMBORO,GS Borouge Hedge,USD,Custom Basket,MANZ3QAYQNVQZRTZ,True
CUSTOM_BASKETS_LEVELS,Other / Review,Broad / Cross-sector,,Asia,GSCBJSBF,GS Softbank Hedge,JPY,Custom Basket,MANZXKWVWQTHKBX3,True
CUSTOM_BASKETS_LEVELS,Other / Review,Broad / Cross-sector,,Asia,GSXASBFL,GS Southbound Flows,HKD,Custom Basket,MAP045JAT0P9NH5N,True
CUSTOM_BASKETS_LEVELS,Other / Review,Financials,,Americas,GSFINBDC,GS US Fins BDCs,USD,Custom Basket,MAP066ZS9W7MQRRF,True
CUSTOM_BASKETS_LEVELS,Other / Review,Broad / Cross-sector,,Americas,GSXGNEOC,GS Global NeoClouds,USD,Custom Basket,MAP0H80V43KSEY1X,True
CUSTOM_BASKETS_LEVELS,Theme,Broad / Cross-sector,Healthcare Innovation,Americas,GSHLCLCP,GS Large Cap Pharma,USD,Custom Basket,MAP0JPHJ6TYR5NP2,False
CUSTOM_BASKETS_LEVELS,Other / Review,Broad / Cross-sector,,Europe,GSCMSMGH,GS SMG Group Hedge,CHF,Custom Basket,MAP1C5WT9793C5R5,True
CUSTOM_BASKETS_LEVELS,Other / Review,Broad / Cross-sector,,Europe,GSCMCBKH,GS CBK Hedge Basket,EUR,Custom Basket,MAP1NCRR8FB44KGS,True
CUSTOM_BASKETS_LEVELS,Other / Review,Broad / Cross-sector,,Asia,GSCBIKO2,GS Custom Korea,KRW,Custom Basket,MAP23JDNJRY8TSNF,True
CUSTOM_BASKETS_LEVELS,Other / Review,Broad / Cross-sector,,Europe,GSCMCRHU,GS CRH US Hedge,USD,Custom Basket,MAP23RP0MDK7G04D,True
CUSTOM_BASKETS_LEVELS,Other / Review,Financials,,Americas,GSFINWIN,GS Fins Regime Benefic.,USD,Custom Basket,MAP2DPKMRVEM1939,True
CUSTOM_BASKETS_LEVELS,Other / Review,Broad / Cross-sector,,Americas,GSXXTAXH,GS High Tax,USD,Custom Basket,MAP39HPZDEJ1PDVJ,True
CUSTOM_BASKETS_LEVELS,Theme,Broad / Cross-sector,China / Supply Chain,Europe,GSXUSUPL,GS US Asian Supply Chain,USD,Custom Basket,MAP3QZG4CH20609E,False
CUSTOM_BASKETS_LEVELS,Other / Review,Broad / Cross-sector,,Europe,GSCMSMDH,GS DS Smith Hedge,GBP,Custom Basket,MAP3YDXZN4MSMYDM,True
CUSTOM_BASKETS_LEVELS,Other / Review,Broad / Cross-sector,,Americas,GSCBURAN,GSCBURAN,USD,Custom Basket,MAP49EA5P108503D,True
CUSTOM_BASKETS_LEVELS,Other / Review,Broad / Cross-sector,,Americas,GSXUDRON,GS US Drones,USD,Custom Basket,MAP4JMNH7DSP5Y88,True
CUSTOM_BASKETS_LEVELS,Other / Review,Broad / Cross-sector,,Europe,GSXESCYC,GS EU Short-Cycle,EUR,Custom Basket,MAP4VNSJBPAR3B4T,True
CUSTOM_BASKETS_LEVELS,Other / Review,Broad / Cross-sector,,Americas,GSCBMH26,MF Tax Loss Hedge 2026,USD,Custom Basket,MAP586MT3EQAWFZH,True
CUSTOM_BASKETS_LEVELS,Factor,Broad / Cross-sector,Beta,Europe,GSXEGMBL,EU High Beta Barra GEM,EUR,Custom Basket,MAP5CW0JFQX1GFJZ,False
CUSTOM_BASKETS_LEVELS,Other / Review,Broad / Cross-sector,,Europe,GSCMCLNX,GS Cellnex Hedge Basket,EUR,Custom Basket,MAP5MGTB648DWE1Z,True
CUSTOM_BASKETS_LEVELS,Other / Review,Broad / Cross-sector,,Europe,GSCMSAFH,GS Safran Hedge,EUR,Custom Basket,MAP5ZYR71PNTR7CH,True
CUSTOM_BASKETS_LEVELS,Other / Review,Broad / Cross-sector,,Europe,GSXGPIPE,GS Global Saudi Pipeline,USD,Custom Basket,MAP64DPEDHTHJN8V,True
CUSTOM_BASKETS_LEVELS,Other / Review,Broad / Cross-sector,,Americas,GSHLCSMQ,GS HLC Qty SMID Biotech,USD,Custom Basket,MAP6HM788J80FH2Z,True
CUSTOM_BASKETS_LEVELS,Factor,Broad / Cross-sector,Beta,Europe,GSXEGMBS,EU Low Beta Barra GEM,EUR,Custom Basket,MAP6YV9HWXH7WR54,False
CUSTOM_BASKETS_LEVELS,Factor,Broad / Cross-sector,Size,Americas,GSXUBGZS,GS US GEMLT Low Size,USD,Custom Basket,MAP7FMQ7M0YYTCPR,False
CUSTOM_BASKETS_LEVELS,Sector Factor,TMT / Tech,Growth,Americas,GSTMBFGS,GS US TMT Growth Short,USD,Custom Basket,MAP7HQ6T7DN9CX9Z,False
CUSTOM_BASKETS_LEVELS,Sector Factor,Consumer,Momentum,Europe,GSXEBMLC,EU Consumer Momo Long,EUR,Custom Basket,MAP7R75DX2YC6WP4,False
CUSTOM_BASKETS_LEVELS,Other / Review,Broad / Cross-sector,,Americas,GSCMTECK,US + Canada TECK Hedge,USD,Custom Basket,MAP82HTHQER3JQR1,True
CUSTOM_BASKETS_LEVELS,Other / Review,Broad / Cross-sector,,Europe,GSCMBABA,GS Alibaba Custom Hedge,USD,Custom Basket,MAP84FQGZW00K19D,True
CUSTOM_BASKETS_LEVELS,Other / Review,Broad / Cross-sector,,Europe,GSCMCVNA,GS Carvana Hedge,USD,Custom Basket,MAP8DWT9GFP2350S,True
CUSTOM_BASKETS_LEVELS,Other / Review,Broad / Cross-sector,,Europe,GSCMHOCI,GS OCI Hedge,EUR,Custom Basket,MAP8EF8DMZ182A3G,True
CUSTOM_BASKETS_LEVELS,Sector Factor,TMT / Tech,Leverage,Americas,GSTMBFLL,GS US TMT Leverage Long,USD,Custom Basket,MAP8JEM8T7YJS5MH,False
CUSTOM_BASKETS_LEVELS,Other / Review,Broad / Cross-sector,,Americas,GSCBRTAL,GS US Retail,USD,Custom Basket,MAP8N5QFSCRB9VBV,True
CUSTOM_BASKETS_LEVELS,Theme,TMT / Tech,AI,Americas,GSTMTAIP,GS US Broad AI,USD,Custom Basket,MAP8QJE9X9PHVNV4,False
CUSTOM_BASKETS_LEVELS,Theme,Broad / Cross-sector,China / Supply Chain,Americas,GSXACHAR,GS China H/ADR AD-Line,USD,Custom Basket,MAP9G8SCFDW42SXV,False
CUSTOM_BASKETS_LEVELS,Other / Review,Broad / Cross-sector,,Europe,GSCMBORR,GS Borr Drilling Hedge,NOK,Custom Basket,MAPAD62BDQ19Z1P6,True
CUSTOM_BASKETS_LEVELS,Other / Review,Broad / Cross-sector,,Europe,GSCBCTUI,GS Custom Turkey Export,TRY,Custom Basket,MAPAEJTQW2WMSHAE,True
CUSTOM_BASKETS_LEVELS,Theme,Broad / Cross-sector,HF / Positioning Theme,Europe,GSXELVIP,EU Reactive Low HF VIP,EUR,Custom Basket,MAPB5VMJHRRQ87D5,False
CUSTOM_BASKETS_LEVELS,Other / Review,Consumer,,Europe,GSXEDCON,GS EU Domestic Consumer,EUR,Custom Basket,MAPB9GEFKSWB45YT,True
CUSTOM_BASKETS_LEVELS,Other / Review,Broad / Cross-sector,,Europe,GSCMPPHH,GS Pepkor Holdings Hedge,ZAR,Custom Basket,MAPBBHR4BJJ3FC2B,True
CUSTOM_BASKETS_LEVELS,Theme,Broad / Cross-sector,Clean Energy / ESG,Americas,GSCBRNE1,GS Vol Opt Renewables,USD,Custom Basket,MAPBMDSA8DZ8Q019,False
CUSTOM_BASKETS_LEVELS,Theme,TMT / Tech,AI,Americas,GSTMTAIR,GS AI At Risk,USD,Custom Basket,MAPBT7CWYF3MJNJ5,False
CUSTOM_BASKETS_LEVELS,Other / Review,Broad / Cross-sector,,Europe,GSXGALTM,GS Global Alternative AM,USD,Custom Basket,MAPBTNPQ3AX5B34B,True
CUSTOM_BASKETS_LEVELS,Other / Review,Consumer,,Europe,GSXEJUNK,GS EU Junk Consumer,EUR,Custom Basket,MAPD3DTVDBR1DR86,True
CUSTOM_BASKETS_LEVELS,Other / Review,Broad / Cross-sector,,Americas,GSCMRKTH,GS Rocket Cos Hedge,USD,Custom Basket,MAPDKHJDS1DGGKCK,True
CUSTOM_BASKETS_LEVELS,Other / Review,Broad / Cross-sector,,Europe,GSCMPOLM,GS Polymetals Hedge,GBP,Custom Basket,MAPDVQNB7EEYVK8Q,True
CUSTOM_BASKETS_LEVELS,Other / Review,Broad / Cross-sector,,Europe,GSXELGST,GS EU Logistics,EUR,Custom Basket,MAPDW0RYXAGB4G3E,True
CUSTOM_BASKETS_LEVELS,Theme,Broad / Cross-sector,China / Supply Chain,Americas,GSXACHEV,GS China EV,USD,Custom Basket,MAPE2GNGDYAM9RDR,False
CUSTOM_BASKETS_LEVELS,Other / Review,Broad / Cross-sector,,Americas,GSXFXDIV,GS Brazil Extra. Divs,USD,Custom Basket,MAPE2H4M4C1DSCR5,True
CUSTOM_BASKETS_LEVELS,Other / Review,Broad / Cross-sector,,Americas,GSCBADSM,GS Asia DM xJP SMID,USD,Custom Basket,MAPFE0XTZJK2XBG4,True
CUSTOM_BASKETS_LEVELS,Other / Review,Broad / Cross-sector,,Asia,GSXAIUXP,GS India US Goods Export,INR,Custom Basket,MAPFEX9MBNRX99RK,True
CUSTOM_BASKETS_LEVELS,Other / Review,Broad / Cross-sector,,Americas,GSXUOILX,GS Oil Input Cost,USD,Custom Basket,MAPFP9VHH98TVVV9,True
CUSTOM_BASKETS_LEVELS,Other / Review,Broad / Cross-sector,,Europe,GSCMTEFH,GS Telefonica Hedge,EUR,Custom Basket,MAPFPP22PPA2Z5WS,True
CUSTOM_BASKETS_LEVELS,Theme,Broad / Cross-sector,China / Supply Chain,Asia,GSXACAHH,GS China A/H Prem H Line,HKD,Custom Basket,MAPFQZD7RS7Z2YD4,False
CUSTOM_BASKETS_LEVELS,Other / Review,Broad / Cross-sector,,Europe,GSCMTRYG,GS Tryg Hedge,DKK,Custom Basket,MAPG3FMHKMZ3X17K,True
CUSTOM_BASKETS_LEVELS,Other / Review,Broad / Cross-sector,,Europe,GSCMTKEH,GS TK Elevators Hedge,EUR,Custom Basket,MAPGETZ4VGKQ3DY7,True
CUSTOM_BASKETS_LEVELS,Other / Review,Broad / Cross-sector,,Europe,GSCMJMTH,GS Jeronimo Martins Hedg,EUR,Custom Basket,MAPGNBJXYF1N2B51,True
CUSTOM_BASKETS_LEVELS,Other / Review,Broad / Cross-sector,,Europe,GSXEDIVG,GS EU Sustainable Divs,EUR,Custom Basket,MAPHJ1HV72XN43KC,True
CUSTOM_BASKETS_LEVELS,Factor,Broad / Cross-sector,Beta,Europe,GSXEMIBL,EU Rctv Hi Midcap Beta,EUR,Custom Basket,MAPHPEJ14XWA4RRB,False
CUSTOM_BASKETS_LEVELS,Factor,Broad / Cross-sector,Momentum,Europe,GSXELMPL,GS Poland Low Momo,PLN,Custom Basket,MAPHXHJVPXW9AAMP,False
CUSTOM_BASKETS_LEVELS,Other / Review,Broad / Cross-sector,,Americas,GSCBHY38,GSCBHY38,USD,Custom Basket,MAPJ6KXEECQNVSPW,True
CUSTOM_BASKETS_LEVELS,Factor,Broad / Cross-sector,Value,Asia,GSXATVAS,GS Taiwan (HB) Value Sho,TWD,Custom Basket,MAPJD6Z3R4VJJHX7,False
CUSTOM_BASKETS_LEVELS,Theme,Health Care,AI,Americas,GSXACAIH,GS China AI Healthcare,USD,Custom Basket,MAPKYVX4XYN635Y6,False
CUSTOM_BASKETS_LEVELS,Other / Review,Broad / Cross-sector,,Europe,GSCMENGH,GS Enagas Custom Hedge,EUR,Custom Basket,MAPMA8YH513NBP3W,True
CUSTOM_BASKETS_LEVELS,Other / Review,Broad / Cross-sector,,Asia,GSCBJTP0,GSCBJTP0,JPY,Custom Basket,MAPN2712AV91MN4E,True
CUSTOM_BASKETS_LEVELS,Other / Review,Broad / Cross-sector,,Americas,GSXUWFFL,GS US Wolfe Hi ETF Flow,USD,Custom Basket,MAPNK5AS3Z10D7TX,True
CUSTOM_BASKETS_LEVELS,Other / Review,Broad / Cross-sector,,Europe,GSCMVALH,GS Valterra Hedge,ZAR,Custom Basket,MAPNK6658HJ95M4M,True
CUSTOM_BASKETS_LEVELS,Other / Review,Broad / Cross-sector,,Europe,GSCMAIRL,GS Air Liquide Hedge,EUR,Custom Basket,MAPP9ASSMHAGN44Y,True
CUSTOM_BASKETS_LEVELS,Other / Review,Broad / Cross-sector,,Americas,GSCB1211,GS Custom Hedge,USD,Custom Basket,MAPPTFZ93BD1VFRG,True
CUSTOM_BASKETS_LEVELS,Other / Review,Broad / Cross-sector,,Americas,GSCBDEFO,GS Expensive Defensives,USD,Custom Basket,MAPPY7KS4DEHY8VS,True
CUSTOM_BASKETS_LEVELS,Theme,Broad / Cross-sector,China / Supply Chain,Asia,GSXACHBS,GS China-H Banks,HKD,Custom Basket,MAPQ969XT9K6CTEZ,False
CUSTOM_BASKETS_LEVELS,Other / Review,Broad / Cross-sector,,Europe,GSCMDCCH,GS DCC Hedge,GBP,Custom Basket,MAPQ9Y5EVV634P7P,True
CUSTOM_BASKETS_LEVELS,Other / Review,Broad / Cross-sector,,Americas,GSXFBANK,GS Brazil Banks,BRL,Custom Basket,MAPQEFX6D03DS0V1,True
CUSTOM_BASKETS_LEVELS,Factor,Broad / Cross-sector,Value,Europe,GSXEUKVL,UK Reactive Cheap Value,GBP,Custom Basket,MAPQMV9GTMP4E28D,False
CUSTOM_BASKETS_LEVELS,Other / Review,Broad / Cross-sector,,Americas,GSXXTAXL,GS Low Tax,USD,Custom Basket,MAPREA0XXPG2PTD8,True
CUSTOM_BASKETS_LEVELS,Other / Review,Broad / Cross-sector,,Europe,GSXEOG24,GS EU 24 Olympic Games,EUR,Custom Basket,MAPT2V6WPRD0PDN0,True
CUSTOM_BASKETS_LEVELS,Other / Review,Broad / Cross-sector,,Europe,GSCMMTNA,GS ArcelorMittal Hedge,EUR,Custom Basket,MAPTK546MPQWEA8P,True
CUSTOM_BASKETS_LEVELS,Theme,Broad / Cross-sector,China / Supply Chain,Americas,GSXACHTR,GS China Tourism,USD,Custom Basket,MAPVR9EYEMBGX19Z,False
CUSTOM_BASKETS_LEVELS,Factor,Broad / Cross-sector,Growth,Americas,GSXACHGL,GS China Growth Long,USD,Custom Basket,MAPVVE5NS0CTQB4Y,False
CUSTOM_BASKETS_LEVELS,Other / Review,Broad / Cross-sector,,Europe,GSXACONS,GS Asia Consumption,USD,Custom Basket,MAPVWMSA4DCY5F1F,True
CUSTOM_BASKETS_LEVELS,Factor,Broad / Cross-sector,Volatility,Europe,GSXEBFRL,EU Pure Hi Residual Vol,EUR,Custom Basket,MAPVYVN6WJ71Q0FV,False
CUSTOM_BASKETS_LEVELS,Theme,Broad / Cross-sector,Healthcare Innovation,Europe,GSCM1SXP,GS Schott Pharma Hedge,EUR,Custom Basket,MAPVZ3QVWJDN8RCJ,False
CUSTOM_BASKETS_LEVELS,Theme,Broad / Cross-sector,Inflation / Pricing Power,Americas,GSCBEMIO,EM Inflation Outperform,USD,Custom Basket,MAPW5Y3EQD2EFR1D,False
CUSTOM_BASKETS_LEVELS,Other / Review,Energy,,Americas,GSENELNG,GS LNG Exposed,USD,Custom Basket,MAPWAXTFBDHC7HNT,True
CUSTOM_BASKETS_LEVELS,Other / Review,Broad / Cross-sector,,Europe,GSXFCEEB,GS CEE Banks,EUR,Custom Basket,MAPWDXDTS1YNNCAW,True
CUSTOM_BASKETS_LEVELS,Other / Review,Broad / Cross-sector,,Americas,GSXGMEMO,GS Global Memory,USD,Custom Basket,MAPWR3JTQ2JN86GQ,True
CUSTOM_BASKETS_LEVELS,Factor,Broad / Cross-sector,Growth,Europe,GSXEUKGS,UK Reactive Low Growth,GBP,Custom Basket,MAPWT5CW2Z86F2CD,False
CUSTOM_BASKETS_LEVELS,Other / Review,Broad / Cross-sector,,Europe,GSCMWTBH,GS Whitbread Hedge,GBP,Custom Basket,MAPWWV3D0W9292VQ,True
CUSTOM_BASKETS_LEVELS,Other / Review,Broad / Cross-sector,,Europe,GSCMACFH,GS Accor SA Hedge Basket,EUR,Custom Basket,MAPXH711ENGC4QK1,True
CUSTOM_BASKETS_LEVELS,Other / Review,Broad / Cross-sector,,Europe,GSXEADAP,GS EU New Cycle Adaptors,EUR,Custom Basket,MAPY0KA8PED8MATS,True
CUSTOM_BASKETS_LEVELS,Theme,Materials,Semiconductors,Asia,GSXAJSMA,GS Japan Semis Materials,JPY,Custom Basket,MAPY38ZZ9BC4BZ2T,False
CUSTOM_BASKETS_LEVELS,Sector Factor,Consumer,Size,Americas,GSCNBFZL,GS US Consumer Size Long,USD,Custom Basket,MAPY5ZH1J8CYG32F,False
CUSTOM_BASKETS_LEVELS,Factor,Broad / Cross-sector,Dividend / Yield,Americas,GSXUWFDS,GS US Wolfe Lo Div Yield,USD,Custom Basket,MAPYFCWCTH77YFXZ,False
CUSTOM_BASKETS_LEVELS,Other / Review,Broad / Cross-sector,,Asia,GSCBKV2H,GS Korea Hedge,KRW,Custom Basket,MAPZBCPPPKKXZJQP,True
CUSTOM_BASKETS_LEVELS,Sector Factor,Financials,Volatility,Americas,GSFIBFRS,GS US Fin Res Vol Short,USD,Custom Basket,MAPZMNT92F6RWN9R,False
CUSTOM_BASKETS_LEVELS,Other / Review,Broad / Cross-sector,,Americas,GSXFBZCM,GS BZ Comdty Levered (USD),USD,Custom Basket,MAPZZ9RV74JNGPWS,True
CUSTOM_BASKETS_LEVELS,Other / Review,Broad / Cross-sector,,Europe,GSCMTSCL,GS Tesco Hedge,GBP,Custom Basket,MAQ1041F6WW8RBKW,True
CUSTOM_BASKETS_LEVELS,Theme,Broad / Cross-sector,China / Supply Chain,Asia,GSCBCHUM,GS China Humanoid Sup Ch,CNH,Custom Basket,MAQ14C7AEW0V856Q,False
CUSTOM_BASKETS_LEVELS,Theme,Broad / Cross-sector,AI,Americas,GSXUSPRO,GS SMid-Cap AI Product.,USD,Custom Basket,MAQ2T8KAAWVY8CH9,False
CUSTOM_BASKETS_LEVELS,Other / Review,Broad / Cross-sector,,Europe,GSXELRAT,EU Low Rates Sensitivity,EUR,Custom Basket,MAQ30J9RARB0X4YC,True
CUSTOM_BASKETS_LEVELS,Other / Review,Broad / Cross-sector,,Americas,GSXUINSU,GS US Insurance & Rein.,USD,Custom Basket,MAQ3M4CTRZDEX04E,True
CUSTOM_BASKETS_LEVELS,Other / Review,Broad / Cross-sector,,Asia,GSXAJINW,GS Japan Infl. Winners,JPY,Custom Basket,MAQ3ZRZDBCMPDTVM,True
CUSTOM_BASKETS_LEVELS,Other / Review,Broad / Cross-sector,,Europe,GSCMVOLC,GS Volvo Car Hedge,SEK,Custom Basket,MAQ47PTSQ9MK4K47,True
CUSTOM_BASKETS_LEVELS,Other / Review,TMT / Tech,,Americas,GSCMNDX7,GS Top 100 Tech ex Top 7,USD,Custom Basket,MAQ4D1TXZC8935E5,True
CUSTOM_BASKETS_LEVELS,Sector Factor,Health Care,Size,Americas,GSHCBFZL,GS US HC Size Long,USD,Custom Basket,MAQ4F3PZ8PCZMBZV,False
CUSTOM_BASKETS_LEVELS,Theme,Broad / Cross-sector,AI,Americas,GSCBAIP2,GS GIR AI Phase 2,USD,Custom Basket,MAQ4QBVXPTSYYYY4,False
CUSTOM_BASKETS_LEVELS,Other / Review,Broad / Cross-sector,,Americas,GSIDLCPG,GS Indstrl Capital Goods,USD,Custom Basket,MAQ4RKPF3Z2RRR5S,True
CUSTOM_BASKETS_LEVELS,Other / Review,Broad / Cross-sector,,Europe,GSCMAVST,GS Avast Hedge,GBP,Custom Basket,MAQ5SNV19JRKEFP4,True
CUSTOM_BASKETS_LEVELS,Other / Review,Broad / Cross-sector,,Global,GSXAAUDF,GS Australia Defensives,AUD,Custom Basket,MAQ6D3SDB6HKRDY2,True
CUSTOM_BASKETS_LEVELS,Other / Review,Broad / Cross-sector,,Europe,GSCMRORH,GS Rotork Hedge,GBP,Custom Basket,MAQ7JMN7988PF9YG,True
CUSTOM_BASKETS_LEVELS,Other / Review,Broad / Cross-sector,,Americas,GSCBCASA,GS US Canada Sales,USD,Custom Basket,MAQ8NYKQTZ53XPR4,True
CUSTOM_BASKETS_LEVELS,Other / Review,Broad / Cross-sector,,Americas,GSXAMEMO,GS Asia Memory,USD,Custom Basket,MAQ912FXCR0JX6GN,True
CUSTOM_BASKETS_LEVELS,Other / Review,Broad / Cross-sector,,Europe,GSXFSARO,Saudi Regional Ownership,USD,Custom Basket,MAQ96XYTR033Y3YD,True
CUSTOM_BASKETS_LEVELS,Theme,TMT / Tech,Software,Americas,GSTMTSOL,GS US Software Immune,USD,Custom Basket,MAQ9WWY0M9XR3KZT,False
CUSTOM_BASKETS_LEVELS,Theme,Broad / Cross-sector,China / Supply Chain,Asia,GSXACRAR,GS China Rare Earths,CNH,Custom Basket,MAQ9X033JMS9ZVCV,False
CUSTOM_BASKETS_LEVELS,Other / Review,Broad / Cross-sector,,Europe,GSXERETS,GS EU Non-Food Retail SL,EUR,Custom Basket,MAQAH952S7G549CR,True
CUSTOM_BASKETS_LEVELS,Other / Review,Broad / Cross-sector,,Europe,GSCMACFP,GS Accor Custom Hedge,EUR,Custom Basket,MAQAR5WG8EC328ZE,True
CUSTOM_BASKETS_LEVELS,Other / Review,Broad / Cross-sector,,Asia,GSCBJFAV,GS JP Foreign Favorites,JPY,Custom Basket,MAQB8CQWA2N7Q2EX,True
CUSTOM_BASKETS_LEVELS,Theme,Broad / Cross-sector,Clean Energy / ESG,Europe,GSXEESGF,EU ESG Favorites,EUR,Custom Basket,MAQBAGTN3C3M2WYC,False
CUSTOM_BASKETS_LEVELS,Other / Review,Broad / Cross-sector,,Americas,GSCBMASA,GS Margin of Safety Abs,USD,Custom Basket,MAQBE745BZ1328QN,True
CUSTOM_BASKETS_LEVELS,Sector Factor,Consumer,Crowding,Americas,GSCNWFCL,GS US Cons High Crowding,USD,Custom Basket,MAQC3RCRH1D94NAH,False
CUSTOM_BASKETS_LEVELS,Other / Review,Broad / Cross-sector,,Asia,GSXAKREV,GS Korea EV,KRW,Custom Basket,MAQC5V339J58J8Q3,True
CUSTOM_BASKETS_LEVELS,Other / Review,Broad / Cross-sector,,Europe,GSCMGNXH,GS Global Nexi Hedge,EUR,Custom Basket,MAQDS61WE5W722T5,True
CUSTOM_BASKETS_LEVELS,Other / Review,Broad / Cross-sector,,Americas,GS24DLXR,GS24 Dem Pol Long ex Rec,USD,Custom Basket,MAQE1858W2516NCR,True
CUSTOM_BASKETS_LEVELS,Other / Review,Consumer,,Americas,GSXUHICN,GS High Income Consumer,USD,Custom Basket,MAQE28YHWQ92D4B1,True
CUSTOM_BASKETS_LEVELS,Theme,Broad / Cross-sector,China / Supply Chain,Asia,GSXACABA,GS China-A Banks,CNH,Custom Basket,MAQE2XF6Y85M1KSQ,False
CUSTOM_BASKETS_LEVELS,Other / Review,Broad / Cross-sector,,Americas,GSCMLSXM,GS Flagship Hedge,USD,Custom Basket,MAQE3FV1KZDVY21D,True
CUSTOM_BASKETS_LEVELS,Other / Review,Broad / Cross-sector,,Europe,GSCMPIRC,GS Pirelli Custom Hedge,EUR,Custom Basket,MAQE6BBZBMXZQZSE,True
CUSTOM_BASKETS_LEVELS,Other / Review,Broad / Cross-sector,,Americas,GSCBSAQH,Serial Acquirers Hedge,USD,Custom Basket,MAQFPDT0638PZP17,True
CUSTOM_BASKETS_LEVELS,Other / Review,Broad / Cross-sector,,Europe,GSCMPUMH,GS Puma Hedge,EUR,Custom Basket,MAQFWJRHT9DRABGP,True
CUSTOM_BASKETS_LEVELS,Other / Review,Broad / Cross-sector,,Asia,GSCBJRBK,GS Japan Regional Banks,JPY,Custom Basket,MAQG5W0RZ7DDXDKM,True
CUSTOM_BASKETS_LEVELS,Sector Factor,TMT / Tech,Beta,Americas,GSTMBFBS,GS US TMT Beta Short,USD,Custom Basket,MAQG8BEGD33DK8M6,False
CUSTOM_BASKETS_LEVELS,Other / Review,Broad / Cross-sector,,Europe,GSXFCEMI,GS CEEMEA Miners,USD,Custom Basket,MAQH2K80T6CA2GBB,True
CUSTOM_BASKETS_LEVELS,Other / Review,Broad / Cross-sector,,Americas,GSXUHALT,GS US HALO Too Far,USD,Custom Basket,MAQHBP7GAZFZW2J8,True
CUSTOM_BASKETS_LEVELS,Other / Review,Broad / Cross-sector,,Europe,GSCMRHMH,GS Rheinmetall Hedge,EUR,Custom Basket,MAQJ5FQMGDW5FZ2R,True
CUSTOM_BASKETS_LEVELS,Factor,Broad / Cross-sector,Volatility,Americas,GSXUBFRL,GS US Barra High Res Vol,USD,Custom Basket,MAQJZEC3EGYFPMKY,False
CUSTOM_BASKETS_LEVELS,Theme,TMT / Tech,AI,Americas,GSXACAIT,GS China Tech AI Benefic,USD,Custom Basket,MAQK5BWP1ZGRQ6V6,False
CUSTOM_BASKETS_LEVELS,Theme,Broad / Cross-sector,AI,Europe,GSXEPROD,GS EU AI Productivity,EUR,Custom Basket,MAQKN00MAMJC3BH1,False
CUSTOM_BASKETS_LEVELS,Other / Review,Financials,,Global,GSXAAUFI,GS Australia Financials,AUD,Custom Basket,MAQM30CGX7XZ9Y7Z,True
CUSTOM_BASKETS_LEVELS,Factor,Broad / Cross-sector,Crowding,Asia,GSCBJONG,GS Japan Crowded Longs,JPY,Custom Basket,MAQMA49WR3NRAEGZ,False
CUSTOM_BASKETS_LEVELS,Other / Review,Broad / Cross-sector,,Europe,GSXFPIPE,GS Saudi Pipeline Benef,USD,Custom Basket,MAQMNDHXJKGJKW7D,True
CUSTOM_BASKETS_LEVELS,Other / Review,Broad / Cross-sector,,Europe,GSCMCTPN,GS CTP NV Hedge,EUR,Custom Basket,MAQMVVER7EQPMCK6,True
CUSTOM_BASKETS_LEVELS,Factor,Broad / Cross-sector,Growth,Americas,GSCMSGRO,GS Liq Opt Sec Growth,USD,Custom Basket,MAQNHA14YRT00E9K,False
CUSTOM_BASKETS_LEVELS,Other / Review,Industrials,,Americas,GSIDLAIR,GS Industrials Airlines,USD,Custom Basket,MAQNVM5Q4PN5D03M,True
CUSTOM_BASKETS_LEVELS,Other / Review,Broad / Cross-sector,,Europe,GSCMITVL,GSCMITVL,GBP,Custom Basket,MAQP8VZ7GFR909P4,True
CUSTOM_BASKETS_LEVELS,Factor,Broad / Cross-sector,Value,Americas,GSXFBZVS,GS Brazil Value Short,BRL,Custom Basket,MAQPG1J3CE7P5PZW,False
CUSTOM_BASKETS_LEVELS,Other / Review,Broad / Cross-sector,,Europe,GSCMIMEH,GS Imerys Hedge,EUR,Custom Basket,MAQQ8V9CW04F6M7A,True
CUSTOM_BASKETS_LEVELS,Other / Review,Broad / Cross-sector,,Americas,GSCBMF25,GS MF Tax Loss 2025,USD,Custom Basket,MAQQA64BGMDSWN1S,True
CUSTOM_BASKETS_LEVELS,Other / Review,Broad / Cross-sector,,Europe,GSCMELMH,GS ELM Custom Hedge,GBP,Custom Basket,MAQQNV02QHHY6VSN,True
CUSTOM_BASKETS_LEVELS,Other / Review,Broad / Cross-sector,,Americas,GSCBSER3,Vol Adjusted Services,USD,Custom Basket,MAQRZ8EHPSGVXC0P,True
CUSTOM_BASKETS_LEVELS,Other / Review,Broad / Cross-sector,,Americas,GSXACFOO,GS CH Agric Self-Suff.,USD,Custom Basket,MAQRZBXDHKR39G7A,True
CUSTOM_BASKETS_LEVELS,Other / Review,Broad / Cross-sector,,Europe,GSCMGTTH,GS GTT FP Hedge,EUR,Custom Basket,MAQSXJBJG2XCNY7S,True
CUSTOM_BASKETS_LEVELS,Other / Review,Energy,,Europe,GSCMNTGY,GS Naturgy Energy Hedge,EUR,Custom Basket,MAQTTNKNVTEG484W,True
CUSTOM_BASKETS_LEVELS,Other / Review,Broad / Cross-sector,,Europe,GSCBQ1LO,GS Custom Losers Basket,EUR,Custom Basket,MAQVDYDH9SRS9Y2H,True
CUSTOM_BASKETS_LEVELS,Other / Review,Broad / Cross-sector,,Europe,GSCMSABB,GS SABB Custom hedge,USD,Custom Basket,MAQVFH60WT33S416,True
CUSTOM_BASKETS_LEVELS,Other / Review,Broad / Cross-sector,,Americas,GSXUWFIL,GS US Wolfe Hi Short Int,USD,Custom Basket,MAQVMADFZ6B67TR6,True
CUSTOM_BASKETS_LEVELS,Theme,TMT / Tech,Semiconductors,Americas,GSCBASMC,GS US Analog Semis,USD,Custom Basket,MAQVXNAHZBW3RNPB,False
CUSTOM_BASKETS_LEVELS,Other / Review,Broad / Cross-sector,,Europe,GSCMWMHH,GS WHM Custom Hedge,GBP,Custom Basket,MAQXQTRDDS6JPE43,True
CUSTOM_BASKETS_LEVELS,Theme,Broad / Cross-sector,China / Supply Chain,Americas,GSXACSAT,GS China Satellites,USD,Custom Basket,MAQY277VG105M40W,False
CUSTOM_BASKETS_LEVELS,Other / Review,Broad / Cross-sector,,Europe,GSCBDFUK,GS UK Defens & Rate Sens,GBP,Custom Basket,MAQY7ZXD8Q94XYEY,True
CUSTOM_BASKETS_LEVELS,Other / Review,Broad / Cross-sector,,Europe,GSCMPSSL,GS Custom Pollen St Hdge,GBP,Custom Basket,MAQYR0AZ0KGH8WM5,True
CUSTOM_BASKETS_LEVELS,Theme,Broad / Cross-sector,Clean Energy / ESG,Asia,GSXAJPDC,GS Japan Decarbonization,JPY,Custom Basket,MAQYW1GSCQ249R1Z,False
CUSTOM_BASKETS_LEVELS,Theme,Broad / Cross-sector,China / Supply Chain,Americas,GSXACHBR,GS China Brokerages,USD,Custom Basket,MAQYY8YJXG2D6VG7,False
CUSTOM_BASKETS_LEVELS,Other / Review,Broad / Cross-sector,,Europe,GSCMHRKT,GS Reckitt Hedge,GBP,Custom Basket,MAQZ5AJJWBA6GJ8H,True
CUSTOM_BASKETS_LEVELS,Other / Review,Broad / Cross-sector,,Americas,GSXAAIAP,GS APAC AIGC Application,USD,Custom Basket,MAQZD4JNKV5EY75A,True
CUSTOM_BASKETS_LEVELS,Other / Review,Broad / Cross-sector,,Europe,GSXEBFTL,EU Pure Hi LT Reversal,EUR,Custom Basket,MAQZHPPY2T1AXGCE,True
CUSTOM_BASKETS_LEVELS,Other / Review,Broad / Cross-sector,,Asia,GSXATDYS,GS Taiwan (HB) Div Y Sho,TWD,Custom Basket,MAR1SRM8EAVTSQ3A,True
CUSTOM_BASKETS_LEVELS,Other / Review,Broad / Cross-sector,,Europe,GSCMCARH,GS Carrefour Custom Hdg,EUR,Custom Basket,MAR243S8Z5N56R8Y,True
CUSTOM_BASKETS_LEVELS,Other / Review,Broad / Cross-sector,,Americas,GSCBHMBD,GS Home Builders,USD,Custom Basket,MAR2CZQ9Y4DZC494,True
CUSTOM_BASKETS_LEVELS,Other / Review,Broad / Cross-sector,,Europe,GSCMWGLN,GS John Wood Group Hedge,GBP,Custom Basket,MAR2JPD5DVB6EQRW,True
CUSTOM_BASKETS_LEVELS,Sector Factor,Consumer,Volatility,Americas,GSCNBFRL,GS US Cons Res Vol Long,USD,Custom Basket,MAR2NRF2SPN269DF,False
CUSTOM_BASKETS_LEVELS,Other / Review,Broad / Cross-sector,,Europe,GSCMGIMH,GS Generali Hedge,EUR,Custom Basket,MAR2QK9PQZQGPF2K,True
CUSTOM_BASKETS_LEVELS,Other / Review,Broad / Cross-sector,,Americas,GSCBINFV,Vol Adjusted Infra,USD,Custom Basket,MAR3Z8T4SCH51WCA,True
CUSTOM_BASKETS_LEVELS,Theme,Broad / Cross-sector,AI,Americas,GSXFEAIX,GS EM AI,USD,Custom Basket,MAR3ZZ7ADSGW8WRB,False
CUSTOM_BASKETS_LEVELS,Factor,Broad / Cross-sector,Value,Americas,GSXUWFVS,GS US Wolfe Low Value,USD,Custom Basket,MAR4ESKD0Z307TSD,False
CUSTOM_BASKETS_LEVELS,Other / Review,Broad / Cross-sector,,Asia,GSCBJCR1,Japan Corp Reform,JPY,Custom Basket,MAR4N4V1R06XMF4H,True
CUSTOM_BASKETS_LEVELS,Other / Review,Broad / Cross-sector,,Europe,GSCMANGX,GS Angel Studios Hedge,USD,Custom Basket,MAR53JA4Z5ZX2M5D,True
CUSTOM_BASKETS_LEVELS,Other / Review,Broad / Cross-sector,,Asia,GSXAJBQL,GS JP Barra Qlty Long,JPY,Custom Basket,MAR5XFTY2VWM3RBM,True
CUSTOM_BASKETS_LEVELS,Other / Review,Broad / Cross-sector,,Americas,GSXFBTEK,GS LatAm Technology,USD,Custom Basket,MAR6N4P5C479S0BZ,True
CUSTOM_BASKETS_LEVELS,Other / Review,Broad / Cross-sector,,Americas,GSHLCCUR,Global Health Risk Cure,USD,Custom Basket,MAR7EGFETQ3E4BM3,True
CUSTOM_BASKETS_LEVELS,Factor,Broad / Cross-sector,Size,Americas,GSXUWFZS,GS US Wolfe Low Size,USD,Custom Basket,MAR7NR4SMHSZAQ2N,False
CUSTOM_BASKETS_LEVELS,Other / Review,Broad / Cross-sector,,Americas,GSCMHIBB,Flagship HIBB Hedge,USD,Custom Basket,MAR81WVAHVZF5VT9,True
CUSTOM_BASKETS_LEVELS,Other / Review,Broad / Cross-sector,,Americas,GSXGOPTI,GS Global Optical Netw.,USD,Custom Basket,MAR8SV08EP4AY0R3,True
CUSTOM_BASKETS_LEVELS,Factor,Broad / Cross-sector,Dividend / Yield,Asia,GSXACBDL,GS China Div Yield Long,CNH,Custom Basket,MAR9DG2JH68CD51F,False
CUSTOM_BASKETS_LEVELS,Factor,Broad / Cross-sector,Quality,Americas,GSXUMFQL,GS US Quality Long,USD,Custom Basket,MARAJKS7XBBX9RKE,False
CUSTOM_BASKETS_LEVELS,Other / Review,Broad / Cross-sector,,Europe,GSCMRTOH,GS Rentokil Hedge,GBP,Custom Basket,MARAQXMV6PBKS0G3,True
CUSTOM_BASKETS_LEVELS,Sector Factor,Health Care,Crowding,Americas,GSHCWFCS,GS US HC Crowding Short,USD,Custom Basket,MARASNSMVKZ57KBE,False
CUSTOM_BASKETS_LEVELS,Other / Review,Broad / Cross-sector,,Europe,GSXEFRET,GS EU Food Retail,EUR,Custom Basket,MARAYETM8DWW9MSG,True
CUSTOM_BASKETS_LEVELS,Factor,Broad / Cross-sector,Growth,Asia,GSXATGRL,GS Taiwan Growth (HB) Lo,TWD,Custom Basket,MARB4XMQZD83EX7D,False
CUSTOM_BASKETS_LEVELS,Theme,Broad / Cross-sector,China / Supply Chain,Europe,GSXASUPL,GS APAC Dom Supply Chain,USD,Custom Basket,MARB9EBGJ7NS2YRS,False
CUSTOM_BASKETS_LEVELS,Other / Review,Broad / Cross-sector,,Americas,GSCMALTR,ALTR Hedge,USD,Custom Basket,MARBHBZQBJ1245B2,True
CUSTOM_BASKETS_LEVELS,Other / Review,Broad / Cross-sector,,Europe,GSCBXGDF,GS Global Defensives,USD,Custom Basket,MARBPEWFJY3AVX8B,True
CUSTOM_BASKETS_LEVELS,Factor,Broad / Cross-sector,Dividend / Yield,Europe,GSXELDIV,EU Rctv Low Div Yield,EUR,Custom Basket,MARBYKJ3ZH7806ZX,False
CUSTOM_BASKETS_LEVELS,Other / Review,Broad / Cross-sector,,Europe,GSCMAHTH,GS Ashtead Group Hedge,GBP,Custom Basket,MARC23XGFF7EVNAM,True
CUSTOM_BASKETS_LEVELS,Other / Review,TMT / Tech,,Asia,GSCBITH3,GS Custom HK Tech,HKD,Custom Basket,MARC39FN14B9R6X1,True
CUSTOM_BASKETS_LEVELS,Other / Review,TMT / Tech,,Europe,GSXGXETC,GS Ex Tech Compounders,USD,Custom Basket,MARCDBX6QYJ75ZDD,True
CUSTOM_BASKETS_LEVELS,Factor,Broad / Cross-sector,Size,Asia,GSXAMFSS,GS Japan Size Short,JPY,Custom Basket,MARCECASKK2BFX07,False
CUSTOM_BASKETS_LEVELS,Other / Review,Broad / Cross-sector,,Europe,GSCMEVTH,GS Evotec Hedge,EUR,Custom Basket,MARCRMRV70XA0RZ6,True
CUSTOM_BASKETS_LEVELS,Other / Review,Broad / Cross-sector,,Asia,GSXAKMAG,GS Korea Magnificent,KRW,Custom Basket,MARCYYP4ZV59085M,True
CUSTOM_BASKETS_LEVELS,Other / Review,Broad / Cross-sector,,Americas,GSCBEMOI,GS Asia EM Oil,USD,Custom Basket,MARD8F1T0WBST82M,True
CUSTOM_BASKETS_LEVELS,Other / Review,Broad / Cross-sector,,Americas,GSQIHYLL,US HY Credit Sprds Long,USD,Custom Basket,MARE5G1412M7HMVX,True
CUSTOM_BASKETS_LEVELS,Other / Review,Broad / Cross-sector,,Europe,GSCMFIAP,GS Fiat Peers Basket,EUR,Custom Basket,MAREBRGAMMRD2YB3,True
CUSTOM_BASKETS_LEVELS,Other / Review,Broad / Cross-sector,,Asia,GSXAMFPS,GS Japan Profit. Short,JPY,Custom Basket,MAREZDJJHSX96VP1,True
CUSTOM_BASKETS_LEVELS,Other / Review,Broad / Cross-sector,,Europe,GSCMMFFP,GS Wendel Hedge,EUR,Custom Basket,MARFDZZQ141DE80Z,True
CUSTOM_BASKETS_LEVELS,Other / Review,Broad / Cross-sector,,Europe,GSCMUGFP,GS Peugeot Custom Hedge,EUR,Custom Basket,MARFMPGDWK06QKEP,True
CUSTOM_BASKETS_LEVELS,Factor,Broad / Cross-sector,Growth,Europe,GSXEHGRO,EU Reactive High Growth,EUR,Custom Basket,MARG76559QC1N4DT,False
CUSTOM_BASKETS_LEVELS,Other / Review,Broad / Cross-sector,,Asia,GSXAJCYC,GS Japan Cyclicals,JPY,Custom Basket,MARGPGJARNHGG3P2,True
CUSTOM_BASKETS_LEVELS,Other / Review,Broad / Cross-sector,,Europe,GSCMQIAG,GS Qiagen Hedge,EUR,Custom Basket,MARGY2XP3PZHZ17T,True
CUSTOM_BASKETS_LEVELS,Other / Review,Health Care,,Americas,GSHLCMCR,GS HC Managed Care,USD,Custom Basket,MARHHBHFSTXC1RXD,True
CUSTOM_BASKETS_LEVELS,Other / Review,Broad / Cross-sector,,Asia,GSXAKRK2,GS Korea K2 Hedge,KRW,Custom Basket,MARHXVDJ774T7N3W,True
CUSTOM_BASKETS_LEVELS,Theme,Broad / Cross-sector,China / Supply Chain,Americas,GSXACMIN,GS China Miners,USD,Custom Basket,MARJBX1R6V18CME8,False
CUSTOM_BASKETS_LEVELS,Other / Review,Broad / Cross-sector,,Europe,GSCMHAYV,GS Ayvens Hedge,EUR,Custom Basket,MARJNVVM5NJQ1AB1,True
CUSTOM_BASKETS_LEVELS,Other / Review,Broad / Cross-sector,,Europe,GSCMSXSH,GS Spectris Hedge,GBP,Custom Basket,MARJR0Z4205ZR322,True
CUSTOM_BASKETS_LEVELS,Other / Review,Broad / Cross-sector,,Asia,GSCBKRX7,GS Korea ex Mag 7,KRW,Custom Basket,MARKD8BB151WH061,True
CUSTOM_BASKETS_LEVELS,Other / Review,Broad / Cross-sector,,Americas,GSHLCDVC,GS Dental & Vision Care,USD,Custom Basket,MARMMFASJDT25H1E,True
CUSTOM_BASKETS_LEVELS,Other / Review,Broad / Cross-sector,,Europe,GSXEGRID,GSXEGRID,EUR,Custom Basket,MARMPB2HSRVN7Y00,True
CUSTOM_BASKETS_LEVELS,Other / Review,Broad / Cross-sector,,Europe,GSXEUKBD,GS UK Bond Sensitive,GBP,Custom Basket,MARN0NESE0NPQ7PE,True
CUSTOM_BASKETS_LEVELS,Theme,TMT / Tech,AI,Asia,GSXAJTXT,GS Japan ex AI/Semis,JPY,Custom Basket,MARNB7DMA9J0NSVP,False
CUSTOM_BASKETS_LEVELS,Other / Review,Broad / Cross-sector,,Europe,GSCMABNH,GS ABN Amro Hedge,EUR,Custom Basket,MARNX72HXZG3EAE1,True
CUSTOM_BASKETS_LEVELS,Other / Review,Broad / Cross-sector,,Americas,GSXFBRSH,GS Brazil Most Short,USD,Custom Basket,MARP8FZP9877HNRX,True
CUSTOM_BASKETS_LEVELS,Other / Review,Broad / Cross-sector,,Europe,GSCMRIOH,GS Rio Tinto Hedge,GBP,Custom Basket,MARP8JBK0PZ5TQTT,True
CUSTOM_BASKETS_LEVELS,Theme,Broad / Cross-sector,China / Supply Chain,Americas,GSXUCHSE,China Sales Exposure,USD,Custom Basket,MARP9R12EPDJ15SQ,False
CUSTOM_BASKETS_LEVELS,Other / Review,TMT / Tech,,Asia,GSXAHKXT,GS Hong Kong ex Tech,HKD,Custom Basket,MARQGY0ETNS77X7H,True
CUSTOM_BASKETS_LEVELS,Other / Review,Broad / Cross-sector,,Americas,GSXFCOMO,GS EM Commods Sensitive,USD,Custom Basket,MARR6X77QRV43VK3,True
CUSTOM_BASKETS_LEVELS,Factor,Broad / Cross-sector,Volatility,Americas,GSXACHWL,GS China Volatility Long,USD,Custom Basket,MARRM6EN3VHZ7873,False
CUSTOM_BASKETS_LEVELS,Theme,Broad / Cross-sector,AI,Americas,GSXALEAI,GS APAC AI Leaders,USD,Custom Basket,MARRRKPVW66JPR3W,False
CUSTOM_BASKETS_LEVELS,Sector Factor,Industrials,Momentum,Europe,GSXEHMOI,EU Industrials Momo Long,EUR,Custom Basket,MARSHHRAN73WKB50,False
CUSTOM_BASKETS_LEVELS,Other / Review,Broad / Cross-sector,,Americas,GSXFBZHR,BZ Health Risk,BRL,Custom Basket,MARSSR70N9J6RCMC,True
CUSTOM_BASKETS_LEVELS,Other / Review,Broad / Cross-sector,,Asia,GSXAJSLP,GS Japan SMID Low PB,JPY,Custom Basket,MARSW1NBR7J7HZ4Y,True
CUSTOM_BASKETS_LEVELS,Theme,Broad / Cross-sector,China / Supply Chain,Americas,GS24TRFH,GS US Tariff Hedge,USD,Custom Basket,MARV3446ZBY0YBJW,False
CUSTOM_BASKETS_LEVELS,Factor,Broad / Cross-sector,Value,Americas,GSXACHVL,GS China Value Long,USD,Custom Basket,MARV5R1DPWZ7EG7J,False
CUSTOM_BASKETS_LEVELS,Other / Review,Health Care,,Americas,GSHLCCRO,GS HC CROs,USD,Custom Basket,MARW6C14GSJR1KJW,True
CUSTOM_BASKETS_LEVELS,Other / Review,Broad / Cross-sector,,Europe,GSCMMBGH,GS Mercedes Hedge,EUR,Custom Basket,MARWCCVD5Z23H0PV,True
CUSTOM_BASKETS_LEVELS,Other / Review,Broad / Cross-sector,,Europe,GSCMTATH,GS Tate & Lyle Hedge,GBP,Custom Basket,MARWMB1J95QRVVQ3,True
CUSTOM_BASKETS_LEVELS,Other / Review,Broad / Cross-sector,,Europe,GSCMSABH,GS Sabadell Hedge,EUR,Custom Basket,MARWQ5ES9D5GFA91,True
CUSTOM_BASKETS_LEVELS,Other / Review,Broad / Cross-sector,,Asia,GSXAKRAI,GS Korea Artificial Intl,KRW,Custom Basket,MARXV9V71VSE8SY2,True
CUSTOM_BASKETS_LEVELS,Other / Review,Broad / Cross-sector,,Europe,GSXEFOOD,GS EU Food Manufacturers,EUR,Custom Basket,MARY5XV68CFAVN50,True
CUSTOM_BASKETS_LEVELS,Other / Review,Broad / Cross-sector,,Europe,GSXGEXCH,GS Global Exchanges,USD,Custom Basket,MARYA819YTQB6HX9,True
CUSTOM_BASKETS_LEVELS,Other / Review,Broad / Cross-sector,,Europe,GSXEBFIS,EU Pure Lo Short Intrst,EUR,Custom Basket,MARYFA9B7QHNAAD4,True
CUSTOM_BASKETS_LEVELS,Other / Review,Financials,,Americas,GSFINCON,GS Consumer Finance,USD,Custom Basket,MARYTSV46G1C2DZ9,True
CUSTOM_BASKETS_LEVELS,Factor,Broad / Cross-sector,Size,Americas,GSXUWFZL,GS US Wolfe High Size,USD,Custom Basket,MARZ1GWCNKPT2SWA,False
CUSTOM_BASKETS_LEVELS,Theme,Broad / Cross-sector,China / Supply Chain,Asia,GSXACHRO,GS China Humanoid Robots,CNH,Custom Basket,MARZBEMAPX2EMGAN,False
CUSTOM_BASKETS_LEVELS,Other / Review,Broad / Cross-sector,,Europe,GSCMSPLH,GS Santander Poland Hdge,PLN,Custom Basket,MARZGFX5CYS9JW7Y,True
CUSTOM_BASKETS_LEVELS,Other / Review,Broad / Cross-sector,,Europe,GSCMMNGH,GS M&G Hedge,GBP,Custom Basket,MAS1FNKV7W4A305G,True
CUSTOM_BASKETS_LEVELS,Other / Review,Broad / Cross-sector,,Americas,GSCBMF23,GS MF Tax Loss 2023,USD,Custom Basket,MAS26XRFYJDZKS17,True
CUSTOM_BASKETS_LEVELS,Theme,Broad / Cross-sector,Buybacks / Capital Return,Europe,GSXEREPO,GS EU Buybacks,EUR,Custom Basket,MAS2DYH6YXMTNEWC,False
CUSTOM_BASKETS_LEVELS,Other / Review,Broad / Cross-sector,,Europe,GSCMCRHH,GS CRH Hedge,EUR,Custom Basket,MAS2X6KR31C3BX0H,True
CUSTOM_BASKETS_LEVELS,Other / Review,Consumer,,Americas,GSCBCXPH,GS Consumer Ex-Experien.,USD,Custom Basket,MAS2YC7B83DSS24C,True
CUSTOM_BASKETS_LEVELS,Other / Review,Broad / Cross-sector,,Europe,GSCMMBIH,GS Mediobanca Hedge,EUR,Custom Basket,MAS375HSKWHQX3YS,True
CUSTOM_BASKETS_LEVELS,Other / Review,Broad / Cross-sector,,Europe,GSXEHASM,GS High Analyst Sent,EUR,Custom Basket,MAS3YGF773WF9MA1,True
CUSTOM_BASKETS_LEVELS,Factor,Broad / Cross-sector,Liquidity,Europe,GSXEBFLL,EU Pure Hi Liquidity,EUR,Custom Basket,MAS4CEFGBXZAF3JV,False
CUSTOM_BASKETS_LEVELS,Other / Review,Real Estate,,Europe,GSXEUKRE,GS UK Real Estate,GBP,Custom Basket,MAS4HCZ1PEWXZBTA,True
CUSTOM_BASKETS_LEVELS,Theme,TMT / Tech,Semiconductors,Americas,GSXACSEM,GS China Semis,USD,Custom Basket,MAS4SRMQ8450G4WP,False
CUSTOM_BASKETS_LEVELS,Theme,Broad / Cross-sector,Reopening / Reflation,Europe,GSXEUKRO,GS UK Reopening,GBP,Custom Basket,MAS788T4MDVDZKN9,False
CUSTOM_BASKETS_LEVELS,Other / Review,Broad / Cross-sector,,Europe,GSCMTHOR,GSCMTHOR,EUR,Custom Basket,MAS7P5C1A4MZ88HC,True
CUSTOM_BASKETS_LEVELS,Other / Review,Broad / Cross-sector,,Europe,GSGLURAN,GS Global Uranium,USD,Custom Basket,MAS7X6HY7RS60X6F,True
CUSTOM_BASKETS_LEVELS,Factor,Broad / Cross-sector,Growth,Europe,GSCBMIGS,EU Midcap Growth Short,EUR,Custom Basket,MAS85RJBB7M7587B,False
CUSTOM_BASKETS_LEVELS,Theme,Broad / Cross-sector,AI,Americas,GSCBCHDS,GS China New AI,USD,Custom Basket,MAS8CVJEC6QXBX7P,False
CUSTOM_BASKETS_LEVELS,Other / Review,Broad / Cross-sector,,Americas,GSCMANTH,TPU Hedge,USD,Custom Basket,MAS8PWW9R312NMX4,True
CUSTOM_BASKETS_LEVELS,Factor,Broad / Cross-sector,Beta,Americas,GSXUBTXL,GS High Beta Ex AI & BTC,USD,Custom Basket,MAS9CQWC7YVE7T3Z,False
CUSTOM_BASKETS_LEVELS,Other / Review,Broad / Cross-sector,,Europe,GSXEENAB,GS EU New Cycle Enablers,EUR,Custom Basket,MAS9DXR2PAREQFTF,True
CUSTOM_BASKETS_LEVELS,Other / Review,Broad / Cross-sector,,Asia,GSCBJSBK,GS Japan SMID Banks,JPY,Custom Basket,MASA3GEE0CMG12HS,True
CUSTOM_BASKETS_LEVELS,Sector Factor,Health Care,Volatility,Americas,GSHCBFRL,GS US HC Res Vol Long,USD,Custom Basket,MASA55TR44H7WFWC,False
CUSTOM_BASKETS_LEVELS,Other / Review,Health Care,,Americas,GSHLCTHE,GS Healthcare Therapeuti,USD,Custom Basket,MASAC32H8BAHNE9E,True
CUSTOM_BASKETS_LEVELS,Other / Review,Broad / Cross-sector,,Americas,GSXUWFIS,GS US Wolfe Lo Short Int,USD,Custom Basket,MASB7GMVNK20QK20,True
CUSTOM_BASKETS_LEVELS,Other / Review,Broad / Cross-sector,,Europe,GSCMASCE,GS Ascential Hedge,GBP,Custom Basket,MASBCX90NHMW5X98,True
CUSTOM_BASKETS_LEVELS,Factor,Broad / Cross-sector,Volatility,Americas,GSXURVXS,GS US Low Res Vol Ex AI,USD,Custom Basket,MASBGGJMJZZBP8M3,False
CUSTOM_BASKETS_LEVELS,Other / Review,Broad / Cross-sector,,Europe,GSCBEJPY,GS EU Strong JPY,EUR,Custom Basket,MASBS3QJWKASKMBP,True
CUSTOM_BASKETS_LEVELS,Other / Review,Broad / Cross-sector,,Europe,GSXECAPX,GS EU Capex Benef,EUR,Custom Basket,MASCEA3GM3JMA207,True
CUSTOM_BASKETS_LEVELS,Other / Review,Broad / Cross-sector,,Europe,GSCMHOTD,GS Hochtief Hedge,EUR,Custom Basket,MASDGA2DY4DAXZZG,True
CUSTOM_BASKETS_LEVELS,Other / Review,Broad / Cross-sector,,Europe,GSCMVRSR,GS Verisure Hedge,SEK,Custom Basket,MASE1KNNM8TH85SC,True
CUSTOM_BASKETS_LEVELS,Other / Review,Health Care,,Americas,GSHLCGMC,GS HC Genomics,USD,Custom Basket,MASE6VGF6VYE7WPS,True
CUSTOM_BASKETS_LEVELS,Other / Review,Broad / Cross-sector,,Europe,GSCMFLTR,GS Flutter Hedge,GBP,Custom Basket,MASF1HFG3XFYPSHM,True
CUSTOM_BASKETS_LEVELS,Other / Review,Consumer,,Americas,GSCNSTXG,GS CNS Travel ex Gaming,USD,Custom Basket,MASFM4N0MPDE8AC0,True
CUSTOM_BASKETS_LEVELS,Factor,Broad / Cross-sector,Quality,Americas,GSXUBFAS,GS US Low Mgmt Quality,USD,Custom Basket,MASH2P6BRX55ETQW,False
CUSTOM_BASKETS_LEVELS,Other / Review,Utilities,,Europe,GSXFCEUT,GS CEEMEA Utilities,USD,Custom Basket,MASHN938B49PGEA7,True
CUSTOM_BASKETS_LEVELS,Factor,Broad / Cross-sector,Liquidity,Asia,GSXACBLS,GS China Liquidity Short,CNH,Custom Basket,MASHNPVRMJJGCRCP,False
CUSTOM_BASKETS_LEVELS,Other / Review,Broad / Cross-sector,,Europe,GSXEDEBT,GS EU HY Debt,EUR,Custom Basket,MASHRN51ETHPH1PE,True
CUSTOM_BASKETS_LEVELS,Factor,Broad / Cross-sector,Beta,Americas,GSXUBFBL,GS US Barra High Beta,USD,Custom Basket,MASJJCAJ6VD94V66,False
CUSTOM_BASKETS_LEVELS,Factor,Broad / Cross-sector,Growth vs Value,Americas,GSXULGSV,GS US Hi Growth vs Value,USD,Custom Basket,MASJST2Y03J1BWHN,False
CUSTOM_BASKETS_LEVELS,Factor,Broad / Cross-sector,Quality,Europe,GSCBSMQE,GS EU Quality Small Caps,EUR,Custom Basket,MASK0KW602R0PW2F,False
CUSTOM_BASKETS_LEVELS,Other / Review,TMT / Tech,,Americas,GSCBMIDI,GS IT Services,USD,Custom Basket,MASKCF5SEPRVGN41,True
CUSTOM_BASKETS_LEVELS,Factor,Broad / Cross-sector,Value,Europe,GSXEBFVS,EU Pure Expensive Value,EUR,Custom Basket,MASKKT2TJWM0S36M,False
CUSTOM_BASKETS_LEVELS,Theme,TMT / Tech,TMT,Americas,GSTMTCYB,GS TMT Cyber Security,USD,Custom Basket,MASKS1MXMD7G1KZ3,False
CUSTOM_BASKETS_LEVELS,Other / Review,Broad / Cross-sector,,Europe,GSCMSOLV,GS Solvay Hedge,EUR,Custom Basket,MASMPBAJ1SWRE86S,True
CUSTOM_BASKETS_LEVELS,Other / Review,Financials,,Europe,GSXEUKFN,GS UK Rates Sensi Fins,GBP,Custom Basket,MASMQMSBKNVCXE21,True
CUSTOM_BASKETS_LEVELS,Other / Review,Broad / Cross-sector,,Americas,GSXFBZDC,GS BZ Cyclicals (USD),USD,Custom Basket,MASNAD67CS357ZJV,True
CUSTOM_BASKETS_LEVELS,Other / Review,Broad / Cross-sector,,Europe,GSCMCOLO,GS Coloplast Hedge,DKK,Custom Basket,MASNDJ9E3FRDKTD0,True
CUSTOM_BASKETS_LEVELS,Other / Review,Broad / Cross-sector,,Asia,GSCBGNP1,Corp Gov & Def: Nuclear,JPY,Custom Basket,MASP3C9EJHNWG691,True
CUSTOM_BASKETS_LEVELS,Factor,Broad / Cross-sector,Value,Asia,GSXAMFVL,GS Japan Value Long,JPY,Custom Basket,MASP51G42YE0Y3YE,False
CUSTOM_BASKETS_LEVELS,Other / Review,Broad / Cross-sector,,Europe,GSCMPOME,GSCMPOME,GBP,Custom Basket,MASPBA60SP1EBDP6,True
CUSTOM_BASKETS_LEVELS,Other / Review,Broad / Cross-sector,,Asia,GSXAJSTY,GS Japan Stay At Home,JPY,Custom Basket,MASPC5DG5ZM8FTQB,True
CUSTOM_BASKETS_LEVELS,Factor,Broad / Cross-sector,Dividend / Yield,Americas,GSCBHYEQ,High Yield Equities,USD,Custom Basket,MASQDE4M8X5CC7GJ,False
CUSTOM_BASKETS_LEVELS,Factor,Broad / Cross-sector,Dividend / Yield,Americas,GSXUWFES,GS US Low Earnings Yield,USD,Custom Basket,MASR2J9G7PN5081W,False
CUSTOM_BASKETS_LEVELS,Theme,Real Estate,China / Supply Chain,Americas,GSXACNRE,GS China Real Estate,USD,Custom Basket,MASRT18PKCPEH5KR,False
CUSTOM_BASKETS_LEVELS,Other / Review,Broad / Cross-sector,,Asia,GSCBJMBA,GS Japan Multibaggers,JPY,Custom Basket,MASRYDW4N24DHFEZ,True
CUSTOM_BASKETS_LEVELS,Other / Review,Broad / Cross-sector,,Americas,GSXGDFCS,Global Def + Cyber Sec,USD,Custom Basket,MASS0V0WK8P3FH4X,True
CUSTOM_BASKETS_LEVELS,Other / Review,Broad / Cross-sector,,Europe,GSCMHCHG,GS Chemring Hedge,GBP,Custom Basket,MASS8CCPJBXYG425,True
CUSTOM_BASKETS_LEVELS,Factor,Broad / Cross-sector,Dividend / Yield,Americas,GSXUWFEL,GS US Hi Earnings Yield,USD,Custom Basket,MASSW5ANTM0SRJ4Y,False
CUSTOM_BASKETS_LEVELS,Other / Review,Broad / Cross-sector,,Europe,GSCMHACK,GS Hacksaw Hedge,SEK,Custom Basket,MASSYXMS1A5A02NH,True
CUSTOM_BASKETS_LEVELS,Other / Review,Broad / Cross-sector,,Americas,GSBZEQUL,GSBZEQUL,BRL,Custom Basket,MAST4T1YMK43GSG9,True
CUSTOM_BASKETS_LEVELS,Other / Review,Broad / Cross-sector,,Americas,GSXASHIB,GS Asia Shipbuilders,USD,Custom Basket,MASTB0Y2JVGX0XAV,True
CUSTOM_BASKETS_LEVELS,Factor,Broad / Cross-sector,Momentum,Americas,GSXUBAMS,GS US Barra Low Momentum,USD,Custom Basket,MASTF7V6BX4TJVHA,False
CUSTOM_BASKETS_LEVELS,Theme,Broad / Cross-sector,China / Supply Chain,Asia,GSXACNRS,GS China Natural Res.,CNH,Custom Basket,MASV4VVMEFEZ6FH5,False
CUSTOM_BASKETS_LEVELS,Other / Review,Broad / Cross-sector,,Europe,GSCMHEN3,GS Henkel Hedge,EUR,Custom Basket,MASW942C6HHHSTJH,True
CUSTOM_BASKETS_LEVELS,Other / Review,Broad / Cross-sector,,Europe,GSCBSV30,GS Saudi Vision 2030,SAR,Custom Basket,MASWA1Q0TRBQRCZ3,True
CUSTOM_BASKETS_LEVELS,Other / Review,Broad / Cross-sector,,Europe,GSCMUMGH,GS Universal Music Hedge,EUR,Custom Basket,MASWDY79EC2WHN0Z,True
CUSTOM_BASKETS_LEVELS,Other / Review,Broad / Cross-sector,,Asia,GSXAJPSL,GS Japan Parent Comp.,JPY,Custom Basket,MASWFSYZXX7S2GMJ,True
CUSTOM_BASKETS_LEVELS,Other / Review,Broad / Cross-sector,,Asia,GSXAKSPD,GS Korea Sup Chain Diver,KRW,Custom Basket,MASWW7BMAJBSMEW8,True
CUSTOM_BASKETS_LEVELS,Sector Factor,Consumer,Growth,Americas,GSCNBFGS,GS US Cons Growth Short,USD,Custom Basket,MASX569Q4MD20YWP,False
CUSTOM_BASKETS_LEVELS,Other / Review,Broad / Cross-sector,,Europe,GSCMACWA,GS Acwa Custom Hedge,USD,Custom Basket,MASXPS6YQ7JA71F4,True
CUSTOM_BASKETS_LEVELS,Other / Review,Broad / Cross-sector,,Europe,GSCMSANF,GS Sanofi Hedge,EUR,Custom Basket,MASY07584XMQW3W3,True
CUSTOM_BASKETS_LEVELS,Other / Review,Broad / Cross-sector,,Europe,GSXEHEVR,GS High Earnings Var,EUR,Custom Basket,MASYN6BYNSW4H28X,True
CUSTOM_BASKETS_LEVELS,Other / Review,Broad / Cross-sector,,Americas,GSCB3QEU,GS 2023 3Q Upside EPS,USD,Custom Basket,MAT028PXYG7SG59J,True
CUSTOM_BASKETS_LEVELS,Theme,Broad / Cross-sector,China / Supply Chain,Americas,GSCBCNUS,GS China ADRs w/ HK line,USD,Custom Basket,MAT0JY9R8097CRAK,False
CUSTOM_BASKETS_LEVELS,Other / Review,Broad / Cross-sector,,Americas,GSCBHOPT,High Option Volume,USD,Custom Basket,MAT0MTKXRPJ6JYW7,True
CUSTOM_BASKETS_LEVELS,Other / Review,Broad / Cross-sector,,Americas,GSXFBZSC,GS Brazil Small Caps,BRL,Custom Basket,MAT1DDCC4JNFVYAD,True
CUSTOM_BASKETS_LEVELS,Other / Review,Broad / Cross-sector,,Europe,GSCBTUEL,GS Turkey Elections,TRY,Custom Basket,MAT1FMZFEJM8Q3PD,True
CUSTOM_BASKETS_LEVELS,Theme,Broad / Cross-sector,AI,Americas,GSXAPROD,GS Asia AI Productivity,USD,Custom Basket,MAT2PS54ZVQKRYJK,False
CUSTOM_BASKETS_LEVELS,Theme,Broad / Cross-sector,China / Supply Chain,Americas,GSXACSOL,GS China Solar,USD,Custom Basket,MAT3EZVQNNZCMCZC,False
CUSTOM_BASKETS_LEVELS,Other / Review,Broad / Cross-sector,,Europe,GSQIU10L,QI US10Y Long,USD,Custom Basket,MAT3J68WW8ZGTKDY,True
CUSTOM_BASKETS_LEVELS,Theme,Broad / Cross-sector,China / Supply Chain,Americas,GSXASHOR,GS Asia Onshoring,USD,Custom Basket,MAT3VEFV4GG2HMC6,False
CUSTOM_BASKETS_LEVELS,Theme,Broad / Cross-sector,China / Supply Chain,Americas,GSCBCGGL,China Going Global Lead,USD,Custom Basket,MAT3XXCPTFP4E0X9,False
CUSTOM_BASKETS_LEVELS,Other / Review,Broad / Cross-sector,,Americas,GSCBMFSP,GS MF22 SPX Hedge,USD,Custom Basket,MAT3Z8WH7FVF6QPB,True
CUSTOM_BASKETS_LEVELS,Other / Review,Broad / Cross-sector,,Asia,GSXAJCRS,GS Japan Critical Resrs.,JPY,Custom Basket,MAT4131GYHPQG99V,True
CUSTOM_BASKETS_LEVELS,Other / Review,Consumer,,Americas,GSCNWFIL,GS US Consumer High SI,USD,Custom Basket,MAT42WQMY24HDHK4,True
CUSTOM_BASKETS_LEVELS,Factor,Broad / Cross-sector,Beta,Europe,GSXEUKBL,UK Reactive High Beta,GBP,Custom Basket,MAT4T8Y4RTCCGW15,False
CUSTOM_BASKETS_LEVELS,Other / Review,Broad / Cross-sector,,Americas,GSWLLEPL,GS Wolfe LEAP Long,USD,Custom Basket,MAT522NKKSTT4K7W,True
CUSTOM_BASKETS_LEVELS,Other / Review,TMT / Tech,,Asia,GSXAHKTE,GS Hong Kong Tech,HKD,Custom Basket,MAT5FX5PJR2GG2XY,True
CUSTOM_BASKETS_LEVELS,Theme,Broad / Cross-sector,Clean Energy / ESG,Europe,GSXEBFYL,EU Pure High ESG,EUR,Custom Basket,MAT5H92QRBJ7Z5YF,False
CUSTOM_BASKETS_LEVELS,Factor,Broad / Cross-sector,Momentum,Asia,GSXAKMOL,GS Korea MOMO (HB) Long,KRW,Custom Basket,MAT6QB56J1TTBDNY,False
CUSTOM_BASKETS_LEVELS,Other / Review,Broad / Cross-sector,,Asia,GSXATWIC,GS Taiwan IC Design,TWD,Custom Basket,MAT7GZXTS49CRDZ7,True
CUSTOM_BASKETS_LEVELS,Theme,Broad / Cross-sector,China / Supply Chain,Americas,GSXACNCO,GS China Dom Consumption,USD,Custom Basket,MAT7RWJM1MYJRZRF,False
CUSTOM_BASKETS_LEVELS,Other / Review,Consumer,,Americas,GSCNSMAL,GS Mall Levered Retail,USD,Custom Basket,MAT8932WXKERMKW0,True
CUSTOM_BASKETS_LEVELS,Factor,Broad / Cross-sector,Value,Americas,GSCBHVHM,Hi Value Hi Margin,USD,Custom Basket,MAT8CFHS48PPR4GC,False
CUSTOM_BASKETS_LEVELS,Other / Review,Broad / Cross-sector,,Americas,GSXUBFSL,GS US Barra Hi Sentiment,USD,Custom Basket,MAT8XRQCW7YRAREZ,True
CUSTOM_BASKETS_LEVELS,Theme,Broad / Cross-sector,Reopening / Reflation,Europe,GSXERCOV,GS EU Recovery,EUR,Custom Basket,MAT9K1DPZJ5DE3D9,False
CUSTOM_BASKETS_LEVELS,Other / Review,Broad / Cross-sector,,Europe,GSCMNOBA,GS Noba Bank Hedge,SEK,Custom Basket,MATAA24XN808MSVA,True
CUSTOM_BASKETS_LEVELS,Factor,Broad / Cross-sector,Size,Europe,GSXEHSIZ,GS EU High Size,EUR,Custom Basket,MATACYQMN7YEFFFG,False
CUSTOM_BASKETS_LEVELS,Other / Review,Real Estate,,Asia,GSXAHKRE,GS Hong Kong Real Estate,HKD,Custom Basket,MATAEJNVQQZ56E2W,True
CUSTOM_BASKETS_LEVELS,Other / Review,Broad / Cross-sector,,Americas,GSXAMLCS,GS Asia MLCCs,USD,Custom Basket,MATAFH97MB0P2KV4,True
CUSTOM_BASKETS_LEVELS,Other / Review,Broad / Cross-sector,,Europe,GSCMTHYS,GS Thyssenkrupp Hedge,EUR,Custom Basket,MATB3XJJAH1QVWPE,True
CUSTOM_BASKETS_LEVELS,Theme,Health Care,China / Supply Chain,Asia,GSCBCHCV,GS China Healthcare,HKD,Custom Basket,MATBCQAWZ300DRGP,False
CUSTOM_BASKETS_LEVELS,Other / Review,Consumer,,Americas,GSXUGENZ,GS Gen Z Consumer,USD,Custom Basket,MATC8XZBT0S42G1D,True
CUSTOM_BASKETS_LEVELS,Other / Review,Financials,,Americas,GSFIWFIL,GS US Financial High SI,USD,Custom Basket,MATCAXEPP67QZWTP,True
CUSTOM_BASKETS_LEVELS,Other / Review,Broad / Cross-sector,,Americas,GSWLLEPS,GS Wolfe LEAP Short,USD,Custom Basket,MATCBHN191JPHQEC,True
CUSTOM_BASKETS_LEVELS,Theme,Broad / Cross-sector,China / Supply Chain,Americas,GSXATRIM,Asia US Tariffs Immune,USD,Custom Basket,MATCF9WBRRYXQ9S6,False
CUSTOM_BASKETS_LEVELS,Other / Review,Broad / Cross-sector,,Asia,GSCBTOYS,GS JP Toyota Subs,JPY,Custom Basket,MATCG668N9BPPDM8,True
CUSTOM_BASKETS_LEVELS,Other / Review,Broad / Cross-sector,,Europe,GSXENDEF,GS EU New Defense,EUR,Custom Basket,MATCRW6QGZM4FF45,True
CUSTOM_BASKETS_LEVELS,Other / Review,Broad / Cross-sector,,Europe,GSCMENTH,GS Entain Hedge Basket,GBP,Custom Basket,MATD6BY8TDT77AH1,True
CUSTOM_BASKETS_LEVELS,Other / Review,Broad / Cross-sector,,Europe,GSCMSSPG,GS SSP Custom Hedge,GBP,Custom Basket,MATD9X72J6ZFS0Z1,True
CUSTOM_BASKETS_LEVELS,Theme,Broad / Cross-sector,China / Supply Chain,Americas,GSHLCPSC,GS Pharma Supply Chain,USD,Custom Basket,MATDDYQEK6JNFARE,False
CUSTOM_BASKETS_LEVELS,Factor,Broad / Cross-sector,Growth,Europe,GSCBGRDV,GS EU Dividend Growth,EUR,Custom Basket,MATDFYGA5WEENPBM,False
CUSTOM_BASKETS_LEVELS,Other / Review,Broad / Cross-sector,,Americas,GSXUDOSE,GS US Domestic Security,USD,Custom Basket,MATDGJBEWBAHRVCY,True
CUSTOM_BASKETS_LEVELS,Other / Review,Broad / Cross-sector,,Americas,GSCBUHLT,GS US Unhealthy,USD,Custom Basket,MATF2JG3SAE3RJ6P,True
CUSTOM_BASKETS_LEVELS,Other / Review,Consumer,,Americas,GSCNSFDP,GS US Food Products,USD,Custom Basket,MATF9AZG5VQZPJ9Q,True
CUSTOM_BASKETS_LEVELS,Other / Review,Consumer,,Americas,GSCNWFIS,GS US Consumer Low SI,USD,Custom Basket,MATFBK8HFDCSRKPT,True
CUSTOM_BASKETS_LEVELS,Other / Review,Industrials,,Americas,GSINBFPL,GS US INL Profit Long,USD,Custom Basket,MATFEAXPFCW8GYK1,True
CUSTOM_BASKETS_LEVELS,Factor,Broad / Cross-sector,Size,Americas,GSXUBFZS,GS US Low Size,USD,Custom Basket,MATGRJHHRA32S31Y,False
CUSTOM_BASKETS_LEVELS,Other / Review,Broad / Cross-sector,,Europe,GSCMLEGG,GS LEG Immobilien Hedge,EUR,Custom Basket,MATJTVBQANKH457Q,True
CUSTOM_BASKETS_LEVELS,Other / Review,Broad / Cross-sector,,Europe,GSXESHIP,GS EU Shipping,EUR,Custom Basket,MATJWP8VHA7KVRCE,True
CUSTOM_BASKETS_LEVELS,Other / Review,Broad / Cross-sector,,Europe,GSCMSGSH,GS Sgs Hedge,CHF,Custom Basket,MATJZZK04S38JHGK,True
CUSTOM_BASKETS_LEVELS,Other / Review,Broad / Cross-sector,,Europe,GSCMGETL,GS Getlink Custom Hedge,EUR,Custom Basket,MATKKD53DCPHC0N4,True
CUSTOM_BASKETS_LEVELS,Other / Review,Broad / Cross-sector,,Europe,GSCMOERL,GS Oerlikon Hedge,CHF,Custom Basket,MATKR1RS5S41HQ0X,True
CUSTOM_BASKETS_LEVELS,Other / Review,Broad / Cross-sector,,Europe,GSCMSAUD,GS Custom Saudi Winners,USD,Custom Basket,MATKT5FB5TPF3E7X,True
CUSTOM_BASKETS_LEVELS,Other / Review,Broad / Cross-sector,,Europe,GSCBERIP,GS EU Outsized Outperfs,EUR,Custom Basket,MATKVESS9GST06D2,True
CUSTOM_BASKETS_LEVELS,Theme,Broad / Cross-sector,AI,Asia,GSXATWAI,GS TW AI Ecosystem,TWD,Custom Basket,MATKWG8ZAX6K5A8C,False
CUSTOM_BASKETS_LEVELS,Other / Review,TMT / Tech,,Europe,GSCMVTSC,GS Vitesco Tech Hedge,EUR,Custom Basket,MATMF6C53KHYW2EB,True
CUSTOM_BASKETS_LEVELS,Other / Review,Broad / Cross-sector,,Asia,GSXAHKHD,GS Hong Kong High Dur.,HKD,Custom Basket,MATMN8W7MZRHDQP5,True
CUSTOM_BASKETS_LEVELS,Other / Review,Broad / Cross-sector,,Europe,GSCMGBLH,GS GBL Custom Hedge,EUR,Custom Basket,MATMYR9VKXZQQDEZ,True
CUSTOM_BASKETS_LEVELS,Other / Review,Broad / Cross-sector,,Europe,GSXFCETK,GS CEEMEA Technology,USD,Custom Basket,MATN29E7PQC298CZ,True
CUSTOM_BASKETS_LEVELS,Other / Review,Broad / Cross-sector,,Europe,GSCMIFRM,GS Informa Hedge,GBP,Custom Basket,MATNFTG2CF1Z03B5,True
CUSTOM_BASKETS_LEVELS,Other / Review,Broad / Cross-sector,,Asia,GSCBKOBK,GS Korea Banks,KRW,Custom Basket,MATNVDVKHX3XZSJW,True
CUSTOM_BASKETS_LEVELS,Sector Factor,Energy,Momentum,Americas,GSENESML,GS Energy ST Momo Long,USD,Custom Basket,MATP1M3N1Z6B8QAE,False
CUSTOM_BASKETS_LEVELS,Other / Review,Broad / Cross-sector,,Americas,GSXUMEME,GS Memes,USD,Custom Basket,MATPF5R35EN1M332,True
CUSTOM_BASKETS_LEVELS,Other / Review,Broad / Cross-sector,,Asia,GSXAKMG7,GS Korea Magnificent 7,KRW,Custom Basket,MATPNXJJHSPK1F5W,True
CUSTOM_BASKETS_LEVELS,Theme,TMT / Tech,TMT,Americas,GSTMWFIL,GS US TMT High Short Int,USD,Custom Basket,MATPP26YTYYH22J2,False
CUSTOM_BASKETS_LEVELS,Other / Review,Broad / Cross-sector,,Asia,GSCBJCON,GS Japan Construction,JPY,Custom Basket,MATPXNVMDJ5P5499,True
CUSTOM_BASKETS_LEVELS,Other / Review,Broad / Cross-sector,,Europe,GSCMHSXH,GS Hiscox Hedge,GBP,Custom Basket,MATQ8BBZ1Y8ZV0Y3,True
CUSTOM_BASKETS_LEVELS,Other / Review,Broad / Cross-sector,,Europe,GSCMHOLN,GS Holcim Hedge,CHF,Custom Basket,MATQDJBPE25JACBB,True
CUSTOM_BASKETS_LEVELS,Other / Review,Broad / Cross-sector,,Asia,GSCBJSHP,GS Japan Shipbuilders,JPY,Custom Basket,MATQG4NMCCP5GMYF,True
CUSTOM_BASKETS_LEVELS,Theme,Broad / Cross-sector,AI,Asia,GSXACHAC,GS China AI Chips Supply,CNH,Custom Basket,MATQHW7SKWNCN4QF,False
CUSTOM_BASKETS_LEVELS,Other / Review,Broad / Cross-sector,,Europe,GSCMAOXH,GS Custom Alstria Hedge,EUR,Custom Basket,MATR190EPJZVAPFS,True
CUSTOM_BASKETS_LEVELS,Other / Review,Broad / Cross-sector,,Americas,GSXFLAIR,GS LatAm Airlines,USD,Custom Basket,MATR1Q6CEFN0D00V,True
CUSTOM_BASKETS_LEVELS,Other / Review,Broad / Cross-sector,,Americas,GSCBGOD3,Vol Adjusted GSXUGOOD,USD,Custom Basket,MATRFCKPCB9CV8PY,True
CUSTOM_BASKETS_LEVELS,Factor,Broad / Cross-sector,Size,Americas,GSXUBAZL,GS US High Size,USD,Custom Basket,MATRJB8MJKYJQRSZ,False
CUSTOM_BASKETS_LEVELS,Theme,TMT / Tech,Software,Americas,GSTMTSOS,GS US Software-At-Risk,USD,Custom Basket,MATRVH88FYD9BXTV,False
CUSTOM_BASKETS_LEVELS,Other / Review,Broad / Cross-sector,,Europe,GSCMUUTH,GS United Utils Hedge,GBP,Custom Basket,MATT2KFTXP4NA00P,True
CUSTOM_BASKETS_LEVELS,Other / Review,Broad / Cross-sector,,Europe,GSXEDEFX,GS EU Defense Exposed,EUR,Custom Basket,MATTACJ5BMH3BFKM,True
CUSTOM_BASKETS_LEVELS,Other / Review,Broad / Cross-sector,,Asia,GSCBXAB2,GS JP Gov. Trifecta 2,JPY,Custom Basket,MATTZFC79YDP03Y0,True
CUSTOM_BASKETS_LEVELS,Theme,Broad / Cross-sector,AI,Americas,GSXUPCAI,GS US PCs AI Upgrades,USD,Custom Basket,MATVE2DE4492Z8SM,False
CUSTOM_BASKETS_LEVELS,Other / Review,Broad / Cross-sector,,Asia,GSXAHKLC,GS Hong Kong Large Cap,HKD,Custom Basket,MATVQV3VS4RC9PKR,True
CUSTOM_BASKETS_LEVELS,Other / Review,Broad / Cross-sector,,Asia,GSCBTTXT,GS Japan Transport x Toy,JPY,Custom Basket,MATW3GRWA3T2VX67,True
CUSTOM_BASKETS_LEVELS,Other / Review,Broad / Cross-sector,,Europe,GSCMARGX,GS Argenx Hedge,USD,Custom Basket,MATW45RJ5YG10XGH,True
CUSTOM_BASKETS_LEVELS,Other / Review,Utilities,,Asia,GSCBIJUT,GS Custom JP Utilities,JPY,Custom Basket,MATW7BHFPTRP01WB,True
CUSTOM_BASKETS_LEVELS,Other / Review,Broad / Cross-sector,,Europe,GSXEFRQL,GS Qlty French Exporters,EUR,Custom Basket,MATW8ZCTR9NYQ13T,True
CUSTOM_BASKETS_LEVELS,Theme,Broad / Cross-sector,China / Supply Chain,Asia,GSXACAHA,GS China A/H Prem A Line,CNH,Custom Basket,MATWFCG0BE402FZB,False
CUSTOM_BASKETS_LEVELS,Other / Review,Broad / Cross-sector,,Asia,GSXAKDIT,GS Korea Corporate Ref.,KRW,Custom Basket,MATWXVQ6Z9ABHC8Z,True
CUSTOM_BASKETS_LEVELS,Theme,Broad / Cross-sector,AI,Americas,GSXABUPS,GS Asia AI Upstream Botl,USD,Custom Basket,MATX57K3JF7ST1DE,False
CUSTOM_BASKETS_LEVELS,Other / Review,Broad / Cross-sector,,Asia,GSCBTSER,GS Japan REITs,JPY,Custom Basket,MATX7KYC23Z1Q2D2,True
CUSTOM_BASKETS_LEVELS,Factor,Broad / Cross-sector,Growth,Asia,GSXAKGRS,GS Korea Growth (HB) Sho,KRW,Custom Basket,MATY7E1YRGWPZY4F,False
CUSTOM_BASKETS_LEVELS,Other / Review,Broad / Cross-sector,,Europe,GSCMIMCD,GS IMCD NV Hedge,EUR,Custom Basket,MATYG8Z68XKK1HXP,True
CUSTOM_BASKETS_LEVELS,Other / Review,Broad / Cross-sector,,Europe,GSCBBRKE,GS EU Brokers Basket,EUR,Custom Basket,MATZ0PN79MAVVMK0,True
CUSTOM_BASKETS_LEVELS,Other / Review,Broad / Cross-sector,,Americas,GSCMKRHB,Flagship KR Hedge,USD,Custom Basket,MAV0W4ZPN506H7EW,True
CUSTOM_BASKETS_LEVELS,Other / Review,Broad / Cross-sector,,Europe,GSXFZADE,GS South Africa Domestic,ZAR,Custom Basket,MAV0YY4HKQRYPCJE,True
CUSTOM_BASKETS_LEVELS,Other / Review,TMT / Tech,,Asia,GSXATEXT,GS Taiwan Ex Tech,TWD,Custom Basket,MAV1JBYND0SC8DCB,True
CUSTOM_BASKETS_LEVELS,Factor,Broad / Cross-sector,Momentum,Americas,GSXUHMO6,US 6M Momentum Long,USD,Custom Basket,MAV1QY9XND9Y2D48,False
CUSTOM_BASKETS_LEVELS,Other / Review,Broad / Cross-sector,,Asia,GSXATEXP,GS Taiwan Exporters,TWD,Custom Basket,MAV243G1ETGATCTA,True
CUSTOM_BASKETS_LEVELS,Factor,Broad / Cross-sector,Momentum,Americas,GSXUBAML,GS US Barra Hi Momentum,USD,Custom Basket,MAV2GGT085MEE283,False
CUSTOM_BASKETS_LEVELS,Other / Review,Broad / Cross-sector,,Europe,GSXGCAPX,GS Global Capex Boom,USD,Custom Basket,MAV2ZAYPMJY8KWKB,True
CUSTOM_BASKETS_LEVELS,Other / Review,Broad / Cross-sector,,Europe,GSCMROOH,GS Deliveroo Hedge,GBP,Custom Basket,MAV3X80WCDJXSEHM,True
CUSTOM_BASKETS_LEVELS,Other / Review,Broad / Cross-sector,,Europe,GSCMPRXH,GS Prosus Hedge,EUR,Custom Basket,MAV48CXJ8WBQ253D,True
CUSTOM_BASKETS_LEVELS,Other / Review,Broad / Cross-sector,,Europe,GSCMDIAH,GS Diasorin Hedge,EUR,Custom Basket,MAV5D1JXQ0XQABT8,True
CUSTOM_BASKETS_LEVELS,Other / Review,Broad / Cross-sector,,Europe,GSCMHPRY,GS Prysmian Hedge,EUR,Custom Basket,MAV5GB1T5Q40MV4N,True
CUSTOM_BASKETS_LEVELS,Theme,TMT / Tech,Semiconductors,Asia,GSXAJSEM,GS Japan Semiconductors,JPY,Custom Basket,MAV5XEQR094AZ044,False
CUSTOM_BASKETS_LEVELS,Other / Review,Broad / Cross-sector,,Europe,GSCBAMR5,GS Custom Basket Reits 5,USD,Custom Basket,MAV67ECVQKTB878Q,True
CUSTOM_BASKETS_LEVELS,Factor,Broad / Cross-sector,Size,Europe,GSXELSIZ,GS EU Low Size,EUR,Custom Basket,MAV6A5N4GV4276GM,False
CUSTOM_BASKETS_LEVELS,Other / Review,Broad / Cross-sector,,Europe,GSXFZABK,GS South African Banks,ZAR,Custom Basket,MAV6QTMFXTCPY6SD,True
CUSTOM_BASKETS_LEVELS,Sector Factor,Health Care,Growth,Europe,GSCBHCGR,GS EU Healthcare Growth,EUR,Custom Basket,MAV6Z7AQW1N9K21P,False
CUSTOM_BASKETS_LEVELS,Other / Review,Broad / Cross-sector,,Europe,GSCMCANH,GS Canal+ Hedge,GBP,Custom Basket,MAV7VJT0K7MXTNPV,True
CUSTOM_BASKETS_LEVELS,Theme,Broad / Cross-sector,China / Supply Chain,Asia,GSXACBIN,GS China Banks + Insurer,CNH,Custom Basket,MAV80YRBXE0WYX4F,False
CUSTOM_BASKETS_LEVELS,Other / Review,Broad / Cross-sector,,Europe,GSCBSPGM,GS SA PGM,ZAR,Custom Basket,MAV8SZH3R5MQCE7J,True
CUSTOM_BASKETS_LEVELS,Other / Review,Broad / Cross-sector,,Europe,GSXEHHPC,GS EU HH & Personal Care,EUR,Custom Basket,MAV9DCCM65E794TP,True
CUSTOM_BASKETS_LEVELS,Other / Review,Broad / Cross-sector,,Americas,GSCBR1P1,GSCBR1P1,USD,Custom Basket,MAV9F4NE33253G1X,True
CUSTOM_BASKETS_LEVELS,Theme,Broad / Cross-sector,Labor / Wage,Europe,GSXEUKWG,GS UK High Labour Costs,GBP,Custom Basket,MAVA1GBDT0YP9TWY,False
CUSTOM_BASKETS_LEVELS,Theme,Broad / Cross-sector,China / Supply Chain,Americas,GSXACBIO,GS China Biotech,USD,Custom Basket,MAVC3G7DYZ4BYXM7,False
CUSTOM_BASKETS_LEVELS,Other / Review,Broad / Cross-sector,,Americas,GSTESN22,Test,USD,Custom Basket,MAVC5VS2T7273ATW,True
CUSTOM_BASKETS_LEVELS,Other / Review,Broad / Cross-sector,,Europe,GSXELIPO,EU Liquid IPO Basket,EUR,Custom Basket,MAVC624F8S04MV7S,True
CUSTOM_BASKETS_LEVELS,Other / Review,Broad / Cross-sector,,Europe,GSCMIPHG,GS Global IP Hedge,GBP,Custom Basket,MAVCY70C2PSR85DG,True
CUSTOM_BASKETS_LEVELS,Other / Review,Broad / Cross-sector,,Europe,GSCMITRK,GS Intertek Hedge,GBP,Custom Basket,MAVD4MA30PGNBVX8,True
CUSTOM_BASKETS_LEVELS,Other / Review,Broad / Cross-sector,,Europe,GSCMSSPL,GS SSP Group Hedge,GBP,Custom Basket,MAVD4Y4VY1N6KH3A,True
CUSTOM_BASKETS_LEVELS,Other / Review,Broad / Cross-sector,,Americas,GSTES87Z,GSTES87Z,USD,Custom Basket,MAVDMYYHN4Z37GMS,True
CUSTOM_BASKETS_LEVELS,Theme,TMT / Tech,AI,Americas,GSCBSMHX,GS US AI Semis,USD,Custom Basket,MAVE1PNZZXBKZJAG,False
CUSTOM_BASKETS_LEVELS,Other / Review,Financials,,Americas,GSFINNYO,GS Fins NYC Office,USD,Custom Basket,MAVE1SJW1SV2JMXM,True
CUSTOM_BASKETS_LEVELS,Other / Review,Broad / Cross-sector,,Americas,GSCMFTVH,FTV Hedge,USD,Custom Basket,MAVF5RYHXVVXSPDA,True
CUSTOM_BASKETS_LEVELS,Other / Review,Broad / Cross-sector,,Europe,GSCMUBSG,GS UBS Hedge Basket,CHF,Custom Basket,MAVFC4NKTF4J5W90,True
CUSTOM_BASKETS_LEVELS,Other / Review,Broad / Cross-sector,,Europe,GSCMTEL2,GS Tele2 Hedge,SEK,Custom Basket,MAVGJ0A2V6H0W2F2,True
CUSTOM_BASKETS_LEVELS,Other / Review,Broad / Cross-sector,,Americas,GSXUCAPX,GS Cap Ex Beneficiaries,USD,Custom Basket,MAVGSDTDCC9ZP9RQ,True
CUSTOM_BASKETS_LEVELS,Theme,Broad / Cross-sector,AI,Americas,GSXUMOXS,GS Low Mo Ex AI & BTC,USD,Custom Basket,MAVGY26EKCRTHXEC,False
CUSTOM_BASKETS_LEVELS,Other / Review,Broad / Cross-sector,,Asia,GSCBLGEH,GS Korea Hedge,KRW,Custom Basket,MAVHAQKDES4YY3ZM,True
CUSTOM_BASKETS_LEVELS,Theme,Broad / Cross-sector,Reopening / Reflation,Americas,GSXACREC,GS China Recovery,USD,Custom Basket,MAVHBBYD8Q8KPY3M,False
CUSTOM_BASKETS_LEVELS,Other / Review,Broad / Cross-sector,,Europe,GSCMELFH,GS Essilor Hedge,EUR,Custom Basket,MAVHJPXABBG5KQC3,True
CUSTOM_BASKETS_LEVELS,Other / Review,Broad / Cross-sector,,Americas,GSCBMAPA,GS Asia Pacific,USD,Custom Basket,MAVHK0Q8PVVPKPPF,True
CUSTOM_BASKETS_LEVELS,Factor,Broad / Cross-sector,Volatility,Asia,GSXAJBRS,GS JP Residual Vol Short,JPY,Custom Basket,MAVJ0AY31MDX6XSH,False
CUSTOM_BASKETS_LEVELS,Other / Review,Broad / Cross-sector,,Americas,GSCBASET,GS Global PE Firms,USD,Custom Basket,MAVJB3HG707QH2EE,True
CUSTOM_BASKETS_LEVELS,Other / Review,Broad / Cross-sector,,Americas,GSXACPUS,GS Asia CPU Ecosystem,USD,Custom Basket,MAVM8M2EJ4M6NJTK,True
CUSTOM_BASKETS_LEVELS,Other / Review,Broad / Cross-sector,,Asia,GSXAKHDT,GS Korea Div Tax Benefic,KRW,Custom Basket,MAVMG2N7ZHYHKBK0,True
CUSTOM_BASKETS_LEVELS,Other / Review,Broad / Cross-sector,,Asia,GSCBC300,GS Optimized CN Basket,CNY,Custom Basket,MAVMYA5AZBAH7MQV,True
CUSTOM_BASKETS_LEVELS,Theme,Broad / Cross-sector,China / Supply Chain,Americas,GSCBUSCN,GS China ADR w/o HK line,USD,Custom Basket,MAVNBRQH6KRG5ZHN,False
CUSTOM_BASKETS_LEVELS,Other / Review,Broad / Cross-sector,,Europe,GSXEFRBK,GS French Banks,EUR,Custom Basket,MAVPEAM8NMQA48RR,True
CUSTOM_BASKETS_LEVELS,Theme,Broad / Cross-sector,China / Supply Chain,Americas,GSXATREX,Asia US Tariffs Exposed,USD,Custom Basket,MAVR6Y2C30VDRND2,False
CUSTOM_BASKETS_LEVELS,Other / Review,Consumer,,Americas,GSXUGOOD,GS US Consumer Goods,USD,Custom Basket,MAVRB27170K4GG9N,True
CUSTOM_BASKETS_LEVELS,Other / Review,Broad / Cross-sector,,Europe,GSCMBATS,GS BATS LN Hedge,GBP,Custom Basket,MAVS04ZJMKG8RCYT,True
CUSTOM_BASKETS_LEVELS,Theme,Broad / Cross-sector,Mega Cap,Europe,GSXEMGMO,GS EU Mega Mo,EUR,Custom Basket,MAVS6TW1F043E4RB,False
CUSTOM_BASKETS_LEVELS,Factor,Broad / Cross-sector,Growth,Americas,GSXFBZGL,Brazil Growth Long,BRL,Custom Basket,MAVS97H5TRNPGJ1V,False
CUSTOM_BASKETS_LEVELS,Other / Review,Broad / Cross-sector,,Europe,GSCMPUIG,GS PUIG Hedge,EUR,Custom Basket,MAVSQ27B8TR7A317,True
CUSTOM_BASKETS_LEVELS,Other / Review,Broad / Cross-sector,,Asia,GSCBJMBO,GS Japan MBO Candidates,JPY,Custom Basket,MAVSTB2EBGH5PTPG,True
CUSTOM_BASKETS_LEVELS,Other / Review,Energy,,Europe,GSXEENSH,GS EU Energy Shortage,EUR,Custom Basket,MAVVA37RV6YXGF9V,True
CUSTOM_BASKETS_LEVELS,Other / Review,Broad / Cross-sector,,Europe,GSRWWERT,Testing,EUR,Custom Basket,MAVVBZBNK6R6Z5B0,True
CUSTOM_BASKETS_LEVELS,Other / Review,Broad / Cross-sector,,Americas,GSCBFLOH,GS Hi Flt Rt Debt Hedge,USD,Custom Basket,MAVVWQKKXK4GQD1P,True
CUSTOM_BASKETS_LEVELS,Other / Review,Broad / Cross-sector,,Asia,GSXAJTOP,GS Japan Top Performers,JPY,Custom Basket,MAVWDV55GVNKYHDB,True
CUSTOM_BASKETS_LEVELS,Other / Review,TMT / Tech,,Asia,GSXATWHT,GS Taiwan Hardware Tech,TWD,Custom Basket,MAVWPGF8WJEEJVS0,True
CUSTOM_BASKETS_LEVELS,Factor,Broad / Cross-sector,Value,Americas,GSXUBGVS,GS US GEMLT Low Value,USD,Custom Basket,MAVX6H9BSTC0RKFJ,False
CUSTOM_BASKETS_LEVELS,Other / Review,Broad / Cross-sector,,Europe,GSCMFERH,GS Ferrovial Hedge,EUR,Custom Basket,MAVXP4V48PXNNVNB,True
CUSTOM_BASKETS_LEVELS,Other / Review,Broad / Cross-sector,,Europe,GSCMHFME,GS Fresenius Medical Hdg,EUR,Custom Basket,MAVXSZNNRFNJTAPT,True
CUSTOM_BASKETS_LEVELS,Other / Review,Broad / Cross-sector,,Europe,GSCMQIAH,GS Qiagen Hedge,EUR,Custom Basket,MAVYKH8ZQHWPRBV4,True
CUSTOM_BASKETS_LEVELS,Other / Review,Broad / Cross-sector,,Asia,GSXAKHIT,GS Korea Greatest Hits,KRW,Custom Basket,MAVZAQK8KS3X9HBK,True
CUSTOM_BASKETS_LEVELS,Other / Review,Broad / Cross-sector,,Europe,GSCMTMVR,GS Teamviewer Hedge,EUR,Custom Basket,MAVZPAM119DVF3QE,True
CUSTOM_BASKETS_LEVELS,Other / Review,Broad / Cross-sector,,Europe,GSCMSUBC,GS Subsea 7 Hedge,NOK,Custom Basket,MAW0QJ2V0VYDMEGB,True
CUSTOM_BASKETS_LEVELS,Other / Review,Broad / Cross-sector,,Americas,GSXFBZFX,GS Brazil FX Sens,BRL,Custom Basket,MAW16PK2HVPQSWM5,True
CUSTOM_BASKETS_LEVELS,Theme,Broad / Cross-sector,AI,Europe,GSCBGAIC,GS Global AI Capex Benef,USD,Custom Basket,MAW32RNY6VDKW7NQ,False
CUSTOM_BASKETS_LEVELS,Other / Review,Broad / Cross-sector,,Europe,GSCBDXB1,GS Dubai Economy,USD,Custom Basket,MAW369T12BPJ6XMA,True
CUSTOM_BASKETS_LEVELS,Sector Factor,Health Care,Crowding,Americas,GSHCBTXC,GS Low Crowded Biotech,USD,Custom Basket,MAW383ZS5RYBSY5G,False
CUSTOM_BASKETS_LEVELS,Other / Review,Broad / Cross-sector,,Americas,GSTES97D,GSTES97D,USD,Custom Basket,MAW41Q5RN6H3D8R0,True
CUSTOM_BASKETS_LEVELS,Other / Review,Broad / Cross-sector,,Asia,GSCB268H,GS Custom Hedge,JPY,Custom Basket,MAW45XDB1QRKZAQR,True
CUSTOM_BASKETS_LEVELS,Other / Review,Broad / Cross-sector,,Americas,GSXUWFWL,GS US Wolfe High Vol,USD,Custom Basket,MAW4V25RKC3XVXD8,True
CUSTOM_BASKETS_LEVELS,Other / Review,Broad / Cross-sector,,Asia,GSXAJREI,GS Japan REITs,JPY,Custom Basket,MAW58TMCBG9E5HH3,True
CUSTOM_BASKETS_LEVELS,Other / Review,Broad / Cross-sector,,Asia,GSXATDYL,GS Taiwan (HB) Div Y Lon,TWD,Custom Basket,MAW58XTG1K8VD4FT,True
CUSTOM_BASKETS_LEVELS,Factor,Broad / Cross-sector,Size,Americas,GSXUBFZL,GS US High Size,USD,Custom Basket,MAW5A7RNP8WARRKH,False
CUSTOM_BASKETS_LEVELS,Other / Review,Broad / Cross-sector,,Europe,GSXENGAS,GS EU Nat Gas Exposed,EUR,Custom Basket,MAW5E4B4GFM5X6R2,True
CUSTOM_BASKETS_LEVELS,Other / Review,Broad / Cross-sector,,Europe,GSXGMISL,GS Global Missiles,USD,Custom Basket,MAW64KSTPFPGCB2W,True
CUSTOM_BASKETS_LEVELS,Other / Review,Broad / Cross-sector,,Asia,GSCBJTOG,GS Japan Toyota Group,JPY,Custom Basket,MAW6VQY8NPFFP1J3,True
CUSTOM_BASKETS_LEVELS,Theme,Broad / Cross-sector,China / Supply Chain,Americas,GSXACDCY,GS China Dom Cyclicals,USD,Custom Basket,MAW6WEPD520NW224,False
CUSTOM_BASKETS_LEVELS,Factor,Broad / Cross-sector,Value,Europe,GSXEUKVS,UK Reactive Expens Value,GBP,Custom Basket,MAW7DHTQQH1AETPT,False
CUSTOM_BASKETS_LEVELS,Theme,Broad / Cross-sector,China / Supply Chain,Asia,GSXAHEVS,GS China-H EVs,HKD,Custom Basket,MAW7QN9AWWMM7W42,False
CUSTOM_BASKETS_LEVELS,Other / Review,Broad / Cross-sector,,Europe,GSCMALLN,GS Allreal Custom Hedge,CHF,Custom Basket,MAW870GQRAD6JZ6X,True
CUSTOM_BASKETS_LEVELS,Theme,Broad / Cross-sector,Buybacks / Capital Return,Americas,GSXULQBB,GS Unsustainable Buyback,USD,Custom Basket,MAW88T6ZZW20MQNJ,False
CUSTOM_BASKETS_LEVELS,Other / Review,Broad / Cross-sector,,Europe,GSCMRWEG,GS RWE Hedge,EUR,Custom Basket,MAW8A04Y9SC1E26S,True
CUSTOM_BASKETS_LEVELS,Other / Review,Broad / Cross-sector,,Americas,GSXG800V,Global 800V Data Centers,USD,Custom Basket,MAW8FN09WF9R9850,True
CUSTOM_BASKETS_LEVELS,Sector Factor,Financials,Size,Americas,GSFIBFZS,GS US Fin Size Short,USD,Custom Basket,MAW8TVTWNCKTHBA1,False
CUSTOM_BASKETS_LEVELS,Other / Review,Health Care,,Americas,GSHLCT25,GS HC Tax Loss 2025,USD,Custom Basket,MAW9MMVNKQCAPK4G,True
CUSTOM_BASKETS_LEVELS,Theme,Broad / Cross-sector,China / Supply Chain,Americas,GSXACDEF,GS China Defensives,USD,Custom Basket,MAW9N3EG2ZGCQMAY,False
CUSTOM_BASKETS_LEVELS,Other / Review,Broad / Cross-sector,,Americas,GSCBLOWS,GS GIR Insensitive Port.,USD,Custom Basket,MAW9THFY7WRF88EN,True
CUSTOM_BASKETS_LEVELS,Other / Review,Broad / Cross-sector,,Asia,GSXAJYUT,GS Japan Yuutai SMIDs,JPY,Custom Basket,MAWABFZAKBQX2XR3,True
CUSTOM_BASKETS_LEVELS,Sector Factor,Health Care,Beta,Americas,GSHCBFBS,GS US HC Beta Short,USD,Custom Basket,MAWAC4W5JR1D7Y4P,False
CUSTOM_BASKETS_LEVELS,Other / Review,Broad / Cross-sector,,Asia,GSXAJPHN,GS Japan High Divs - NTR,JPY,Custom Basket,MAWACYA2XFBC53A5,True
CUSTOM_BASKETS_LEVELS,Factor,Broad / Cross-sector,Beta,Americas,GSXUBGBL,GS US GEMLT High Beta,USD,Custom Basket,MAWAXP66RQW6H5ER,False
CUSTOM_BASKETS_LEVELS,Other / Review,Broad / Cross-sector,,Americas,GSXASEBK,GS ASEAN Banks,USD,Custom Basket,MAWBNGRH83HWM5KY,True
CUSTOM_BASKETS_LEVELS,Other / Review,Broad / Cross-sector,,Asia,GSXATWHD,GS Taiwan High Divs,TWD,Custom Basket,MAWBYKQET6ZSA360,True
CUSTOM_BASKETS_LEVELS,Other / Review,Broad / Cross-sector,,Asia,GSXAKSIB,GS Korea Shipbuilders,KRW,Custom Basket,MAWC0YFH0A4036HB,True
CUSTOM_BASKETS_LEVELS,Other / Review,Broad / Cross-sector,,Europe,GSXEXWIN,GS Europe ex Winners,EUR,Custom Basket,MAWDBN4FM0XYJMYQ,True
CUSTOM_BASKETS_LEVELS,Other / Review,Broad / Cross-sector,,Europe,GSCMGNDC,GS GN Store Nord Hedge,DKK,Custom Basket,MAWDK4ZB2Z6WKMMN,True
CUSTOM_BASKETS_LEVELS,Other / Review,TMT / Tech,,Europe,GSXEINOV,GS EU Tech Innovation,EUR,Custom Basket,MAWDKTG4AB3M9WND,True
CUSTOM_BASKETS_LEVELS,Other / Review,Broad / Cross-sector,,Americas,GSXUFCFL,GS US Low FCF,USD,Custom Basket,MAWDVA5H8NT4RT76,True
CUSTOM_BASKETS_LEVELS,Other / Review,Broad / Cross-sector,,Asia,GSCBNAVH,GS Korea Hold Cos,KRW,Custom Basket,MAWEHYYZD34E9BZD,True
CUSTOM_BASKETS_LEVELS,Theme,Broad / Cross-sector,China / Supply Chain,Americas,GSXGSHOR,Global Onshoring & Benef,USD,Custom Basket,MAWEQ1CFT8MY7637,False
CUSTOM_BASKETS_LEVELS,Other / Review,Broad / Cross-sector,,Americas,GSCBRATS,GS Neg Rate Reactors,USD,Custom Basket,MAWF3YWBRD9A4SY4,True
CUSTOM_BASKETS_LEVELS,Other / Review,Broad / Cross-sector,,Americas,GSXUSELF,GS Autonomous Vehicles,USD,Custom Basket,MAWF9CEWJGF0HPXA,True
CUSTOM_BASKETS_LEVELS,Other / Review,Consumer,,Americas,GSCNSJNK,GS US Junk Food Exposed,USD,Custom Basket,MAWG6WP28CSVPWJS,True
CUSTOM_BASKETS_LEVELS,Other / Review,Broad / Cross-sector,,Asia,GSXAKLP1,GS Korea Low PB,KRW,Custom Basket,MAWGB93N2Z80Z44G,True
CUSTOM_BASKETS_LEVELS,Other / Review,Broad / Cross-sector,,Europe,GSXEBFIL,EU Pure Hi Short Intrst,EUR,Custom Basket,MAWGDJR9KH1JZXK8,True
CUSTOM_BASKETS_LEVELS,Other / Review,Broad / Cross-sector,,Americas,GSXUTHEM,Theme of Themes Basket,USD,Custom Basket,MAWGXYCN4K3RKAAC,True
CUSTOM_BASKETS_LEVELS,Other / Review,Broad / Cross-sector,,Europe,GSCMSCRH,GS Scor Hedge,EUR,Custom Basket,MAWGZS5KRX38ER0C,True
CUSTOM_BASKETS_LEVELS,Other / Review,Consumer,,Europe,GSXECONS,GS EU Cons Discretionary,EUR,Custom Basket,MAWH42A0NXZNYDQC,True
CUSTOM_BASKETS_LEVELS,Other / Review,Broad / Cross-sector,,Europe,GSXEUKSM,GS UK Supermarkets,GBP,Custom Basket,MAWJMNRZRN38ZB00,True
CUSTOM_BASKETS_LEVELS,Other / Review,Broad / Cross-sector,,Americas,GSCBMAG8,GS US Mag 8,USD,Custom Basket,MAWJZKGY1358FJCX,True
CUSTOM_BASKETS_LEVELS,Other / Review,Broad / Cross-sector,,Americas,GSCBMF21,GS MF Tax Loss 2021,USD,Custom Basket,MAWK0NWBSQP3MV8V,True
CUSTOM_BASKETS_LEVELS,Theme,Broad / Cross-sector,China / Supply Chain,Americas,GSXGTRFS,GS Global Tariff Risk,USD,Custom Basket,MAWK668CHD620H4N,False
CUSTOM_BASKETS_LEVELS,Other / Review,Broad / Cross-sector,,Americas,GSCBTH26,MF Tax Loss Hedge 2026,USD,Custom Basket,MAWM2FMC6EWMCEVA,True
CUSTOM_BASKETS_LEVELS,Factor,Broad / Cross-sector,Momentum,Europe,GSXEBFML,EU Pure High Momo,EUR,Custom Basket,MAWM3W4BRQ5RFZGR,False
CUSTOM_BASKETS_LEVELS,Other / Review,Broad / Cross-sector,,Europe,GSXEDISR,GS EU New Cycle Disrupto,EUR,Custom Basket,MAWMBE0RADMNGCBA,True
CUSTOM_BASKETS_LEVELS,Other / Review,Broad / Cross-sector,,Europe,GSCMEDPP,GSCMEDPP,EUR,Custom Basket,MAWMNV6YN9D9AN55,True
CUSTOM_BASKETS_LEVELS,Theme,Broad / Cross-sector,China / Supply Chain,Americas,GSXACSOE,GS China SOEs,USD,Custom Basket,MAWMPQ7843Z0R1PQ,False
CUSTOM_BASKETS_LEVELS,Other / Review,Consumer,,Americas,GSTMTCNS,GS Tech for Consumer,USD,Custom Basket,MAWMXZBQQFQ7G3QM,True
CUSTOM_BASKETS_LEVELS,Theme,Broad / Cross-sector,China / Supply Chain,Americas,GSXAADEX,GS APAC Tariff Resilient,USD,Custom Basket,MAWN9MTAR0Z1KYC6,False
CUSTOM_BASKETS_LEVELS,Theme,Broad / Cross-sector,Reopening / Reflation,Europe,GSXEISRU,GS Israeli Recovery USD,USD,Custom Basket,MAWNKT2CXCX33HTR,False
CUSTOM_BASKETS_LEVELS,Other / Review,Broad / Cross-sector,,Asia,GSCBHKFB,GS Custom Hedge,HKD,Custom Basket,MAWNQE19JQ2FJWTM,True
CUSTOM_BASKETS_LEVELS,Other / Review,Broad / Cross-sector,,Americas,GSCMAMRH,GS Flagship Hedge,USD,Custom Basket,MAWPBSCR0N12366D,True
CUSTOM_BASKETS_LEVELS,Theme,Broad / Cross-sector,China / Supply Chain,Asia,GSXACHCO,GS China-H Consumption,HKD,Custom Basket,MAWPEAC5M6T3ZRA6,False
CUSTOM_BASKETS_LEVELS,Other / Review,Broad / Cross-sector,,Europe,GSCMBAMI,GS Banco BPM Hedge,EUR,Custom Basket,MAWPNPP1SMZDQEKW,True
CUSTOM_BASKETS_LEVELS,Factor,Broad / Cross-sector,Size,Americas,GSXUBGZL,GS US GEMLT High Size,USD,Custom Basket,MAWQC4BVMRP6QCW6,False
CUSTOM_BASKETS_LEVELS,Other / Review,Broad / Cross-sector,,Asia,GSXASBFA,GS Southbound Favorites,HKD,Custom Basket,MAWQQXWVW02K96JA,True
CUSTOM_BASKETS_LEVELS,Other / Review,Broad / Cross-sector,,Asia,GSXAJPST,GS Japan Stimulus,JPY,Custom Basket,MAWQVPE45YTY8P5A,True
CUSTOM_BASKETS_LEVELS,Other / Review,Broad / Cross-sector,,Europe,GSCMH2OH,GS Enapter Hedge,USD,Custom Basket,MAWQXPPDQRZ68BE7,True
CUSTOM_BASKETS_LEVELS,Theme,TMT / Tech,China / Supply Chain,Americas,GSCBCSST,GS China Tech Self Suffi,USD,Custom Basket,MAWRCEQXQ2ER52D6,False
CUSTOM_BASKETS_LEVELS,Other / Review,Broad / Cross-sector,,Americas,GSXFBDEF,GS BZ Defensives (USD),USD,Custom Basket,MAWSBW567B5C861P,True
CUSTOM_BASKETS_LEVELS,Other / Review,Broad / Cross-sector,,Europe,GSCMCHRC,GS Hansen Hedge,DKK,Custom Basket,MAWT4GHC0NSDRFFQ,True
CUSTOM_BASKETS_LEVELS,Theme,Broad / Cross-sector,AI,Americas,GSXAFOIL,Asia AI Copper Foil,USD,Custom Basket,MAWTJEV9DZYJ3A6C,False
CUSTOM_BASKETS_LEVELS,Factor,Broad / Cross-sector,Volatility,Americas,GSXUBGRS,GS US GEMLT Low Res Vol,USD,Custom Basket,MAWVG5623G1DWXG6,False
CUSTOM_BASKETS_LEVELS,Other / Review,Broad / Cross-sector,,Asia,GSCBGHS1,Corp Gov & Def: High Seg,JPY,Custom Basket,MAWVG7PSY2G15M0G,True
CUSTOM_BASKETS_LEVELS,Other / Review,Broad / Cross-sector,,Americas,GSXADFSE,GS Pacific Rim Defense,USD,Custom Basket,MAWVPGZKA421KBCZ,True
CUSTOM_BASKETS_LEVELS,Other / Review,TMT / Tech,,Asia,GSXAJCRT,GS Japan Critical Tech.,JPY,Custom Basket,MAWVT5EXJ5Q6CQWX,True
CUSTOM_BASKETS_LEVELS,Other / Review,Broad / Cross-sector,,Europe,GSCMCADL,GS Cadeler Hedge,NOK,Custom Basket,MAWWN0YFZTF119B4,True
CUSTOM_BASKETS_LEVELS,Sector Factor,Consumer,Value,Americas,GSCNBFVS,GS US Cons Value Short,USD,Custom Basket,MAWXDKD0HBS84EWX,False
CUSTOM_BASKETS_LEVELS,Other / Review,Broad / Cross-sector,,Europe,GSXGEYES,GS Global Eyecare,USD,Custom Basket,MAWXTJJYKQPVXBRF,True
CUSTOM_BASKETS_LEVELS,Other / Review,Broad / Cross-sector,,Europe,GSCMCLAR,GS Clariant Hedge,CHF,Custom Basket,MAWYRJYD6FFEC5ZP,True
CUSTOM_BASKETS_LEVELS,Other / Review,Broad / Cross-sector,,Asia,GSXAHKSO,GS HK SOEs,HKD,Custom Basket,MAWZ2ZGTA38P9SGJ,True
CUSTOM_BASKETS_LEVELS,Other / Review,Broad / Cross-sector,,Americas,GSXFBRNK,GSXFBRNK,USD,Custom Basket,MAWZ3GA6DYTXKPN5,True
CUSTOM_BASKETS_LEVELS,Factor,Broad / Cross-sector,Momentum,Americas,GSXUHMO1,US 1M Momentum Long,USD,Custom Basket,MAWZNTHPJ2YDRDBJ,False
CUSTOM_BASKETS_LEVELS,Other / Review,Broad / Cross-sector,,Americas,GSBZIVBX,GSBZIVBX,BRL,Custom Basket,MAX0M33QRC64HFGF,True
CUSTOM_BASKETS_LEVELS,Theme,Broad / Cross-sector,Inflation / Pricing Power,Asia,GSXAJIFL,GS Japan Inflation Loser,JPY,Custom Basket,MAX0R3XCW1RQYQFG,False
CUSTOM_BASKETS_LEVELS,Other / Review,Broad / Cross-sector,,Americas,GSCBS12C,SDG 12 Circular Economy,USD,Custom Basket,MAX0X90S5WT3XXDA,True
CUSTOM_BASKETS_LEVELS,Other / Review,Broad / Cross-sector,,Europe,GSCMSBSH,GS Stratec Hedge,EUR,Custom Basket,MAX1H0856JTTEQ9B,True
CUSTOM_BASKETS_LEVELS,Other / Review,Broad / Cross-sector,,Europe,GSXEBFXL,EU High Ex-EU Exposure,EUR,Custom Basket,MAX2QJNA193Z52Y0,True
CUSTOM_BASKETS_LEVELS,Other / Review,Broad / Cross-sector,,Europe,GSXENBUP,GS EU Non Broken Underp,EUR,Custom Basket,MAX2VARW1D0YEYK7,True
CUSTOM_BASKETS_LEVELS,Other / Review,Broad / Cross-sector,,Americas,GSXANDEF,GS Asia New Defense,USD,Custom Basket,MAX394HKF2VKMDB2,True
CUSTOM_BASKETS_LEVELS,Other / Review,Broad / Cross-sector,,Europe,GSCMOHBH,GS OHB Se Hedge,EUR,Custom Basket,MAX3YTPP5HVYPV68,True
CUSTOM_BASKETS_LEVELS,Other / Review,Broad / Cross-sector,,Asia,GSCB300N,GSCB300N,CNY,Custom Basket,MAX422Z5QTKBW5X7,True
CUSTOM_BASKETS_LEVELS,Theme,TMT / Tech,AI,Asia,GSCBHAIT,GS HK Tech AI Benefic,HKD,Custom Basket,MAX47YX28V97T54Q,False
CUSTOM_BASKETS_LEVELS,Other / Review,Broad / Cross-sector,,Americas,GSXUROBO,GS US Robotic/Automation,USD,Custom Basket,MAX4YSRQ8BVQPZZB,True
CUSTOM_BASKETS_LEVELS,Other / Review,Broad / Cross-sector,,Europe,GSXFCECO,GS CEEMEA Commo Levered,USD,Custom Basket,MAX5A5H03SAJ8PN3,True
CUSTOM_BASKETS_LEVELS,Other / Review,Broad / Cross-sector,,Americas,GSXAADEF,GS Asia ex JP Defensives,USD,Custom Basket,MAX6JWEY2YC4E682,True
CUSTOM_BASKETS_LEVELS,Other / Review,Broad / Cross-sector,,Europe,GSCMKTNH,GS Kontron Hedge,EUR,Custom Basket,MAX6KHSG38N3YSD3,True
CUSTOM_BASKETS_LEVELS,Other / Review,Broad / Cross-sector,,Asia,GSXAJMOT,GS Custom Japan Mothers,JPY,Custom Basket,MAX78XYSZFWWG8DH,True
CUSTOM_BASKETS_LEVELS,Other / Review,Telecom / Comm Svcs,,Europe,GSCMTITR,GS Telecom Italia Hedge,EUR,Custom Basket,MAX7KJSNPG1HYNXX,True
CUSTOM_BASKETS_LEVELS,Other / Review,Broad / Cross-sector,,Americas,GSCBFREI,GS US Freight Sensitive,USD,Custom Basket,MAX8FQ4JX7Q60R3N,True
CUSTOM_BASKETS_LEVELS,Other / Review,Consumer,,Europe,GSXEINGR,GS EU Cons Ingredients,EUR,Custom Basket,MAX8TCZPKR52YH2Q,True
CUSTOM_BASKETS_LEVELS,Other / Review,Health Care,,Americas,GSHLCBEL,GS Healthcare Bellwether,USD,Custom Basket,MAX9450P5EJ1N2KN,True
CUSTOM_BASKETS_LEVELS,Other / Review,Broad / Cross-sector,,Europe,GSCMAZNL,GS Astra Custom Hedge,GBP,Custom Basket,MAX94TXNX9DKCBEH,True
CUSTOM_BASKETS_LEVELS,Other / Review,Broad / Cross-sector,,Europe,GSCMREPS,GS Custom Repsol Hedge,EUR,Custom Basket,MAX9TSM50CGN1H93,True
CUSTOM_BASKETS_LEVELS,Sector Factor,Financials,Leverage,Americas,GSFIBFLL,GS US Fin Leverage Long,USD,Custom Basket,MAXA5AE6WQ35HKWE,False
CUSTOM_BASKETS_LEVELS,Sector Factor,TMT / Tech,Crowding,Americas,GSTMWFCL,GS US TMT Long Crowding,USD,Custom Basket,MAXA80EMNYYEF1AZ,False
CUSTOM_BASKETS_LEVELS,Sector Factor,Financials,Size,Americas,GSFIBFZL,GS US Fin Size Long,USD,Custom Basket,MAXAH4HXV0DDCKHV,False
CUSTOM_BASKETS_LEVELS,Other / Review,Broad / Cross-sector,,Asia,GSXAKCOS,GS Korea K-Beauty,KRW,Custom Basket,MAXAY28JV5CHJ6X8,True
CUSTOM_BASKETS_LEVELS,Other / Review,Broad / Cross-sector,,Americas,GSCMNDXE,Top 100 NDX Equal Weight,USD,Custom Basket,MAXBKB2H14YTPTS7,True
CUSTOM_BASKETS_LEVELS,Other / Review,Energy,,Americas,GSXUHYXE,HY Debt Ex Energy,USD,Custom Basket,MAXBTTTX7ZJM4JZX,True
CUSTOM_BASKETS_LEVELS,Other / Review,Broad / Cross-sector,,Europe,GSCMSUNR,GS Sunrise Hedge,CHF,Custom Basket,MAXDSZCJRZGTEWN7,True
CUSTOM_BASKETS_LEVELS,Other / Review,Broad / Cross-sector,,Americas,GSSHFOXA,GSSHFOXA,USD,Custom Basket,MAXEZC5QFACE38G1,True
CUSTOM_BASKETS_LEVELS,Factor,Broad / Cross-sector,Crowding,Europe,GSXECRWS,GS EU Crowded Shorts,EUR,Custom Basket,MAXFHHDE2RFENRX7,False
CUSTOM_BASKETS_LEVELS,Other / Review,Broad / Cross-sector,,Europe,GSCBREUK,GS UK Retail,GBP,Custom Basket,MAXG9E3GCMV8V9R2,True
CUSTOM_BASKETS_LEVELS,Other / Review,Broad / Cross-sector,,Europe,GSXEGRBK,GS Greek Banks,EUR,Custom Basket,MAXH8H9V9TZ78NYD,True
CUSTOM_BASKETS_LEVELS,Other / Review,Broad / Cross-sector,,Europe,GSCMSNTH,GS Santos Global Hedge,USD,Custom Basket,MAXJAW9R7X1SENGA,True
CUSTOM_BASKETS_LEVELS,Other / Review,Broad / Cross-sector,,Asia,GSCBGLA1,Corp Gov & Def: 2024 Lag,JPY,Custom Basket,MAXJDR0S5HN2VVY6,True
CUSTOM_BASKETS_LEVELS,Theme,Broad / Cross-sector,Buybacks / Capital Return,Asia,GSXACHBB,GS China Buyback Candidt,CNH,Custom Basket,MAXJPB22DW34B1H6,False
CUSTOM_BASKETS_LEVELS,Other / Review,Broad / Cross-sector,,Europe,GSCBCONA,GS Continental AG Hedge,EUR,Custom Basket,MAXKW872PB8JATER,True
CUSTOM_BASKETS_LEVELS,Other / Review,Broad / Cross-sector,,Europe,GSXENUCP,GS EU Nuclear Power,EUR,Custom Basket,MAXMA1QKRZ6ECZNX,True
CUSTOM_BASKETS_LEVELS,Other / Review,Broad / Cross-sector,,Americas,GSXURANI,GS US Uranium,USD,Custom Basket,MAXMHR8GEQK56M29,True
CUSTOM_BASKETS_LEVELS,Other / Review,Broad / Cross-sector,,Europe,GSCMRWIH,GS Renewi Hedge,GBP,Custom Basket,MAXMZWZ510AMYW8Q,True
CUSTOM_BASKETS_LEVELS,Factor,Broad / Cross-sector,Momentum,Europe,GSXEHMPL,GS Poland High Momo,PLN,Custom Basket,MAXN7BWSWGCZ44QQ,False
CUSTOM_BASKETS_LEVELS,Other / Review,Broad / Cross-sector,,Europe,GSXEESIN,GS Spanish International,EUR,Custom Basket,MAXNW4X3TV614W21,True
CUSTOM_BASKETS_LEVELS,Other / Review,Broad / Cross-sector,,Americas,GS24DEMS,GS24 Dem Pol Undrperform,USD,Custom Basket,MAXNX36T53XHCP07,True
CUSTOM_BASKETS_LEVELS,Other / Review,Broad / Cross-sector,,Americas,GSXFBEPV,GS Brazil ex PV,BRL,Custom Basket,MAXPS68R9CE39G08,True
CUSTOM_BASKETS_LEVELS,Theme,TMT / Tech,Mega Cap,Americas,GSMEGTOP,GS Megacap Tech,USD,Custom Basket,MAXRQCXK7TBEBG9M,False
CUSTOM_BASKETS_LEVELS,Theme,Broad / Cross-sector,Healthcare Innovation,Americas,GSHLCSPG,GS Spec Pharma/Generics,USD,Custom Basket,MAXS8JPM63Q370H4,False
CUSTOM_BASKETS_LEVELS,Other / Review,Broad / Cross-sector,,Europe,GSCMSFWG,GS Smurfit WestRock Hedg,GBP,Custom Basket,MAXSGNK4ZVKQNYET,True
CUSTOM_BASKETS_LEVELS,Other / Review,Broad / Cross-sector,,Americas,GSCBSPX0,GSCBSPX0,USD,Custom Basket,MAXSHGBKNFM5F19E,True
CUSTOM_BASKETS_LEVELS,Other / Review,Broad / Cross-sector,,Asia,GSCBGBB1,Corp Gov & Def: BB,JPY,Custom Basket,MAXSS9D82P68JQ6C,True
CUSTOM_BASKETS_LEVELS,Other / Review,Broad / Cross-sector,,Americas,GSXUFCFH,GS US High FCF,USD,Custom Basket,MAXT8P4VAY81E3W0,True
CUSTOM_BASKETS_LEVELS,Other / Review,Health Care,,Americas,GSHLCOPT,GS HC Ophthalmology,USD,Custom Basket,MAXTG43AXDY0TVTQ,True
CUSTOM_BASKETS_LEVELS,Other / Review,Broad / Cross-sector,,Europe,GSCBSIPI,GS Saudi Steel Pipes,USD,Custom Basket,MAXTPJYPFWK6BPMK,True
CUSTOM_BASKETS_LEVELS,Other / Review,Broad / Cross-sector,,Europe,GSCBFTST,GS Flagship Test,USD,Custom Basket,MAXTVW50KMJMNW17,True
CUSTOM_BASKETS_LEVELS,Theme,Broad / Cross-sector,AI,Europe,GSXELEAI,GS EU AI Leaders,EUR,Custom Basket,MAXXDTQR4SVE8QSS,False
CUSTOM_BASKETS_LEVELS,Other / Review,Broad / Cross-sector,,Asia,GSCBTDIX,GS Taiwan High Div Excl.,TWD,Custom Basket,MAXXS48V213D62CA,True
CUSTOM_BASKETS_LEVELS,Other / Review,Broad / Cross-sector,,Europe,GSXELPRW,EU Reactive Lo Profit,EUR,Custom Basket,MAXYFWCGY31JX71Z,True
CUSTOM_BASKETS_LEVELS,Other / Review,Industrials,,Americas,GSINBFPS,GS US INL Profit Short,USD,Custom Basket,MAXYXPSHP1F4H0QM,True
CUSTOM_BASKETS_LEVELS,Theme,Broad / Cross-sector,China / Supply Chain,Americas,GSXACGGL,GS China Going Global Le,USD,Custom Basket,MAY02H0PQ45AZQC8,False
CUSTOM_BASKETS_LEVELS,Other / Review,Broad / Cross-sector,,Americas,GSCBWI23,GS US 2023 Winners,USD,Custom Basket,MAY042KJDZKPE46X,True
CUSTOM_BASKETS_LEVELS,Other / Review,Broad / Cross-sector,,Europe,GSCMS4HG,GS S4 Capital Hedge,GBP,Custom Basket,MAY0GZ5C683F2K3P,True
CUSTOM_BASKETS_LEVELS,Other / Review,Broad / Cross-sector,,Europe,GSCMSMIN,GS Smiths Group Hedge,GBP,Custom Basket,MAY0X7TJW9ZVYDRD,True
CUSTOM_BASKETS_LEVELS,Other / Review,Broad / Cross-sector,,Europe,GSXEBEVS,GS EU Beverages,EUR,Custom Basket,MAY1CCWMQXJG7DX2,True
CUSTOM_BASKETS_LEVELS,Other / Review,Broad / Cross-sector,,Europe,GSCMDNRH,GS DNR IM Hedge Basket,EUR,Custom Basket,MAY1ZEDNSB3XZGJB,True
CUSTOM_BASKETS_LEVELS,Other / Review,Broad / Cross-sector,,Asia,GSCBINOW,GS India Mutual Fund OW,INR,Custom Basket,MAY20SF8YZDDP8VQ,True
CUSTOM_BASKETS_LEVELS,Sector Factor,Consumer,Leverage,Americas,GSCNBFLS,GS US Low Cons Leverage,USD,Custom Basket,MAY22V1EV68XCD0D,False
CUSTOM_BASKETS_LEVELS,Other / Review,Broad / Cross-sector,,Europe,GSXGALUM,GS Global Aluminium,USD,Custom Basket,MAY24ZG2H260PS9K,True
CUSTOM_BASKETS_LEVELS,Other / Review,Broad / Cross-sector,,Europe,GSXEBFSS,EU Pure Lo Analyst Senti,EUR,Custom Basket,MAY2QRSHQK9M18RT,True
CUSTOM_BASKETS_LEVELS,Theme,Broad / Cross-sector,Reopening / Reflation,Americas,GSCBARCV,GS APAC Recovery,USD,Custom Basket,MAY3KWR59BJANTKJ,False
CUSTOM_BASKETS_LEVELS,Other / Review,Broad / Cross-sector,,Europe,GSCMLAGH,GS Lagardere Hedge,EUR,Custom Basket,MAY3R4J73XSXME8F,True
CUSTOM_BASKETS_LEVELS,Other / Review,Real Estate,,Asia,GSCBJREG,GS Japan RE Holders,JPY,Custom Basket,MAY4XD6RSTVH1W25,True
CUSTOM_BASKETS_LEVELS,Theme,Broad / Cross-sector,China / Supply Chain,Americas,GSXACNAU,GS China Auto,USD,Custom Basket,MAY6CFTPG5DC7PFM,False
CUSTOM_BASKETS_LEVELS,Other / Review,Financials,,Americas,GSFIBFPS,GS US Fin Profit Short,USD,Custom Basket,MAY6KSXECAA0V8DP,True
CUSTOM_BASKETS_LEVELS,Other / Review,Broad / Cross-sector,,Europe,GSCMKIND,GS Kindred Hedge,SEK,Custom Basket,MAY6QCVPCT7HP2FY,True
CUSTOM_BASKETS_LEVELS,Other / Review,Broad / Cross-sector,,Europe,GSCMADMI,GS ADMIE Hedge,EUR,Custom Basket,MAY7MQYWM1DXHG7N,True
CUSTOM_BASKETS_LEVELS,Other / Review,Broad / Cross-sector,,Asia,GSXAKSND,GS Korea Spend,KRW,Custom Basket,MAY7SBN77WAWSBRM,True
CUSTOM_BASKETS_LEVELS,Factor,Broad / Cross-sector,Growth,Asia,GSXAMFGS,GS Japan Growth Short,JPY,Custom Basket,MAY82CAED9B093S7,False
CUSTOM_BASKETS_LEVELS,Factor,Broad / Cross-sector,Beta,Europe,GSXEHBTA,EU Reactive High Beta,EUR,Custom Basket,MAY85998PTJF44RY,False
CUSTOM_BASKETS_LEVELS,Other / Review,Broad / Cross-sector,,Europe,GSXELEVR,GS Low Earnings Var,EUR,Custom Basket,MAY86R3AN3D0JPWB,True
CUSTOM_BASKETS_LEVELS,Other / Review,Broad / Cross-sector,,Europe,GSXEHRAT,EU Hi Rates Sensitivity,EUR,Custom Basket,MAY899H28998DBPJ,True
CUSTOM_BASKETS_LEVELS,Theme,TMT / Tech,Semiconductors,Americas,GSXASEMI,GS Asia Semis,USD,Custom Basket,MAY8JQNV5KCTJ2DV,False
CUSTOM_BASKETS_LEVELS,Other / Review,Broad / Cross-sector,,Asia,GSXASJPY,GS Japan Strong Yen,JPY,Custom Basket,MAY9BNVAD7VPBFJW,True
CUSTOM_BASKETS_LEVELS,Other / Review,Broad / Cross-sector,,Asia,GSCBTWS2,GS Taiwan ExTech Liq Opt,TWD,Custom Basket,MAY9SG48P8R66X41,True
CUSTOM_BASKETS_LEVELS,Other / Review,Broad / Cross-sector,,Europe,GSCMFDRH,GS Fluidra Hedge,EUR,Custom Basket,MAYA83TFXWEADVDK,True
CUSTOM_BASKETS_LEVELS,Other / Review,Broad / Cross-sector,,Europe,GSCMIBEH,GS Iberdrola Hedge,EUR,Custom Basket,MAYAKMMRM3BYH0MQ,True
CUSTOM_BASKETS_LEVELS,Other / Review,TMT / Tech,,Asia,GSXAJPIT,GS Japan IT,JPY,Custom Basket,MAYAW9BYHJCEK3DW,True
CUSTOM_BASKETS_LEVELS,Factor,Broad / Cross-sector,Beta,Europe,GSXEBFBS,EU Pure Low Beta,EUR,Custom Basket,MAYAZDTBB9E4ZKAB,False
CUSTOM_BASKETS_LEVELS,Other / Review,Broad / Cross-sector,,Asia,GSCBJLP1,Japan Low P/B,JPY,Custom Basket,MAYB25NFR1RPE9QH,True
CUSTOM_BASKETS_LEVELS,Other / Review,Broad / Cross-sector,,Europe,GSCM7205,GS Custom Hino Hedge,JPY,Custom Basket,MAYB8127NPP8VKAD,True
CUSTOM_BASKETS_LEVELS,Other / Review,Consumer,,Americas,GSCNBFPL,GS US Cons Profit Long,USD,Custom Basket,MAYBB1NY9HZPF720,True
CUSTOM_BASKETS_LEVELS,Theme,Broad / Cross-sector,Labor / Wage,Europe,GSXEWAGE,GS EU High Labor Costs,EUR,Custom Basket,MAYBG09AJN4AWDK3,False
CUSTOM_BASKETS_LEVELS,Other / Review,Broad / Cross-sector,,Europe,GSCBBULD,GS EU Build Construction,EUR,Custom Basket,MAYC6P0RN1BZZJSK,True
CUSTOM_BASKETS_LEVELS,Other / Review,Broad / Cross-sector,,Americas,GSCMSPXC,Flagship Space Hedge,USD,Custom Basket,MAYCM8NQB4A25J1T,True
CUSTOM_BASKETS_LEVELS,Other / Review,Broad / Cross-sector,,Europe,GSXEBEST,GS Europe Best in Class,EUR,Custom Basket,MAYD3S60Q6NTHV7G,True
CUSTOM_BASKETS_LEVELS,Other / Review,Broad / Cross-sector,,Europe,GSXESTAY,GS EU Stay at Home,EUR,Custom Basket,MAYDAXBRJ9WAXC11,True
CUSTOM_BASKETS_LEVELS,Factor,Broad / Cross-sector,Momentum,Europe,GSXEHMO6,EU 6M Momentum Long,EUR,Custom Basket,MAYDB5TPT7K5SHDW,False
CUSTOM_BASKETS_LEVELS,Factor,Broad / Cross-sector,Dividend / Yield,Europe,GSXEBFDL,EU Pure Hi Div Yield,EUR,Custom Basket,MAYE5KZXS06R5RQQ,False
CUSTOM_BASKETS_LEVELS,Other / Review,Broad / Cross-sector,,Europe,GSXFTRBK,GS Turkish Banks (USD),USD,Custom Basket,MAYE65W2F0WQM83V,True
CUSTOM_BASKETS_LEVELS,Other / Review,Consumer,,Europe,GSXETTFX,GS EU Nat Gas Consumers,EUR,Custom Basket,MAYEA8DW7XHYB6JE,True
CUSTOM_BASKETS_LEVELS,Theme,Energy,China / Supply Chain,Americas,GSXACENS,GS China Energy Sec USD,USD,Custom Basket,MAYEVSZ655JREF29,False
CUSTOM_BASKETS_LEVELS,Other / Review,Broad / Cross-sector,,Asia,GSXAKDCY,GS Korea Dom Cyclicals,KRW,Custom Basket,MAYEXE4KRH70HKX0,True
CUSTOM_BASKETS_LEVELS,Factor,Broad / Cross-sector,Volatility,Asia,GSXAJBRL,GS JP Residual Vol Long,JPY,Custom Basket,MAYF57D9JDFCY57W,False
CUSTOM_BASKETS_LEVELS,Other / Review,Broad / Cross-sector,,Europe,GSCMASML,GS ASML Hedge,EUR,Custom Basket,MAYGDRGDG69GA7M7,True
CUSTOM_BASKETS_LEVELS,Other / Review,Broad / Cross-sector,,Europe,GSXGNEWC,GS Post Pandemic Cycle,USD,Custom Basket,MAYGFTHN3C060JV2,True
CUSTOM_BASKETS_LEVELS,Other / Review,Broad / Cross-sector,,Americas,GSSIGMBL,GS Casinos and Gaming,USD,Custom Basket,MAYGK6HFYC5Z92TZ,True
CUSTOM_BASKETS_LEVELS,Factor,Broad / Cross-sector,Profitability,Americas,GSXUHQBB,GS US Profitable Buyback,USD,Custom Basket,MAYHHDMZGBVQXTWD,False
CUSTOM_BASKETS_LEVELS,Theme,Broad / Cross-sector,China / Supply Chain,Asia,GSC2000N,GS China Micro Cap NTR,CNY,Custom Basket,MAYHPEN0DE7C10XQ,False
CUSTOM_BASKETS_LEVELS,Other / Review,Broad / Cross-sector,,Asia,GSCBJROE,GS Japan ROE Reform,JPY,Custom Basket,MAYJ1YKVHFK3JNH3,True
CUSTOM_BASKETS_LEVELS,Factor,Broad / Cross-sector,Dividend / Yield,Americas,GSXUBFEL,GS US Hi Earnings Yield,USD,Custom Basket,MAYJ5YZ50CKZ839R,False
CUSTOM_BASKETS_LEVELS,Other / Review,Broad / Cross-sector,,Europe,GSXECOMX,GS EU Cmdty Input Costs,EUR,Custom Basket,MAYJAJG4MFYEQX3W,True
CUSTOM_BASKETS_LEVELS,Other / Review,Broad / Cross-sector,,Europe,GSCBTRBT,GS Turkish Banks (TRY),TRY,Custom Basket,MAYJGDT7PRF17GW8,True
CUSTOM_BASKETS_LEVELS,Other / Review,Broad / Cross-sector,,Europe,GSCBPHXC,GS Custom Basket,EUR,Custom Basket,MAYJX1948CZPXXD6,True
CUSTOM_BASKETS_LEVELS,Other / Review,Broad / Cross-sector,,Asia,GSXAKRUK,GS Korea Ukraine Rebuild,KRW,Custom Basket,MAYKWY6Q2970WSQ5,True
CUSTOM_BASKETS_LEVELS,Other / Review,Broad / Cross-sector,,Europe,GSXGSILV,GS Global Silver Miners,USD,Custom Basket,MAYP2FJY5EDRMZAZ,True
CUSTOM_BASKETS_LEVELS,Other / Review,Broad / Cross-sector,,Americas,GSCBHMXI,GS US High & Mid-Income,USD,Custom Basket,MAYPRCW25M4A0SB7,True
CUSTOM_BASKETS_LEVELS,Other / Review,Broad / Cross-sector,,Europe,GSCMAZNU,GS AZN US Custom Hedge,USD,Custom Basket,MAYPT1AV7M4G9TZY,True
CUSTOM_BASKETS_LEVELS,Other / Review,Real Estate,,Americas,GSXPVRE1,GS US Passive RIC RE,USD,Custom Basket,MAYQ0M6TDHT5MFSB,True
CUSTOM_BASKETS_LEVELS,Other / Review,Broad / Cross-sector,,Europe,GSCMEZJH,GS Easyjet Hedge,GBP,Custom Basket,MAYQ3B9CG5SKJDEN,True
CUSTOM_BASKETS_LEVELS,Theme,Broad / Cross-sector,China / Supply Chain,Asia,GSXACNPM,GS China Property Mgmt.,HKD,Custom Basket,MAYQM87BDZ4F7TQ8,False
CUSTOM_BASKETS_LEVELS,Other / Review,Broad / Cross-sector,,Americas,GSXUWFFS,GS US Wolfe Low ETF Flow,USD,Custom Basket,MAYR42QCFC13T5K8,True
CUSTOM_BASKETS_LEVELS,Theme,Broad / Cross-sector,China / Supply Chain,Asia,GSXACHEE,GS China CHEERS,CNH,Custom Basket,MAYTBXVSNWZ90T61,False
CUSTOM_BASKETS_LEVELS,Theme,Broad / Cross-sector,AI,Europe,GSXEAICP,GS EU Broad AI,EUR,Custom Basket,MAYTF6SYXAV2K1WS,False
CUSTOM_BASKETS_LEVELS,Theme,Broad / Cross-sector,Rates Sensitivity,Europe,GSXESDUR,GS EU Short Duration,EUR,Custom Basket,MAYTFXYX1EM10CF8,False
CUSTOM_BASKETS_LEVELS,Other / Review,Broad / Cross-sector,,Asia,GSXATWBK,GS Taiwan Banks,TWD,Custom Basket,MAYTMFTWVRQM3BSY,True
CUSTOM_BASKETS_LEVELS,Other / Review,Broad / Cross-sector,,Americas,GSCBAMEV,GS APAC Memory Users,USD,Custom Basket,MAYTPD60YWJGHHDG,True
CUSTOM_BASKETS_LEVELS,Other / Review,Broad / Cross-sector,,Asia,GSXAJLAG,GS Japan Second Movers,JPY,Custom Basket,MAYTS9XJKZ20R682,True
CUSTOM_BASKETS_LEVELS,Factor,Broad / Cross-sector,Value,Asia,GSXACBVL,GS China Barra Value Lon,CNH,Custom Basket,MAYTXF6332193HZZ,False
CUSTOM_BASKETS_LEVELS,Factor,Broad / Cross-sector,Beta,Asia,GSXAJBBL,GS Japan Barra Beta Long,JPY,Custom Basket,MAYV9RASNKFS7F92,False
CUSTOM_BASKETS_LEVELS,Other / Review,Broad / Cross-sector,,Asia,GSXAJCON,GS Japan Construction,JPY,Custom Basket,MAYVR70R886B26NE,True
CUSTOM_BASKETS_LEVELS,Factor,Broad / Cross-sector,Growth,Asia,GSXAJBGS,GS Japan Barra Growth Sh,JPY,Custom Basket,MAYWETWE78ZRFQP9,False
CUSTOM_BASKETS_LEVELS,Other / Review,Broad / Cross-sector,,Europe,GSXFCEIN,GS CEEMEA Exporters,USD,Custom Basket,MAYWWA77WSVZ9MXT,True
CUSTOM_BASKETS_LEVELS,Theme,Health Care,China / Supply Chain,Asia,GSXACHHE,GS China-H Healthcare,HKD,Custom Basket,MAYX12HWVBQDZ2NE,False
CUSTOM_BASKETS_LEVELS,Other / Review,Broad / Cross-sector,,Europe,GSCMDSMF,GS DSFIR NA Hedge,EUR,Custom Basket,MAYXGCKG7KRFXNFA,True
CUSTOM_BASKETS_LEVELS,Theme,Financials,China / Supply Chain,Asia,GSCBAHFA,GS China AH Fin. A-Line,CNH,Custom Basket,MAYXS7WSEY5X53JV,False
CUSTOM_BASKETS_LEVELS,Factor,Broad / Cross-sector,Momentum,Europe,GSXEHMO1,EU 1M Momo (Winners),EUR,Custom Basket,MAYYF7N0T1PQHB2G,False
CUSTOM_BASKETS_LEVELS,Theme,Broad / Cross-sector,China / Supply Chain,Americas,GSXACNET,GS China Internet,USD,Custom Basket,MAYYKFGVGBEDMS0Q,False
CUSTOM_BASKETS_LEVELS,Theme,Broad / Cross-sector,China / Supply Chain,Americas,GSXACALO,GS China HALO,USD,Custom Basket,MAYYPRF3MAYV49T1,False
CUSTOM_BASKETS_LEVELS,Other / Review,Utilities,,Americas,GSXUUTIL,GS US Utilities,USD,Custom Basket,MAYYS9FQ40DC1X1Z,True
CUSTOM_BASKETS_LEVELS,Factor,Broad / Cross-sector,Momentum,Europe,GSXEHMTR,GS Turkey High Momo,TRY,Custom Basket,MAZ00402TG0CJH9G,False
CUSTOM_BASKETS_LEVELS,Other / Review,Broad / Cross-sector,,Americas,GSXAACYC,GS  Asia ex JP Cyclicals,USD,Custom Basket,MAZ0B9FCY51ZA4KB,True
CUSTOM_BASKETS_LEVELS,Other / Review,Broad / Cross-sector,,Americas,GSXAINFS,GS Asia Infra Spend,USD,Custom Basket,MAZ0W8Q7GJHG3ERE,True
CUSTOM_BASKETS_LEVELS,Factor,Broad / Cross-sector,Beta,Americas,GSXUBABL,GS US Barra High Beta,USD,Custom Basket,MAZ1E6V8T8BBTV1S,False
CUSTOM_BASKETS_LEVELS,Theme,Broad / Cross-sector,China / Supply Chain,Asia,GSC1000P,GS China PR Basket,CNY,Custom Basket,MAZ20AKXPAVY5156,False
CUSTOM_BASKETS_LEVELS,Other / Review,Broad / Cross-sector,,Europe,GSXEHNII,GS EU High NII Banks,EUR,Custom Basket,MAZ3A1YKSRFS7E80,True
CUSTOM_BASKETS_LEVELS,Theme,Broad / Cross-sector,China / Supply Chain,Americas,GSXACEME,GS China EM Exporters,USD,Custom Basket,MAZ3YWKAH9P1MV9H,False
CUSTOM_BASKETS_LEVELS,Other / Review,Broad / Cross-sector,,Asia,GSXAJEPC,GS Japan EPCOs,JPY,Custom Basket,MAZ4R7VK89VHR4XH,True
CUSTOM_BASKETS_LEVELS,Other / Review,Broad / Cross-sector,,Europe,GSXETRLE,GS EU T&L ex-Gaming,EUR,Custom Basket,MAZ5W5YJ8NA6JRVT,True
CUSTOM_BASKETS_LEVELS,Factor,Broad / Cross-sector,Beta,Americas,GSXUHBCY,GS High Beta Cyclicals,USD,Custom Basket,MAZ5XRFAZ5X5CCR6,False
CUSTOM_BASKETS_LEVELS,Theme,TMT / Tech,TMT,Americas,GSTMTCON,GS TMT Consulting,USD,Custom Basket,MAZ722RV6C3GVKF5,False
CUSTOM_BASKETS_LEVELS,Factor,Broad / Cross-sector,Liquidity,Europe,GSXELLIW,EU Reactive Lo Liquidity,EUR,Custom Basket,MAZ7CVNV13P52E1F,False
CUSTOM_BASKETS_LEVELS,Other / Review,Financials,,Americas,GSFINBRO,GS Fins US Brokers,USD,Custom Basket,MAZ7G66MJY3Y5CGS,True
CUSTOM_BASKETS_LEVELS,Other / Review,Broad / Cross-sector,,Americas,GSCMPREM,US at a Premium,USD,Custom Basket,MAZ7HBCQ29X2NBBD,True
CUSTOM_BASKETS_LEVELS,Sector Factor,Health Care,Beta,Americas,GSHCBFBL,GS US HC Beta Long,USD,Custom Basket,MAZ7KB2N544HXCZC,False
CUSTOM_BASKETS_LEVELS,Other / Review,Broad / Cross-sector,,Europe,GSXFSAUD,GS Saudi Struct. Winners,USD,Custom Basket,MAZ7M6R705YR2QM0,True
CUSTOM_BASKETS_LEVELS,Other / Review,Broad / Cross-sector,,Europe,GSATHOME,GS Custom Home Basket,EUR,Custom Basket,MAZ833Y0CQMT338W,True
CUSTOM_BASKETS_LEVELS,Other / Review,Broad / Cross-sector,,Asia,GSCBJNIS,GS Japan NISA,JPY,Custom Basket,MAZ8CK3JKR6C8FX7,True
CUSTOM_BASKETS_LEVELS,Other / Review,Broad / Cross-sector,,Americas,GSXAAUTO,GS Asia Auto,USD,Custom Basket,MAZ8EY8FFJR3F1MN,True
CUSTOM_BASKETS_LEVELS,Sector Factor,Health Care,Momentum,Americas,GSHCBFML,GS US HC Momentum Long,USD,Custom Basket,MAZ8NJ7DK0AFX3ZH,False
CUSTOM_BASKETS_LEVELS,Theme,Broad / Cross-sector,China / Supply Chain,Americas,GSXACNCT,GS China Construction,USD,Custom Basket,MAZ8T3NM3GH2KG5B,False
CUSTOM_BASKETS_LEVELS,Other / Review,Broad / Cross-sector,,Europe,GSCMENXH,GS Euronext Hedge,EUR,Custom Basket,MAZ8TTGQZ3PFNVHH,True
CUSTOM_BASKETS_LEVELS,Other / Review,Broad / Cross-sector,,Europe,GSCBVIVL,GS Vivendi Hedge,EUR,Custom Basket,MAZ93B3BT8SPS3SM,True
CUSTOM_BASKETS_LEVELS,Other / Review,Broad / Cross-sector,,Europe,GSCMCARM,GS Carmila Hedge,EUR,Custom Basket,MAZ94XJEF98XZRD5,True
CUSTOM_BASKETS_LEVELS,Factor,Broad / Cross-sector,Growth,Americas,GSXUWAGE,GS US Wage Growth Basket,USD,Custom Basket,MAZ9Z0JB7HZNK3ZZ,False
CUSTOM_BASKETS_LEVELS,Other / Review,Broad / Cross-sector,,Europe,GSXECEAS,GS Ukraine Ceasefire,EUR,Custom Basket,MAZAKVMV3TP22AGS,True
CUSTOM_BASKETS_LEVELS,Other / Review,Industrials,,Americas,GSIDLSHP,GS Industrials Shipping,USD,Custom Basket,MAZBCP3NJSAGEG19,True
CUSTOM_BASKETS_LEVELS,Other / Review,Health Care,,Americas,GSHLCVAX,GS US HC Vaccine Exposed,USD,Custom Basket,MAZCA2B1H8R30QND,True
CUSTOM_BASKETS_LEVELS,Theme,TMT / Tech,Semiconductors,Americas,GSCBCSE2,GS Custom China Semis,USD,Custom Basket,MAZCJJ9TT5GJCC0P,False
CUSTOM_BASKETS_LEVELS,Theme,Broad / Cross-sector,Buybacks / Capital Return,Asia,GSCBJHD1,Japan High Divs/Buybacks,JPY,Custom Basket,MAZCM66H4HXY6SKK,False
CUSTOM_BASKETS_LEVELS,Theme,Broad / Cross-sector,China / Supply Chain,Europe,GSXETRFS,GS EU Tariffs Exposed,EUR,Custom Basket,MAZD4P9CP9VJQCKN,False
CUSTOM_BASKETS_LEVELS,Other / Review,Broad / Cross-sector,,Europe,GSCMPCOH,GS Pepco Group Hedge,PLN,Custom Basket,MAZDC0CH0JN2ZCTB,True
CUSTOM_BASKETS_LEVELS,Other / Review,Broad / Cross-sector,,Americas,GSXUMAHA,GS US Health Risk,USD,Custom Basket,MAZDERPW4VJ1PY0V,True
CUSTOM_BASKETS_LEVELS,Other / Review,Consumer,,Americas,GSXFBZCO,GS BZ Consumer,USD,Custom Basket,MAZDJBS16Y367CM3,True
CUSTOM_BASKETS_LEVELS,Other / Review,Broad / Cross-sector,,Americas,GSXUMRSH,GS Margin Risk Hedge,USD,Custom Basket,MAZDNFCF5WSVYPXR,True
CUSTOM_BASKETS_LEVELS,Theme,Broad / Cross-sector,China / Supply Chain,Americas,GSXACINF,GS China Infra,USD,Custom Basket,MAZEVEZT3YTBDS7D,False
CUSTOM_BASKETS_LEVELS,Other / Review,Broad / Cross-sector,,Europe,GSCMASRH,GS Asr Nederland Hedge,EUR,Custom Basket,MAZEY6K8CFJVXJKR,True
CUSTOM_BASKETS_LEVELS,Other / Review,Consumer,,Europe,GSXEGOOD,GS EU Consumer Goods,EUR,Custom Basket,MAZEZ62482KVTKZ2,True
CUSTOM_BASKETS_LEVELS,Sector Factor,Health Care,Size,Americas,GSHCBFZS,GS US HC Size Short,USD,Custom Basket,MAZEZDPWXQP1KFQT,False
CUSTOM_BASKETS_LEVELS,Sector Factor,Financials,Leverage,Americas,GSFIBFLS,GS US Fin Leverage Short,USD,Custom Basket,MAZF1MWKXVM0XRF0,False
CUSTOM_BASKETS_LEVELS,Factor,Broad / Cross-sector,Beta,Asia,GSCBJLO2,GS JP Low Beta xCons,JPY,Custom Basket,MAZF6XFZSZQ7AYG8,False
CUSTOM_BASKETS_LEVELS,Sector Factor,Health Care,Value,Europe,GSCBHCVA,GS EU Healthcare Value,EUR,Custom Basket,MAZFNMZGP272MCR2,False
CUSTOM_BASKETS_LEVELS,Other / Review,Consumer,,Americas,GSXFBZCD,GS Brazil Consumer Disc,BRL,Custom Basket,MAZFQWVQFY4M83PZ,True
CUSTOM_BASKETS_LEVELS,Other / Review,Real Estate,,Americas,GSXURLST,GS US Real Estate,USD,Custom Basket,MAZGVMBBMCPWSXTH,True
CUSTOM_BASKETS_LEVELS,Other / Review,Broad / Cross-sector,,Europe,GSCMUNIP,GS Uniper Hedge,EUR,Custom Basket,MAZH0BRJPAEBRQB5,True
CUSTOM_BASKETS_LEVELS,Other / Review,Consumer,,Asia,GSXAJDCO,GS Japan Domestic Cons.,JPY,Custom Basket,MAZH5NKYEQJWEMKD,True
CUSTOM_BASKETS_LEVELS,Other / Review,Industrials,,Europe,GSCMCNHH,GS CNH Industrial Hedge,EUR,Custom Basket,MAZHFV27ZDGYK34C,True
CUSTOM_BASKETS_LEVELS,Theme,Broad / Cross-sector,Mega Cap,Asia,GSXAJMEB,GS Japan Mega Banks,JPY,Custom Basket,MAZJFBQ0ZGHAX4C1,False
CUSTOM_BASKETS_LEVELS,Factor,Broad / Cross-sector,Value,Europe,GSXEMIVS,EU Rctv Low Midcap Value,EUR,Custom Basket,MAZK69J6GVXBYE8T,False
CUSTOM_BASKETS_LEVELS,Other / Review,Broad / Cross-sector,,Europe,GSCBAGRE,GS EU Agriculture,EUR,Custom Basket,MAZK8CYS60S9YPT3,True
CUSTOM_BASKETS_LEVELS,Other / Review,Broad / Cross-sector,,Americas,GSXFBREO,GSXFBREO,BRL,Custom Basket,MAZK8EQZAA8006MQ,True
CUSTOM_BASKETS_LEVELS,Other / Review,Broad / Cross-sector,,Asia,GSXAHBYS,GS Hong Kong Div Y Short,HKD,Custom Basket,MAZKHQ9P24B7MDEG,True
CUSTOM_BASKETS_LEVELS,Theme,Health Care,Healthcare Innovation,Americas,GSHLCBMI,GS HC GLP-1 Exposure,USD,Custom Basket,MAZKKJY1RC12NG4J,False
CUSTOM_BASKETS_LEVELS,Other / Review,Broad / Cross-sector,,Europe,GSXFMINE,GS EM Miners,USD,Custom Basket,MAZKQ057TVBGQAZS,True
CUSTOM_BASKETS_LEVELS,Factor,Broad / Cross-sector,Growth,Asia,GSXAMFGL,GS Japan Growth Long,JPY,Custom Basket,MAZMT232C8KT3GGE,False
CUSTOM_BASKETS_LEVELS,Other / Review,Broad / Cross-sector,,Americas,GSXUDDIS,GSXUDDIS,USD,Custom Basket,MAZMYGMDX950SXXP,True
CUSTOM_BASKETS_LEVELS,Other / Review,Broad / Cross-sector,,Americas,GSXUDEBT,GS HY Debt Sensitivity,USD,Custom Basket,MAZNC57YVYTGR0KF,True
CUSTOM_BASKETS_LEVELS,Other / Review,Broad / Cross-sector,,Europe,GSCMMLNH,GS Metlen Hedge,EUR,Custom Basket,MAZNETCZX5JCE5QC,True
CUSTOM_BASKETS_LEVELS,Factor,Broad / Cross-sector,Momentum,Asia,GSXAJMSL,GS High Beta ST MOMO Lon,JPY,Custom Basket,MAZNT6HV579RKGH1,False
CUSTOM_BASKETS_LEVELS,Other / Review,Broad / Cross-sector,,Europe,GSXEBFWS,EU Pure Lo News Senti,EUR,Custom Basket,MAZNT8MG7DEVT8JB,True
CUSTOM_BASKETS_LEVELS,Factor,Broad / Cross-sector,Profitability,Americas,GSXUWFPS,GS US Wolfe Low Prof,USD,Custom Basket,MAZP81VKN4XNM1DS,False
CUSTOM_BASKETS_LEVELS,Theme,Broad / Cross-sector,AI,Asia,GSXAJPAI,GS Japan AI,JPY,Custom Basket,MAZPACBT3WT5MDTB,False
CUSTOM_BASKETS_LEVELS,Theme,TMT / Tech,Profitability Theme (Profitable vs Nonprofitable),Americas,GSCBNOPL,Secular Non-Profit. Tech,USD,Custom Basket,MAZQ9VRBAGRY7Q4B,False
CUSTOM_BASKETS_LEVELS,Other / Review,Broad / Cross-sector,,Europe,GSCMRSWH,GS Renishaw Hedge,GBP,Custom Basket,MAZR4Q5P9JZWGCE7,True
CUSTOM_BASKETS_LEVELS,Sector Factor,Industrials,Crowding,Americas,GSINWFCL,GS US INL Crowding Long,USD,Custom Basket,MAZS1Q1DY0ZDW6X1,False
CUSTOM_BASKETS_LEVELS,Theme,TMT / Tech,TMT,Americas,GSTMWFIS,GS US TMT Low Short Int,USD,Custom Basket,MAZSDC5NTQK46NW0,False
CUSTOM_BASKETS_LEVELS,Theme,Broad / Cross-sector,China / Supply Chain,Europe,GSCBCLAG,GS EU China Laggards,EUR,Custom Basket,MAZSERBFC3NZ2BGS,False
CUSTOM_BASKETS_LEVELS,Other / Review,Consumer,,Europe,GSCBCSPR,GS EU Consumers Priority,EUR,Custom Basket,MAZT7KKPXTWCW6H8,True
CUSTOM_BASKETS_LEVELS,Other / Review,Broad / Cross-sector,,Americas,GSXFMXDO,GS MX Domestics (USD),USD,Custom Basket,MAZTAZGWX1ZPWX15,True
CUSTOM_BASKETS_LEVELS,Other / Review,Consumer,,Asia,GSXAICOS,GS India Mass Cons.,INR,Custom Basket,MAZW0MKQWZDZPNJZ,True
CUSTOM_BASKETS_LEVELS,Other / Review,Broad / Cross-sector,,Europe,GSCMDPHL,GS Dechra Hedge,GBP,Custom Basket,MAZWEV8NW8JRNWPB,True
CUSTOM_BASKETS_LEVELS,Factor,Broad / Cross-sector,Size,Asia,GSXAKSIL,GS Korea Size (HB) Long,KRW,Custom Basket,MAZWR9Q024DB0BCY,False
CUSTOM_BASKETS_LEVELS,Theme,Broad / Cross-sector,Reopening / Reflation,Europe,GSXEISRI,GS Israeli Recovery,ILS,Custom Basket,MAZXFE07P4AQ4E62,False
CUSTOM_BASKETS_LEVELS,Other / Review,Broad / Cross-sector,,Europe,GSCMAKTR,GS Aktor SA Hedge,EUR,Custom Basket,MAZXNSQ3C684W96Q,True
CUSTOM_BASKETS_LEVELS,Other / Review,Broad / Cross-sector,,Europe,GSXEHLIW,GS EU Wolfe High Liquid,EUR,Custom Basket,MAZXRJXKRSA3YF4Y,True
CUSTOM_BASKETS_LEVELS,Theme,Broad / Cross-sector,AI,Americas,GSCBCCAI,GS China AI ADRs,USD,Custom Basket,MAZY0S72Z7STKXB4,False
CUSTOM_BASKETS_LEVELS,Other / Review,Broad / Cross-sector,,Europe,GSCMDAXL,German Basket ex Linde,EUR,Custom Basket,MAZY876E9S4GMD86,True
CUSTOM_BASKETS_LEVELS,Other / Review,Broad / Cross-sector,,Europe,GSCMPHPH,GS Primary Health Hedge,GBP,Custom Basket,MAZYA3127YA1XA4D,True
CUSTOM_BASKETS_LEVELS,Theme,Broad / Cross-sector,China / Supply Chain,Asia,GSCBCHEP,GS China-H US Exposed,HKD,Custom Basket,MAZYK3AXJF72M4XG,False
CUSTOM_BASKETS_LEVELS,Other / Review,Broad / Cross-sector,,Europe,GSXEBRIC,GS EU Emerging Markets,EUR,Custom Basket,MAZYKBZC91GZ03DE,True
CUSTOM_BASKETS_LEVELS,Other / Review,Broad / Cross-sector,,Europe,GSQIEFXS,EUR USD Short Leg,EUR,Custom Basket,MAZZAHMZ1T3NVC3W,True
CUSTOM_BASKETS_LEVELS,Factor,Broad / Cross-sector,Volatility,Europe,GSXEBFRS,EU Pure Lo Residual Vol,EUR,Custom Basket,MAZZQ6SZG0GCQW7M,False
RESEARCH_BASKETS_LEVELS,Other / Review,Broad / Cross-sector,,Americas,GSSBDDEF,Domestic Defensives,USD,Research Basket,MA01JTSSW3QNEQWD,True
RESEARCH_BASKETS_LEVELS,Factor,Broad / Cross-sector,Beta,Americas,GSTHBTF7,Dual Beta Jan 17,USD,Research Basket,MA02KTV7TWSAP1JN,False
RESEARCH_BASKETS_LEVELS,Other / Review,Broad / Cross-sector,,Europe,GSSBOPEX,EU Short Cycle [OPEX],EUR,Research Basket,MA038CKT36VNAQH6,True
RESEARCH_BASKETS_LEVELS,Theme,Broad / Cross-sector,Healthcare Innovation,Europe,GSSBPHAR,EU Pharmaceuticals,EUR,Research Basket,MA09HDZJMB7SRW98,False
RESEARCH_BASKETS_LEVELS,Theme,Broad / Cross-sector,Buybacks / Capital Return,Americas,GSTHREJ7,Buybacks Apr 2017,USD,Research Basket,MA09S5NJ76T8EXDX,False
RESEARCH_BASKETS_LEVELS,Other / Review,Broad / Cross-sector,,Americas,GSEMHALO,GS EM Capital Intensive,USD,Research Basket,MA0AEVPBX271K7YV,True
RESEARCH_BASKETS_LEVELS,Theme,Broad / Cross-sector,Balance Sheet Strength,Americas,GSIPBALS,Balance Sheet Short,USD,Research Basket,MA0AFJ05R3T66X98,False
RESEARCH_BASKETS_LEVELS,Theme,Broad / Cross-sector,China / Supply Chain,Americas,GSEMCHNA,EM China Sales Exposure,USD,Research Basket,MA0AVA5FW368YA9W,False
RESEARCH_BASKETS_LEVELS,Factor,Broad / Cross-sector,Growth,Americas,GSMEFLGR,Growth factor long,USD,Research Basket,MA0FE612CX4Q8T09,False
RESEARCH_BASKETS_LEVELS,Other / Review,Utilities,,Europe,GSSBUTUR,EU Utilities Unregulated,EUR,Research Basket,MA0GHM1D9QBDW59R,True
RESEARCH_BASKETS_LEVELS,Other / Review,Broad / Cross-sector,,Americas,GSIPINTS,Integrated Factor Short,USD,Research Basket,MA0JQ3JEBEXABA8Z,True
RESEARCH_BASKETS_LEVELS,Other / Review,Broad / Cross-sector,,Americas,GSIPCROS,CROCI Short,USD,Research Basket,MA0JZZPDY8KJ7YBK,True
RESEARCH_BASKETS_LEVELS,Other / Review,Broad / Cross-sector,,Americas,,GIR trade idea EUR/NOK,USD,Research Basket,MA0M6HQ7C2CFMPRG,True
RESEARCH_BASKETS_LEVELS,Other / Review,Industrials,,Asia,GSINMCMB,India Midcap Multibagger,INR,Research Basket,MA0NXRQKZX0RA7SG,True
RESEARCH_BASKETS_LEVELS,Other / Review,Broad / Cross-sector,,Americas,GSIPPERL,PE Long,USD,Research Basket,MA0PH2EZ6FCCN83S,True
RESEARCH_BASKETS_LEVELS,Other / Review,Broad / Cross-sector,,Europe,GSSBGRES,EU German Residential,EUR,Research Basket,MA0PYMAMVJBBXR03,True
RESEARCH_BASKETS_LEVELS,Factor,Broad / Cross-sector,Dividend / Yield,Americas,GSIPDIVS,Dividend Yield Short,USD,Research Basket,MA0SM6V3TYE3F0B5,False
RESEARCH_BASKETS_LEVELS,Other / Review,Broad / Cross-sector,,Europe,GSECAUTS,static GSECAUTS,EUR,Research Basket,MA0VH2N2FX9JF20H,True
RESEARCH_BASKETS_LEVELS,Theme,Broad / Cross-sector,China / Supply Chain,Asia,GSSZCNIA,China Investment Cyclical Alpha,HKD,Research Basket,MA0XY1A26AETXCKY,False
RESEARCH_BASKETS_LEVELS,Other / Review,Broad / Cross-sector,,Americas,GSTHHLK7,HF SPX Low May 2017,USD,Research Basket,MA0Y86YWMYMJFHRR,True
RESEARCH_BASKETS_LEVELS,Other / Review,Broad / Cross-sector,,Americas,GSSZSERV,AeJ StrngEarnig Revision,USD,Research Basket,MA165DCXT1XGGM84,True
RESEARCH_BASKETS_LEVELS,Other / Review,Broad / Cross-sector,,Asia,GSSRINSU,GS JP Insurance,JPY,Research Basket,MA16RBW0748T4NJ4,True
RESEARCH_BASKETS_LEVELS,Theme,Broad / Cross-sector,Rates Sensitivity,Americas,GSSZLDUR,APJ Long Duration,USD,Research Basket,MA17HVGNG3Y5YK53,False
RESEARCH_BASKETS_LEVELS,Factor,Broad / Cross-sector,Short Interest,Americas,GSIPSHOS,Short Interest Short,USD,Research Basket,MA17VHP89WWVFWE0,False
RESEARCH_BASKETS_LEVELS,Other / Review,Broad / Cross-sector,,Americas,GSTHMFOW,Mutual Fund OW (US),USD,Research Basket,MA19KCN2M5DGWBGD,True
RESEARCH_BASKETS_LEVELS,Other / Review,Broad / Cross-sector,,Asia,GSSZCOMO,GS AEJ Commodity-Related,USD,Research Basket,MA1ADXD6WBPRNVWF,True
RESEARCH_BASKETS_LEVELS,Other / Review,Broad / Cross-sector,,Europe,GSCBCHEL,GSCBCHEL1,EUR,Research Basket,MA1AS3EWJRKV85F0,True
RESEARCH_BASKETS_LEVELS,Other / Review,Broad / Cross-sector,,Asia,GSSRBANK,GS JP Banks,JPY,Research Basket,MA1AXX4WZ91ZP6EY,True
RESEARCH_BASKETS_LEVELS,Theme,Broad / Cross-sector,China / Supply Chain,Asia,GSSZCNCA,China Consumption Cyclical Alpha,CNY,Research Basket,MA1DNXTAK7X8CCH5,False
RESEARCH_BASKETS_LEVELS,Other / Review,Broad / Cross-sector,,Europe,GSTRCN2L,.GSTRCN2L,EUR,Research Basket,MA1GE1DPAW5QYM0P,True
RESEARCH_BASKETS_LEVELS,Other / Review,Industrials,,Europe,GSSBCHIN,EU Chemicals Industrial,EUR,Research Basket,MA1JXJVZ68BP9P5E,True
RESEARCH_BASKETS_LEVELS,Other / Review,Broad / Cross-sector,,Europe,GSSBTOBA,EU Tobacco,EUR,Research Basket,MA1K18CNM6T2YA5H,True
RESEARCH_BASKETS_LEVELS,Other / Review,Broad / Cross-sector,,Europe,GSSBOILE,EU Oil & Gas E&P,GBP,Research Basket,MA1M3CF66JZV58GA,True
RESEARCH_BASKETS_LEVELS,Other / Review,Broad / Cross-sector,,Europe,GSSBOILS,EU Oil & Gas Services,EUR,Research Basket,MA1NAHFGPMHGQCVZ,True
RESEARCH_BASKETS_LEVELS,Other / Review,Broad / Cross-sector,,Asia,GSSZTDIV,GS Twn Secure Hi Div,USD,Research Basket,MA1NMBFN5ED0DZAE,True
RESEARCH_BASKETS_LEVELS,Other / Review,Broad / Cross-sector,,Europe,GSSBALTM,EU Alternative AM,EUR,Research Basket,MA1SFPA3H4366651,True
RESEARCH_BASKETS_LEVELS,Other / Review,Real Estate,,Europe,GSSBREUK,EU Real Estate - UK,GBP,Research Basket,MA1TEZREEA5JGNH1,True
RESEARCH_BASKETS_LEVELS,Other / Review,Broad / Cross-sector,,Americas,GSSUSES4,GS SUSTAIN E&S Qntle 4,USD,Research Basket,MA1V8PGSHWCPPD56,True
RESEARCH_BASKETS_LEVELS,Other / Review,Broad / Cross-sector,,Asia,GSSZJDIV,GS JP Secure Hi Div,JPY,Research Basket,MA1YCJJ0C6F33QSR,True
RESEARCH_BASKETS_LEVELS,Other / Review,Broad / Cross-sector,,Americas,GSTHHVQ3,Parent ticker: GSTHHVIP,USD,Research Basket,MA206NHN3MCDQ1ME,True
RESEARCH_BASKETS_LEVELS,Other / Review,Broad / Cross-sector,,Asia,GSSZCOMS,GS AEJ Commodity Related 1,USD,Research Basket,MA20K1DD8C3VH380,True
RESEARCH_BASKETS_LEVELS,Sector Factor,Consumer,Growth,Europe,GSTCECGS,GS EU CONSUMER GROWTH SHORT,EUR,Research Basket,MA23SNB638QM15TA,False
RESEARCH_BASKETS_LEVELS,Theme,Broad / Cross-sector,Rates Sensitivity,Americas,GSTHLDUR,Long Duration,USD,Research Basket,MA242CNA8X74ECGG,False
RESEARCH_BASKETS_LEVELS,Other / Review,Broad / Cross-sector,,Americas,GSIPEVES,EV / EBITDA Short,USD,Research Basket,MA24V4MF2B669SM6,True
RESEARCH_BASKETS_LEVELS,Other / Review,Broad / Cross-sector,,Asia,GSSZINIS,GS India Infra Spend,INR,Research Basket,MA27R8QMCSMYEP39,True
RESEARCH_BASKETS_LEVELS,Other / Review,Broad / Cross-sector,,Europe,GSSBLUXG,EU Luxury Goods,EUR,Research Basket,MA288N22V56YN0QJ,True
RESEARCH_BASKETS_LEVELS,Other / Review,Broad / Cross-sector,,Asia,GSJPINTR,GS Japan International,JPY,Research Basket,MA28ZQQJE35DYQ25,True
RESEARCH_BASKETS_LEVELS,Other / Review,Broad / Cross-sector,,Europe,GSSBGAMI,EU Gaming,GBP,Research Basket,MA2CWY7Q0KVS4BAV,True
RESEARCH_BASKETS_LEVELS,Other / Review,Health Care,,Americas,GSGLGHS7,HC Strategic MA Series 7,USD,Research Basket,MA2D2A49FGXNW9T1,True
RESEARCH_BASKETS_LEVELS,Other / Review,Broad / Cross-sector,,Americas,GSSUSES5,GS SUSTAIN E&S Bot Qntle,USD,Research Basket,MA2FH5CFP9F38J9F,True
RESEARCH_BASKETS_LEVELS,Other / Review,TMT / Tech,,Europe,GSSBITSE,EU IT Services,EUR,Research Basket,MA2FWAA20JR47S4G,True
RESEARCH_BASKETS_LEVELS,Other / Review,Broad / Cross-sector,,Americas,GSSBCYN4,Parent ticker: GSSBCYCL,USD,Research Basket,MA2J62RSPP7BJBGX,True
RESEARCH_BASKETS_LEVELS,Other / Review,Broad / Cross-sector,,Europe,GSSTMARG,EU High & Stable Margins,EUR,Research Basket,MA2KSHN7YCZ1WRYQ,True
RESEARCH_BASKETS_LEVELS,Other / Review,Broad / Cross-sector,,Americas,GSCBVSG8,VSG8,USD,Research Basket,MA2RJY7DT7773QEQ,True
RESEARCH_BASKETS_LEVELS,Other / Review,Broad / Cross-sector,,Asia,GSGLST50,GS Sustain,USD,Research Basket,MA2SVRKEBHWKY4Q1,True
RESEARCH_BASKETS_LEVELS,Theme,Broad / Cross-sector,Labor / Wage,Americas,GSTHLLJ6,Low Labor Apr 2016,USD,Research Basket,MA2SXDBT63KK2RZM,False
RESEARCH_BASKETS_LEVELS,Other / Review,Broad / Cross-sector,,Europe,GSSTAMER,EU US Exposure,EUR,Research Basket,MA2WGFB0QDYYRNGK,True
RESEARCH_BASKETS_LEVELS,Other / Review,Broad / Cross-sector,,Europe,GSTRBRAN,GS Europe Brand Producer,EUR,Research Basket,MA327D6S3ZCFX4EW,True
RESEARCH_BASKETS_LEVELS,Other / Review,Broad / Cross-sector,,Europe,GSCBCHGS,GSCBCHGSc,GBP,Research Basket,MA33RFVRZDQAN5Q5,True
RESEARCH_BASKETS_LEVELS,Factor,Broad / Cross-sector,Momentum,Americas,GSIPMOML,Momentum Factor Long,USD,Research Basket,MA34EHGP1M43KPWE,False
RESEARCH_BASKETS_LEVELS,Factor,Broad / Cross-sector,Momentum,Americas,GSSZSMOM,APJ Strong Momentum,USD,Research Basket,MA36ERA3SH3PHCKW,False
RESEARCH_BASKETS_LEVELS,Other / Review,Broad / Cross-sector,,Americas,GSTHHVX6,GSTHHVX6,USD,Research Basket,MA37CKDYTHZY69B0,True
RESEARCH_BASKETS_LEVELS,Other / Review,Broad / Cross-sector,,Americas,GSTHCXJ6,High Capex and RD Apr16,USD,Research Basket,MA37DNMMQGG2XXW0,True
RESEARCH_BASKETS_LEVELS,Other / Review,Broad / Cross-sector,,Americas,GSTHHHU5,HF SPX High Aug 2015,USD,Research Basket,MA38TSGBAG9VXW97,True
RESEARCH_BASKETS_LEVELS,Factor,Broad / Cross-sector,Momentum,Americas,GSHDGMML,Momentum Long June 17,USD,Research Basket,MA39E3GMS9RXPHYF,False
RESEARCH_BASKETS_LEVELS,Other / Review,Broad / Cross-sector,,Americas,GSTHSEA7,Overseas Cash 2017,USD,Research Basket,MA3AGVZ22WFXM0R5,True
RESEARCH_BASKETS_LEVELS,Other / Review,Broad / Cross-sector,,Americas,GSTHBRIC,EM Sales,USD,Research Basket,MA3DGNHF6J3CSMVG,True
RESEARCH_BASKETS_LEVELS,Other / Review,Broad / Cross-sector,,Americas,GSSBCYM3,Parent ticker: GSSBCYCL,USD,Research Basket,MA3JDSWKAVG0C3S4,True
RESEARCH_BASKETS_LEVELS,Other / Review,Broad / Cross-sector,,Americas,GSTHHHQ6,GSTHHHQ6,USD,Research Basket,MA3KE00HWKDDQVZG,True
RESEARCH_BASKETS_LEVELS,Other / Review,Broad / Cross-sector,,Americas,GSSBDEN5,GSSB DEFS STATIC JUL15,USD,Research Basket,MA3SFF0FKQPMSB5W,True
RESEARCH_BASKETS_LEVELS,Theme,Broad / Cross-sector,Buybacks / Capital Return,Americas,GSCBREJ5,Buybacks Apr 2015 - PR,USD,Research Basket,MA3T17J41V8JPKRX,False
RESEARCH_BASKETS_LEVELS,Other / Review,Broad / Cross-sector,,Americas,GSRHLFCF,Low FCF Stocks,USD,Research Basket,MA3T4AX09BVDXN2E,True
RESEARCH_BASKETS_LEVELS,Other / Review,Broad / Cross-sector,,Americas,GSTHHTF7,Jan 17 High Tax,USD,Research Basket,MA3TFKC6NM96Q021,True
RESEARCH_BASKETS_LEVELS,Other / Review,Broad / Cross-sector,,Americas,GSTHMOQ5,MF Overweights Aug 2015,USD,Research Basket,MA3XA0DYPS84X4GX,True
RESEARCH_BASKETS_LEVELS,Other / Review,Broad / Cross-sector,,Americas,GSRHGOV7,Government Exposed 9/18,USD,Research Basket,MA3XKF48FWVEYXXV,True
RESEARCH_BASKETS_LEVELS,Other / Review,Broad / Cross-sector,,Americas,GSCBHYGB,GSCBHYGB,USD,Research Basket,MA40P0SZ7RSMK601,True
RESEARCH_BASKETS_LEVELS,Other / Review,Broad / Cross-sector,,Americas,GSTHLTA6,GSTHLTA6,USD,Research Basket,MA40PNDM6V7QWH8M,True
RESEARCH_BASKETS_LEVELS,Theme,Broad / Cross-sector,HF / Positioning Theme,Americas,GSTHHVK6,Hedge Fund VIP May 2016,USD,Research Basket,MA40YS2XFMCN2G0G,False
RESEARCH_BASKETS_LEVELS,Other / Review,Broad / Cross-sector,,Europe,GSDUSPA1,Spain,EUR,Research Basket,MA42N3C2TJ51KMP1,True
RESEARCH_BASKETS_LEVELS,Factor,Broad / Cross-sector,Beta,Americas,GSTHBTM8,Dual Beta June 18,USD,Research Basket,MA45TJRXGV7SPD86,False
RESEARCH_BASKETS_LEVELS,Other / Review,Broad / Cross-sector,,Americas,GSGLGH13,GSGLGH13,USD,Research Basket,MA464DBATXHKMEJW,True
RESEARCH_BASKETS_LEVELS,Other / Review,Broad / Cross-sector,,Americas,GSSZRFAV,AeJ Retail Favor Stocks,USD,Research Basket,MA46DRJ615CXE9E3,True
RESEARCH_BASKETS_LEVELS,Other / Review,Broad / Cross-sector,,Asia,GSJPASIA,GS Japan Asia Exposed,JPY,Research Basket,MA49YXA2ECZ8K9D0,True
RESEARCH_BASKETS_LEVELS,Other / Review,Broad / Cross-sector,,Americas,GSSZMFOW,AeJ Mutual Fund OW,USD,Research Basket,MA4AT7FS78ERTV83,True
RESEARCH_BASKETS_LEVELS,Factor,Broad / Cross-sector,Growth,Americas,GSWFDELD,Wavefront Growth Shorts (GSWBGDPA is pair ticker),USD,Research Basket,MA4B66MW5E27U8P2H4A,False
RESEARCH_BASKETS_LEVELS,Factor,Broad / Cross-sector,Growth,Americas,GSWFGRLD,Wavefront Growth Longs (GSWBGDPA is pair ticker),USD,Research Basket,MA4B66MW5E27U8P2H4E,False
RESEARCH_BASKETS_LEVELS,Other / Review,Broad / Cross-sector,,Americas,GSTHAIN8,Domestic Sales 2018,USD,Research Basket,MA4B6P7EF8XKHKVZ,True
RESEARCH_BASKETS_LEVELS,Other / Review,Broad / Cross-sector,,Americas,GSSBGOOD,S&P 500 Goods,USD,Research Basket,MA4DJGX4XPVTDPFV,True
RESEARCH_BASKETS_LEVELS,Other / Review,Financials,,Americas,,GS Wavefront Financial Conditions Basket,USD,Research Basket,MA4EP21FCNG2GWYG,True
RESEARCH_BASKETS_LEVELS,Other / Review,Broad / Cross-sector,,Americas,GSSZMSDC,Domestic Cyclicals (AeJ),USD,Research Basket,MA4GYR1RJZ2G0733,True
RESEARCH_BASKETS_LEVELS,Factor,Broad / Cross-sector,Growth,Europe,GSSTHGIR,EU High Growth Invest,EUR,Research Basket,MA4JR4AJS34V4JB1,False
RESEARCH_BASKETS_LEVELS,Other / Review,Broad / Cross-sector,,Americas,GSRH4Q7L,Earnings Tactical Long,USD,Research Basket,MA4M1HQEMSN944KS,True
RESEARCH_BASKETS_LEVELS,Other / Review,Broad / Cross-sector,,Asia,GSSZJSDC,GS JP Domestic Cyclicals,JPY,Research Basket,MA4MK7HAMCYY390T,True
RESEARCH_BASKETS_LEVELS,Other / Review,Broad / Cross-sector,,Americas,GSTHINT7,Intl Sales 7,USD,Research Basket,MA4NPGHWDZHKP51E,True
RESEARCH_BASKETS_LEVELS,Other / Review,Broad / Cross-sector,,Asia,GSJPCYCL,GS Japan Cyclicals,JPY,Research Basket,MA4PZPC563MNHP2M,True
RESEARCH_BASKETS_LEVELS,Theme,Broad / Cross-sector,China / Supply Chain,Asia,GSSZCRFM,GS China Reform Basket,HKD,Research Basket,MA4Q3RXCPAM2XR8Y,False
RESEARCH_BASKETS_LEVELS,Other / Review,Broad / Cross-sector,,Americas,GSTHOHU5,High Op Lev Sep 2015,USD,Research Basket,MA4S45MHD8H9AXJ6,True
RESEARCH_BASKETS_LEVELS,Other / Review,Broad / Cross-sector,,Americas,GSRHOILX,Oil Input Cost Exposure,USD,Research Basket,MA4W070G2EJPCEP4,True
RESEARCH_BASKETS_LEVELS,Other / Review,Broad / Cross-sector,,Americas,GSEMMFOW,EM Mutual Fund OW,USD,Research Basket,MA4XFNY9N7CV3W2S,True
RESEARCH_BASKETS_LEVELS,Other / Review,Health Care,,Americas,GSRHHCGX,HC Govt Policy Exposure,USD,Research Basket,MA4YF76RJ9QNHYD9,True
RESEARCH_BASKETS_LEVELS,Other / Review,Broad / Cross-sector,,Americas,GSTHREV8,GSTHREV8,USD,Research Basket,MA548QVYDGPG5995,True
RESEARCH_BASKETS_LEVELS,Other / Review,Broad / Cross-sector,,Americas,GSTHMOZ4,MF Overweights Dec 2014,USD,Research Basket,MA56T2Z0JF9BKKVS,True
RESEARCH_BASKETS_LEVELS,Other / Review,Broad / Cross-sector,,Asia,GSSZASE2,GS ASEAN Alpha CAT 2,USD,Research Basket,MA56VE4RQSY6V856,True
RESEARCH_BASKETS_LEVELS,Theme,Broad / Cross-sector,China / Supply Chain,Asia,GSJPCHN2,GS Japan China exposed CAT,JPY,Research Basket,MA57VHDJG2VQJ3DS,False
RESEARCH_BASKETS_LEVELS,Theme,Consumer,China / Supply Chain,Asia,GSSZCNCO,China Offshore Favorite Consumer Themes,USD,Research Basket,MA596R9PVDMXWV2H,False
RESEARCH_BASKETS_LEVELS,Theme,Broad / Cross-sector,China / Supply Chain,Asia,GSJPCHCS,GS Jpn China-consumption,JPY,Research Basket,MA5A5C8TGPGDFFTM,False
RESEARCH_BASKETS_LEVELS,Other / Review,Broad / Cross-sector,,Asia,GSSZHKOR,Goldman Sachs HK Office and Retail CAT,HKD,Research Basket,MA5ATV2M2Z6CG2D3,True
RESEARCH_BASKETS_LEVELS,Other / Review,Broad / Cross-sector,,Americas,GSTHREV3,Parent ticker: GSTHREPO,USD,Research Basket,MA5DBEVMS6KZNX1F,True
RESEARCH_BASKETS_LEVELS,Other / Review,Broad / Cross-sector,,Americas,GSSBDEM3,Parent ticker: GSSBCYCL,USD,Research Basket,MA5EGNEX81MFQTPD,True
RESEARCH_BASKETS_LEVELS,Other / Review,Utilities,,Europe,GSHOSX6E,Horizon Utilities,EUR,Research Basket,MA5JJQ10T3VTAMFG,True
RESEARCH_BASKETS_LEVELS,Other / Review,Broad / Cross-sector,,Europe,GSSBHOLR,EU Hospitality & Leisure,EUR,Research Basket,MA5KGFG35NSBT9H4,True
RESEARCH_BASKETS_LEVELS,Other / Review,Broad / Cross-sector,,Americas,GSRHBBE8,High UFCF / BBEB S8,USD,Research Basket,MA5MB8D5V9H6TV90,True
RESEARCH_BASKETS_LEVELS,Other / Review,Broad / Cross-sector,,Americas,GSVSMOMT,Custom GSVSMOMT,USD,Research Basket,MA5QNY3W97QTGHSG,True
RESEARCH_BASKETS_LEVELS,Other / Review,Broad / Cross-sector,,Europe,GSSBMEPU,EU Media - Publishers,EUR,Research Basket,MA5WVQGYB4VF88VE,True
RESEARCH_BASKETS_LEVELS,Factor,Broad / Cross-sector,Growth,Europe,GSSTGROW,EU Pure Growth,EUR,Research Basket,MA5X6X8AC77NQ64Q,False
RESEARCH_BASKETS_LEVELS,Other / Review,Broad / Cross-sector,,Americas,GSIPPBRL,Price / Book Long,USD,Research Basket,MA5XFD49YQXNRM0B,True
RESEARCH_BASKETS_LEVELS,Theme,Health Care,HF / Positioning Theme,Americas,GSCBHHQ5,GS HF VIP HC ONLY AUG15,USD,Research Basket,MA60YKCMW5YY90KY,False
RESEARCH_BASKETS_LEVELS,Other / Review,Broad / Cross-sector,,Americas,GSTHHAIR,High Asset Intensity,USD,Research Basket,MA60YX6JWJBYFMWS,True
RESEARCH_BASKETS_LEVELS,Other / Review,Broad / Cross-sector,,Americas,GSRHAC15,M&A Candidates,USD,Research Basket,MA610AFCXF9BKGA0,True
RESEARCH_BASKETS_LEVELS,Other / Review,Broad / Cross-sector,,Americas,GSTHDGK3,Parent ticker: GSTHDIVG,USD,Research Basket,MA64R8M5K9KVP4AZ,True
RESEARCH_BASKETS_LEVELS,Other / Review,Broad / Cross-sector,,Americas,GSIPROCS,ROCE Short,USD,Research Basket,MA681DJXY4YAW0RX,True
RESEARCH_BASKETS_LEVELS,Sector Factor,Financials,Leverage,Europe,GSSTFNLV,Financial Leverage,EUR,Research Basket,MA68V8KX9VR3APYM,False
RESEARCH_BASKETS_LEVELS,Other / Review,Broad / Cross-sector,,Europe,GSSBTRAA,EU Airlines,EUR,Research Basket,MA6A8NB43EGWC1VX,True
RESEARCH_BASKETS_LEVELS,Other / Review,Broad / Cross-sector,,Americas,GSSUSES2,GS SUSTAIN E&S Qntle 2,USD,Research Basket,MA6BDNQDYXJFXRFD,True
RESEARCH_BASKETS_LEVELS,Other / Review,Broad / Cross-sector,,Europe,GSSTDEFS,EU Defensives,EUR,Research Basket,MA6DCZDET51X8QH7,True
RESEARCH_BASKETS_LEVELS,Other / Review,Broad / Cross-sector,,Americas,GSTHMUK6,MF Underweights May2016,USD,Research Basket,MA6ET6GZP0T0XT6E,True
RESEARCH_BASKETS_LEVELS,Other / Review,Broad / Cross-sector,,Americas,GSRHBB13,GIR BOND BUYER 13 TR,USD,Research Basket,MA6JX2Z6NMPRZS98,True
RESEARCH_BASKETS_LEVELS,Other / Review,Broad / Cross-sector,,Americas,GSTHMOK7,MF Overweights May 2017,USD,Research Basket,MA6KETB7TTP7EMAR,True
RESEARCH_BASKETS_LEVELS,Other / Review,Health Care,,Americas,GSGLGH12,HC Strategic Assets,USD,Research Basket,MA6KVKZE1EAZMJW3,True
RESEARCH_BASKETS_LEVELS,Factor,Broad / Cross-sector,Dividend / Yield,Americas,GSTHLACF,Low Adjusted FCF Yield,USD,Research Basket,MA6P8XZ5MGEEMZ8N,False
RESEARCH_BASKETS_LEVELS,Factor,Broad / Cross-sector,Momentum,Americas,GSMEFLMM,Momentum Factor Long,USD,Research Basket,MA6YRG92QG108NZW,False
RESEARCH_BASKETS_LEVELS,Other / Review,Broad / Cross-sector,,Americas,GSTHHTAX,High Tax,USD,Research Basket,MA6ZQHF3X52FRRQ8,True
RESEARCH_BASKETS_LEVELS,Other / Review,Broad / Cross-sector,,Americas,GSTHWBF8,Weak Bal Sheet Jan18,USD,Research Basket,MA70ZP97758HJZBZ,True
RESEARCH_BASKETS_LEVELS,Other / Review,Broad / Cross-sector,,Asia,GSSZGARD,GSSZGARD,USD,Research Basket,MA717E7C6JVZK3CQ,True
RESEARCH_BASKETS_LEVELS,Other / Review,Broad / Cross-sector,,Americas,GSMEMLH6,GS MEF LONG MOM MAR 16,USD,Research Basket,MA717FX0MS2JS4F5,True
RESEARCH_BASKETS_LEVELS,Theme,Broad / Cross-sector,Labor / Wage,Americas,GSTHLLK7,Low Labor May 2017,USD,Research Basket,MA71EHYZ9NNA4JG2,False
RESEARCH_BASKETS_LEVELS,Other / Review,Broad / Cross-sector,,Americas,GSRHEU03,GIR SMID EMEA Exposure,USD,Research Basket,MA71HC95DWCXHZ6X,True
RESEARCH_BASKETS_LEVELS,Other / Review,Broad / Cross-sector,,Americas,GSSZLMGN,APJ Low &Volatile Margin,USD,Research Basket,MA72QP5PX96HV1KN,True
RESEARCH_BASKETS_LEVELS,Factor,Broad / Cross-sector,Momentum,Americas,GSMEFLX7,Momentum Factor L Dec 17,USD,Research Basket,MA73JDA8PXXWCCQK,False
RESEARCH_BASKETS_LEVELS,Other / Review,Broad / Cross-sector,,Europe,GSSTDMGR,DM Cyclically Exposed,EUR,Research Basket,MA740MM5VT0DMPPT,True
RESEARCH_BASKETS_LEVELS,Other / Review,Broad / Cross-sector,,Europe,GSDUITA1,Italy,EUR,Research Basket,MA74FC4J0WGDKES8,True
RESEARCH_BASKETS_LEVELS,Other / Review,Broad / Cross-sector,,Europe,GSSBPAPE,EU Paper & Forest,EUR,Research Basket,MA74VYFPXZ9Q7WJ5,True
RESEARCH_BASKETS_LEVELS,Other / Review,Broad / Cross-sector,,Americas,GSSZADEF,APxJ Aerospace & Defense,USD,Research Basket,MA74ZAJZPRBMMYGM,True
RESEARCH_BASKETS_LEVELS,Other / Review,Broad / Cross-sector,,Americas,GSTHTYH4,Parent ticker: GSTHUSTY,USD,Research Basket,MA75NPNJ527RCHCQ,True
RESEARCH_BASKETS_LEVELS,Other / Review,Broad / Cross-sector,,Europe,GSTROILX,EU Oil Cost exposure,EUR,Research Basket,MA76KHGBJVSKZFBG,True
RESEARCH_BASKETS_LEVELS,Other / Review,Broad / Cross-sector,,Asia,GSSZTDSP,GS Asia Top Down Stock Pick,USD,Research Basket,MA76Z95J9JYYZ2P9,True
RESEARCH_BASKETS_LEVELS,Other / Review,Broad / Cross-sector,,Europe,GSSBBKRT,EU Banks - Retail,EUR,Research Basket,MA78564TE7ZB3S3T,True
RESEARCH_BASKETS_LEVELS,Theme,Broad / Cross-sector,China / Supply Chain,Europe,GSSTCHNA,EU China Exposure,EUR,Research Basket,MA7BVB2239BXZRFC,False
RESEARCH_BASKETS_LEVELS,Other / Review,Broad / Cross-sector,,Europe,GSSTPEMU,EU Periphery Domestic,EUR,Research Basket,MA7DZE0SE01XJKZ0,True
RESEARCH_BASKETS_LEVELS,Other / Review,Broad / Cross-sector,,Americas,GSTHMUQ5,MF Underweights Aug15,USD,Research Basket,MA7E9TD0ZF68JRPY,True
RESEARCH_BASKETS_LEVELS,Other / Review,Broad / Cross-sector,,Americas,GSCBCEVS,Client Custom - VISP,USD,Research Basket,MA7EWFXWVJZH1GHY,True
RESEARCH_BASKETS_LEVELS,Theme,TMT / Tech,TMT,Americas,,TMT w Sales Exp to CAPEX,USD,Research Basket,MA7K274Z2AKF8RQT,False
RESEARCH_BASKETS_LEVELS,Other / Review,Broad / Cross-sector,,Americas,GSTHHLK6,HF SPX Low May 2016,USD,Research Basket,MA7M27N00V45F0KM,True
RESEARCH_BASKETS_LEVELS,Other / Review,Broad / Cross-sector,,Americas,GSTHHFHI,High HF Concentration,USD,Research Basket,MA7PD90RSYZS83SB,True
RESEARCH_BASKETS_LEVELS,Other / Review,Industrials,,Americas,GSRHIOI5,O&G-Levered Industrials,USD,Research Basket,MA7PKZG37YMR9F45,True
RESEARCH_BASKETS_LEVELS,Other / Review,Broad / Cross-sector,,Asia,GSJPAMRC,GS Japan America exposed,JPY,Research Basket,MA7PNYG69T6V8JRE,True
RESEARCH_BASKETS_LEVELS,Other / Review,Broad / Cross-sector,,Americas,GSSZGOUT,Asia Going Out,USD,Research Basket,MA7R1QY4R67HGW9Y,True
RESEARCH_BASKETS_LEVELS,Other / Review,Broad / Cross-sector,,Americas,GSTHSBH6,Strong Bal Sheet Mar16,USD,Research Basket,MA7Y1J2EC1K9Q7WZ,True
RESEARCH_BASKETS_LEVELS,Other / Review,Broad / Cross-sector,,Americas,GSRHBBEB,GS BOND BUYERS (TR),USD,Research Basket,MA80AK1YEYF787PM,True
RESEARCH_BASKETS_LEVELS,Other / Review,Broad / Cross-sector,,Americas,GSTHHVG4,Parent ticker: GSTHHVIP,USD,Research Basket,MA80E2G6YACHMR1Q,True
RESEARCH_BASKETS_LEVELS,Other / Review,Health Care,,Americas,GSGLGH10,US HC Strategic Assets,USD,Research Basket,MA829C21EQBYDVQA,True
RESEARCH_BASKETS_LEVELS,Other / Review,Broad / Cross-sector,,Americas,GSSZAPEU,EU exposed AEJ stocks,USD,Research Basket,MA82EJRWWB5EYGZR,True
RESEARCH_BASKETS_LEVELS,Other / Review,Broad / Cross-sector,,Americas,GSCBUSWM,% Sales In US & WMT,USD,Research Basket,MA82WQRE31QTWRV0,True
RESEARCH_BASKETS_LEVELS,Other / Review,Broad / Cross-sector,,Europe,GSSTUKIE,UK Intl Exposure,GBP,Research Basket,MA867AQ84ZQ081VX,True
RESEARCH_BASKETS_LEVELS,Other / Review,Financials,,Americas,GSRHFINX,US Fin Svcs Exposed Cos.,USD,Research Basket,MA88G71ZBFRXER10,True
RESEARCH_BASKETS_LEVELS,Theme,Consumer,China / Supply Chain,Americas,GSCNEW50,New China Nifty 50,USD,Research Basket,MA8AQ1YR2P4MFYBR,False
RESEARCH_BASKETS_LEVELS,Other / Review,Broad / Cross-sector,,Americas,GSSZDOMC,APJ Domestic Consumption,USD,Research Basket,MA8CD9XMT1FF7E0C,True
RESEARCH_BASKETS_LEVELS,Other / Review,Broad / Cross-sector,,Americas,GSSZWERV,AeJ WeakEarningsRevision,USD,Research Basket,MA8D51XGDYPAPV49,True
RESEARCH_BASKETS_LEVELS,Other / Review,Broad / Cross-sector,,Americas,GSTHWEN4,Western Eur Sales Jul14,USD,Research Basket,MA8GD8BHM4Z2R5E2,True
RESEARCH_BASKETS_LEVELS,Other / Review,Broad / Cross-sector,,Americas,GSTHWBK4,Weak Bal Sheet May 2014,USD,Research Basket,MA8H0A0B0W4YQHX7,True
RESEARCH_BASKETS_LEVELS,Other / Review,Broad / Cross-sector,,Europe,GSSBGERE,EU General Retail,EUR,Research Basket,MA8H6NS03EHGZDNP,True
RESEARCH_BASKETS_LEVELS,Other / Review,Broad / Cross-sector,,Americas,GSSZMSCC,Commodity Cyclicals AeJ,USD,Research Basket,MA8HR5CCYFHAXV73,True
RESEARCH_BASKETS_LEVELS,Other / Review,Broad / Cross-sector,,Americas,GSTHVSX6,HFVI Shorts Nov 2016,USD,Research Basket,MA8KJFBG769XNNW2,True
RESEARCH_BASKETS_LEVELS,Theme,Broad / Cross-sector,HF / Positioning Theme,Americas,GSEMVIPP,"GS EM ""VIP""",USD,Research Basket,MA8KR53GENV7DN5N,False
RESEARCH_BASKETS_LEVELS,Theme,Broad / Cross-sector,Clean Energy / ESG,Americas,GSSZEVMT,Asia Environ& Renewables,USD,Research Basket,MA8N63CTYKDSFMEN,False
RESEARCH_BASKETS_LEVELS,Other / Review,Broad / Cross-sector,,Americas,GSTHCAP1,GSTHCAPX Series 1,USD,Research Basket,MA8QCQP1DMAX8B68,True
RESEARCH_BASKETS_LEVELS,Other / Review,Broad / Cross-sector,,Americas,GSTHHITO,GS High Turnover Basket,USD,Research Basket,MA8SKSKSX1QH7RYJ,True
RESEARCH_BASKETS_LEVELS,Other / Review,Broad / Cross-sector,,Europe,GSTRINNO,GS Europe Innovators,EUR,Research Basket,MA8TH28Y6T678FXR,True
RESEARCH_BASKETS_LEVELS,Other / Review,Broad / Cross-sector,,Americas,GSCBAIN4,GSTHAINT PR JUL 2014,USD,Research Basket,MA8TPQW44A2VNHQ2,True
RESEARCH_BASKETS_LEVELS,Other / Review,Broad / Cross-sector,,Americas,GSCBSHR2,Sharpe ratio Basket PR,USD,Research Basket,MA8WKH0FC3S6KKDT,True
RESEARCH_BASKETS_LEVELS,Other / Review,Broad / Cross-sector,,Europe,GSSBMANG,EU Asset Management,EUR,Research Basket,MA8X26AJXG9NCSAJ,True
RESEARCH_BASKETS_LEVELS,Other / Review,Broad / Cross-sector,,Europe,GSSTWOMN,EU Womenomics,EUR,Research Basket,MA8YA2YB32VGMWXE,True
RESEARCH_BASKETS_LEVELS,Other / Review,Broad / Cross-sector,,Americas,GSTHCAV5,Total Cash Return Oct15,USD,Research Basket,MA8YAH6BA8FBRX0D,True
RESEARCH_BASKETS_LEVELS,Theme,Broad / Cross-sector,Buybacks / Capital Return,Americas,GSTHREV6,Buybacks Oct 2016,USD,Research Basket,MA8YHBG70FVSBESD,False
RESEARCH_BASKETS_LEVELS,Other / Review,Broad / Cross-sector,,Americas,GSEMINTL,EM Intl Exposure,USD,Research Basket,MA90WPS1GEWDBGM1,True
RESEARCH_BASKETS_LEVELS,Factor,Broad / Cross-sector,Growth,Europe,GSSTEUGR,Euro area growth basket,EUR,Research Basket,MA91Y7BY4A1BWHS5,False
RESEARCH_BASKETS_LEVELS,Other / Review,Broad / Cross-sector,,Europe,GSSBPERS,EU Personal Care,EUR,Research Basket,MA92WNQER636J965,True
RESEARCH_BASKETS_LEVELS,Other / Review,Broad / Cross-sector,,Americas,GSCBDOWN,GSCBDOWN,USD,Research Basket,MA97GCNECH43KWRK,True
RESEARCH_BASKETS_LEVELS,Other / Review,Broad / Cross-sector,,Americas,GSEMDOME,EM Domestic Exposure,USD,Research Basket,MA97NS8918M1NRB1,True
RESEARCH_BASKETS_LEVELS,Other / Review,Broad / Cross-sector,,Americas,GSCBREV4,GS REPO Oct14 PR Index,USD,Research Basket,MA97RCTM4FG0A7N7,True
RESEARCH_BASKETS_LEVELS,Other / Review,Broad / Cross-sector,,Asia,GSJPMFOW,JP Foreign Funds OW,JPY,Research Basket,MA97T034YYBXB6MN,True
RESEARCH_BASKETS_LEVELS,Other / Review,Broad / Cross-sector,,Americas,GSIPEVCL,EV / DACF Long,USD,Research Basket,MA99JZHZ1Y5E17XF,True
RESEARCH_BASKETS_LEVELS,Factor,Broad / Cross-sector,Liquidity,Americas,GSTHLLIQ,Low Liquidity,USD,Research Basket,MA99Z4P700WCMDW9,False
RESEARCH_BASKETS_LEVELS,Other / Review,Broad / Cross-sector,,Americas,GSSZTOPB,AeJ Consensus Buy,USD,Research Basket,MA9A6J9Q54K3V5ZE,True
RESEARCH_BASKETS_LEVELS,Other / Review,Broad / Cross-sector,,Americas,GSRHIOI1,GSRHIOIL - 5Jan14,USD,Research Basket,MA9APMMJ2CTW2EFS,True
RESEARCH_BASKETS_LEVELS,Other / Review,Broad / Cross-sector,,Americas,GSTHMOK6,MF Overweights May 2016,USD,Research Basket,MA9CXFW6R0H1YX0E,True
RESEARCH_BASKETS_LEVELS,Theme,Broad / Cross-sector,China / Supply Chain,Asia,GSSZCNW2,Goldman Sachs China Water II CAT,USD,Research Basket,MA9ED9Y11VFVD7GS,False
RESEARCH_BASKETS_LEVELS,Other / Review,Broad / Cross-sector,,Americas,GSCBOINP,Low Oil Input Cost Benef,USD,Research Basket,MA9EJR7RWWMH4PPG,True
RESEARCH_BASKETS_LEVELS,Other / Review,Broad / Cross-sector,,Europe,GSSTFRHT,French High Tax,EUR,Research Basket,MA9J1X6FTPAZJ6PA,True
RESEARCH_BASKETS_LEVELS,Factor,Broad / Cross-sector,Growth,Americas,GSMEFSGR,Growth factor short,USD,Research Basket,MA9JEZ0T89W8BF6A,False
RESEARCH_BASKETS_LEVELS,Other / Review,Broad / Cross-sector,,Americas,GSEMEURO,EM Europe Sales Exposure,USD,Research Basket,MA9JN0XAPWG3KEXT,True
RESEARCH_BASKETS_LEVELS,Other / Review,Consumer,,Americas,GSSZREVL,APJ Cons Revision Loser,USD,Research Basket,MA9NCA16GPKS7T9T,True
RESEARCH_BASKETS_LEVELS,Other / Review,Broad / Cross-sector,,Americas,GSSZMSFR,Rate-sensitives (AeJ),USD,Research Basket,MA9NNQ4ZTG6MQZY2,True
RESEARCH_BASKETS_LEVELS,Other / Review,Broad / Cross-sector,,Americas,GSTHSRM4,Parent ticker: GSTHSHRP,USD,Research Basket,MA9PB7XAN0N5Z7F9,True
RESEARCH_BASKETS_LEVELS,Other / Review,Broad / Cross-sector,,Asia,GSSRSECR,GS JP Securities,JPY,Research Basket,MA9PG61RRNNEFNHH,True
RESEARCH_BASKETS_LEVELS,Factor,Broad / Cross-sector,Growth,Americas,GSIPGROL,Growth Factor Long,USD,Research Basket,MA9QFSS7XMQ5V9GN,False
RESEARCH_BASKETS_LEVELS,Other / Review,Broad / Cross-sector,,Asia,GSSZTWTB,Goldman Sachs Taiwan Tablet CAT,TWD,Research Basket,MA9QRFEZBK02NY25,True
RESEARCH_BASKETS_LEVELS,Other / Review,TMT / Tech,,Americas,GSCNAIXT,DOMESTIC SALES X TECH,USD,Research Basket,MA9R08ZQNACEYTSX,True
RESEARCH_BASKETS_LEVELS,Other / Review,Broad / Cross-sector,,Americas,GSTHINT6,GSTHINT6,USD,Research Basket,MA9RBTFZ0JPB8NPG,True
RESEARCH_BASKETS_LEVELS,Other / Review,Financials,,Americas,GSWFFCSD,GS Wavefront Financial Conditions Basket,USD,Research Basket,MA9S0DX8KWX0NQAH,True
RESEARCH_BASKETS_LEVELS,Theme,Broad / Cross-sector,Buybacks / Capital Return,Americas,GSTHREPO,Buyback (US),USD,Research Basket,MA9T73S7SSG51JZH,False
RESEARCH_BASKETS_LEVELS,Factor,Broad / Cross-sector,Dividend / Yield,Americas,GSIPDIVL,Dividend Yield Long,USD,Research Basket,MA9X0D2X6ZV5RRZF,False
RESEARCH_BASKETS_LEVELS,Theme,Energy,Clean Energy / ESG,Europe,GSWDRNEW,Global Renewable Energy,USD,Research Basket,MA9X9ZF6DF3QYVY0,False
RESEARCH_BASKETS_LEVELS,Factor,Broad / Cross-sector,Growth,Americas,GSSZGROW,AeJ High Growth,USD,Research Basket,MA9ZF3T77RDXJ9N0,False
RESEARCH_BASKETS_LEVELS,Sector Factor,Consumer,Growth,Europe,GSTCUCGS,GS UK CONSUMER GROWTH SHORT,GBP,Research Basket,MAA1H3GC8D7GZBSP,False
RESEARCH_BASKETS_LEVELS,Other / Review,Financials,,Americas,GSWFFCLD,GS Wavefront Financial Conditions Basket,USD,Research Basket,MAA1M8NCTH74NNRA,True
RESEARCH_BASKETS_LEVELS,Other / Review,Consumer,,Asia,GSJPCNCL,Japan Consumer Cyclicals,JPY,Research Basket,MAA2TWX0HT8ANQRY,True
RESEARCH_BASKETS_LEVELS,Other / Review,Financials,,Asia,GSSZJSFA,GS JP Asset Financials,JPY,Research Basket,MAA4NPFMX19J3VTN,True
RESEARCH_BASKETS_LEVELS,Other / Review,Broad / Cross-sector,,Americas,GSTHHLQ4,HF SPX Low Aug 2014,USD,Research Basket,MAA4ZWGA5ZY9Q2H4,True
RESEARCH_BASKETS_LEVELS,Other / Review,Broad / Cross-sector,,Americas,GSWFOILD,Oil Longs,USD,Research Basket,MAA5Z91APE53NKBC,True
RESEARCH_BASKETS_LEVELS,Other / Review,Broad / Cross-sector,,Asia,GSJPWJDL,Japan Diversity Leaders,JPY,Research Basket,MAA61WZSSKYK10K5,True
RESEARCH_BASKETS_LEVELS,Other / Review,Broad / Cross-sector,,Americas,GSMEMLF6,GS MEF LONG MOM JAN 16,USD,Research Basket,MAA9J8DBKCDXRYMT,True
RESEARCH_BASKETS_LEVELS,Other / Review,Broad / Cross-sector,,Americas,GSSBDEF7,GSSB DEFS - Static Jan17,USD,Research Basket,MAAAC9HS3XQE6Q5R,True
RESEARCH_BASKETS_LEVELS,Other / Review,Broad / Cross-sector,,Americas,GSTHVISP,HF Very Important Shorts,USD,Research Basket,MAAB9K3SPS202CRS,True
RESEARCH_BASKETS_LEVELS,Other / Review,Broad / Cross-sector,,Americas,GSCBUPSD,GSCBUPSD,USD,Research Basket,MAAC8AJ1ZAFNAZ6B,True
RESEARCH_BASKETS_LEVELS,Other / Review,Broad / Cross-sector,,Americas,GSTHREJ8,GSTHREJ8,USD,Research Basket,MAACK2DDR15XTHKN,True
RESEARCH_BASKETS_LEVELS,Other / Review,Broad / Cross-sector,,Asia,GSSZJIND,GS CAT JP India Exposure,JPY,Research Basket,MAAD4HBSJ6Y5N784,True
RESEARCH_BASKETS_LEVELS,Theme,TMT / Tech,Software,Europe,GSSBSFTW,EU Software,EUR,Research Basket,MAAERMXKWTBF9S42,False
RESEARCH_BASKETS_LEVELS,Theme,Broad / Cross-sector,Rates Sensitivity,Americas,GSTHTYF7,Rate Sensitive Jan 17,USD,Research Basket,MAAES3ADBFRZH5KR,False
RESEARCH_BASKETS_LEVELS,Other / Review,Broad / Cross-sector,,Asia,,GS JP Housing,JPY,Research Basket,MAAJCWGD39XNA3FE,True
RESEARCH_BASKETS_LEVELS,Other / Review,Broad / Cross-sector,,Americas,GSTHHHQ4,Parent ticker: GSTHHFHI,USD,Research Basket,MAAKM40A6C7WNZME,True
RESEARCH_BASKETS_LEVELS,Other / Review,Broad / Cross-sector,,Americas,GSTHMOH6,MF Overweights Mar16,USD,Research Basket,MAAKT5B3TCMJCCBW,True
RESEARCH_BASKETS_LEVELS,Other / Review,Financials,,Europe,GSSBEXCH,Financial - Exchanges,EUR,Research Basket,MAAPD51S4D57QKP9,True
RESEARCH_BASKETS_LEVELS,Factor,Broad / Cross-sector,Growth,Americas,GSTHHGIR,High Growth Invest Ratio,USD,Research Basket,MAAPGSRP981GJYF8,False
RESEARCH_BASKETS_LEVELS,Other / Review,Broad / Cross-sector,,Asia,GSSZSEAD,GS South East Asia Domestic demand,USD,Research Basket,MAAQ7F25DB5G3E39,True
RESEARCH_BASKETS_LEVELS,Other / Review,Broad / Cross-sector,,Americas,GSSZLAHO,Asia Capital Light,USD,Research Basket,MAAS5SEVCPMT9AD5,True
RESEARCH_BASKETS_LEVELS,Other / Review,Broad / Cross-sector,,Americas,GSCBINN5,Intl Sales Jul 2015 PR,USD,Research Basket,MAAVPM2PAG2YWV24,True
RESEARCH_BASKETS_LEVELS,Theme,Consumer,China / Supply Chain,Americas,GSCNHVIP,GS China-H VIP Basket,USD,Research Basket,MAB0E7ZNJGDS127N,False
RESEARCH_BASKETS_LEVELS,Theme,Broad / Cross-sector,HF / Positioning Theme,Americas,GSTHHVX5,Hedge Fund VIP Nov 2015,USD,Research Basket,MAB157B3AEJT4E3F,False
RESEARCH_BASKETS_LEVELS,Other / Review,Broad / Cross-sector,,Europe,GSSBAUCO,EU Auto Components,EUR,Research Basket,MAB1DF860Q1261NB,True
RESEARCH_BASKETS_LEVELS,Other / Review,Broad / Cross-sector,,Europe,GSDUITAR,GSDUITAR,EUR,Research Basket,MAB1GFCCYF47NPCY,True
RESEARCH_BASKETS_LEVELS,Factor,Broad / Cross-sector,Volatility,Americas,GSIPVOLS,Volatility Factor Short,USD,Research Basket,MAB1W6GVV9K91CJK,False
RESEARCH_BASKETS_LEVELS,Other / Review,Broad / Cross-sector,,Americas,GSRHGVT5,Govt Exposed Companies,USD,Research Basket,MAB2DCDPTV8FTHC1,True
RESEARCH_BASKETS_LEVELS,Other / Review,Broad / Cross-sector,,Americas,GSRHBB10,GS BOND BUYERS 10 (TR),USD,Research Basket,MAB35DARHHQ418JB,True
RESEARCH_BASKETS_LEVELS,Other / Review,Consumer,,Europe,GSSBCHCO,EU Chemicals Cons/Mixed,EUR,Research Basket,MAB393XQ0FG5J0BJ,True
RESEARCH_BASKETS_LEVELS,Other / Review,Broad / Cross-sector,,Europe,GSSBOILR,EU Oil & Gas Refining,EUR,Research Basket,MAB3T9996ZN95DQC,True
RESEARCH_BASKETS_LEVELS,Other / Review,Broad / Cross-sector,,Americas,GSCBSHRP,Custom Client Basket,USD,Research Basket,MAB4W5JGSJ4SRG9W,True
RESEARCH_BASKETS_LEVELS,Theme,Broad / Cross-sector,China / Supply Chain,Asia,GSSRCNLG,GS China Little Giants,CNY,Research Basket,MAB5W82789WEAAQR,False
RESEARCH_BASKETS_LEVELS,Theme,Broad / Cross-sector,Balance Sheet Strength,Americas,GSIPBALL,Balance Sheet Long,USD,Research Basket,MAB6TMW5W8YDME4Y,False
RESEARCH_BASKETS_LEVELS,Other / Review,Broad / Cross-sector,,Europe,GSPWUKIE,Static GSSTUKIE,GBP,Research Basket,MAB7WP6CTJ6GHYKW,True
RESEARCH_BASKETS_LEVELS,Other / Review,Broad / Cross-sector,,Americas,GSSZMSDF,Defensives (AeJ),USD,Research Basket,MAB89NQQFC44XK9Y,True
RESEARCH_BASKETS_LEVELS,Other / Review,Broad / Cross-sector,,Americas,GSTHAINT,Domestic Sales,USD,Research Basket,MAB8BNR7EM0DM933,True
RESEARCH_BASKETS_LEVELS,Other / Review,Industrials,,Americas,GSRHIOI3,Industrials Lvgd to O&G,USD,Research Basket,MAB8P351D863JNQT,True
RESEARCH_BASKETS_LEVELS,Other / Review,Broad / Cross-sector,,Americas,GSTHHHK7,HF SPX High May 2017,USD,Research Basket,MAB95X7RQCG1W3JA,True
RESEARCH_BASKETS_LEVELS,Other / Review,Broad / Cross-sector,,Americas,,GSCBEMCR name,USD,Research Basket,MAB9ASF9YTAZFDS0,True
RESEARCH_BASKETS_LEVELS,Other / Review,Broad / Cross-sector,,Europe,GSSBBKIB,EU Investment Banks,EUR,Research Basket,MABAHJ9CRHZF4XAM,True
RESEARCH_BASKETS_LEVELS,Other / Review,Broad / Cross-sector,,Global,GSGLPGLX,GS P GLOBAL LUXURY,USD,Research Basket,MABBQ5X5ETWSWSQK,True
RESEARCH_BASKETS_LEVELS,Other / Review,Broad / Cross-sector,,Americas,GSSZMFUW,AeJ Mutual Fund UW,USD,Research Basket,MABCFP2RYK7BKR45,True
RESEARCH_BASKETS_LEVELS,Other / Review,Broad / Cross-sector,,Americas,GSCBVP11,GSCBVP11,USD,Research Basket,MABDEVZ4RCWM00DN,True
RESEARCH_BASKETS_LEVELS,Other / Review,Broad / Cross-sector,,Asia,GSROBGB2,GS ROB CD,USD,Research Basket,MABDT02Q5T87CAC6,True
RESEARCH_BASKETS_LEVELS,Other / Review,Industrials,,Asia,GSJPINCL,JP Industrial Cyclicals,JPY,Research Basket,MABF6Q37X9Y3J5QS,True
RESEARCH_BASKETS_LEVELS,Other / Review,Broad / Cross-sector,,Americas,GSTHVSQ5,HFVI Shorts Aug 2015,USD,Research Basket,MABFC8Z9CZQVX3DE,True
RESEARCH_BASKETS_LEVELS,Other / Review,Broad / Cross-sector,,Americas,GSIPEVEL,EV / EBITDA Long,USD,Research Basket,MABFS9RNGSAFBCC1,True
RESEARCH_BASKETS_LEVELS,Other / Review,Broad / Cross-sector,,Americas,GSTHSBM7,Strong Bal Sheet June17,USD,Research Basket,MABJZAYGE5MARHXR,True
RESEARCH_BASKETS_LEVELS,Factor,Broad / Cross-sector,Dividend / Yield,Asia,GSOZSDIV,GS Aus Sustainable Yield,AUD,Research Basket,MABKBCEH8WZGKXJY,False
RESEARCH_BASKETS_LEVELS,Theme,Broad / Cross-sector,Reopening / Reflation,Asia,GSJPREFL,JP Domestic Reflation,JPY,Research Basket,MABKPTC92G36DSCB,False
RESEARCH_BASKETS_LEVELS,Other / Review,Broad / Cross-sector,,Americas,GSSZGARP,APJ GARP,USD,Research Basket,MABKSHNXAYKXJ14X,True
RESEARCH_BASKETS_LEVELS,Other / Review,Broad / Cross-sector,,Europe,GSSTGRTH,EU Stable Growers,EUR,Research Basket,MABMM3Z0HDMW7E7V,True
RESEARCH_BASKETS_LEVELS,Other / Review,Broad / Cross-sector,,Americas,GSSZNUCL,GS Asia Nuclear Power,USD,Research Basket,MABP2XEGMF4ZZVMJ,True
RESEARCH_BASKETS_LEVELS,Factor,Broad / Cross-sector,Growth,Americas,GSWFTGLB,Wavefront Turbo Growth Longs,USD,Research Basket,MABPE1ANZWVYQMT7,False
RESEARCH_BASKETS_LEVELS,Factor,Broad / Cross-sector,Growth,Americas,GSWFGRLC,Wavefront US Growth Longs,USD,Research Basket,MABPY2YEQVNW9GX2,False
RESEARCH_BASKETS_LEVELS,Other / Review,Broad / Cross-sector,,Asia,GSEHNEWA,GS SPG New Asia,CNY,Research Basket,MABQZVXRF2EWH46S,True
RESEARCH_BASKETS_LEVELS,Other / Review,Broad / Cross-sector,,Americas,,Goldman Sachs Theme/Strat AntiValue,USD,Research Basket,MABS3XBBVYEPXT9D,True
RESEARCH_BASKETS_LEVELS,Other / Review,Broad / Cross-sector,,Europe,GSCDCHEC,asdasdasd,GBP,Research Basket,MABS8HHYA6AY8DTR,True
RESEARCH_BASKETS_LEVELS,Factor,Broad / Cross-sector,Momentum,Americas,GSHDGMMS,Momentum Short June 17,USD,Research Basket,MABZBAB9YK2Z4Z28,False
RESEARCH_BASKETS_LEVELS,Theme,Consumer,China / Supply Chain,Americas,GSWFCHLD,GS Wavefront China vs. Consumer Basket,USD,Research Basket,MAC0M5VFS98Q3A2R,False
RESEARCH_BASKETS_LEVELS,Other / Review,Broad / Cross-sector,,Asia,GSSZKRTS,GS KR Tourism and Service,USD,Research Basket,MAC128057107YZB2,True
RESEARCH_BASKETS_LEVELS,Other / Review,Broad / Cross-sector,,Americas,GSCBHTAX,EW HT Basket,USD,Research Basket,MAC32H0DJZ3PWMRA,True
RESEARCH_BASKETS_LEVELS,Theme,Energy,Clean Energy / ESG,Europe,GSSBRNEW,EU Renewable Energy,EUR,Research Basket,MAC51826RY9AYEW3,False
RESEARCH_BASKETS_LEVELS,Other / Review,Broad / Cross-sector,,Americas,GSSUSES1,GS SUSTAIN E&S Top Qntle,USD,Research Basket,MAC6YH78R7RAVWSD,True
RESEARCH_BASKETS_LEVELS,Factor,Broad / Cross-sector,Leverage,Americas,GSTHOPLO,Low Operating Leverage,USD,Research Basket,MAC8MX9FBYWCTF73,False
RESEARCH_BASKETS_LEVELS,Other / Review,Broad / Cross-sector,,Asia,GSJPDFSE,GS Japan Defense Basket,JPY,Research Basket,MAC8NZ50XPM86G8G,True
RESEARCH_BASKETS_LEVELS,Other / Review,Broad / Cross-sector,,Americas,GSTHHLG6,HF SPX Low Feb 2016,USD,Research Basket,MAC8XCFFAPFCW8JY,True
RESEARCH_BASKETS_LEVELS,Other / Review,Broad / Cross-sector,,Americas,GSSZSHOR,AeJ Most Shorted Stocks,USD,Research Basket,MAC9K723THDVW28D,True
RESEARCH_BASKETS_LEVELS,Factor,Broad / Cross-sector,Growth,Americas,GSTHHGH8,High Growth Inv Jan 18,USD,Research Basket,MACAGHY0MM9WX1RA,False
RESEARCH_BASKETS_LEVELS,Other / Review,Broad / Cross-sector,,Americas,GSCBWEU1,Equal Weight TR WEUR,USD,Research Basket,MACAV9EXG508GC0B,True
RESEARCH_BASKETS_LEVELS,Other / Review,Utilities,,Europe,GSSBUTRE,EU Utilities Regulated,EUR,Research Basket,MACBEYNHRFYNP0FA,True
RESEARCH_BASKETS_LEVELS,Other / Review,Broad / Cross-sector,,Americas,GSTHLTA1,Low Tax Static,USD,Research Basket,MACEG83PG90FE10F,True
RESEARCH_BASKETS_LEVELS,Other / Review,Broad / Cross-sector,,Asia,GSJPEURP,GS Japan Europe Exposed,JPY,Research Basket,MACF8TNS7AZ739F2,True
RESEARCH_BASKETS_LEVELS,Other / Review,Health Care,,Americas,GSGLGHS9,US HC Strategic Assets,USD,Research Basket,MACGH86B78YHFK2Z,True
RESEARCH_BASKETS_LEVELS,Factor,Broad / Cross-sector,Growth,Asia,GSSZSTGR,Japan Stable Growth,JPY,Research Basket,MACGKHEA8D772A0X,False
RESEARCH_BASKETS_LEVELS,Factor,Broad / Cross-sector,Growth,Europe,GSSTEUG1,Euro Area Growth Basket,EUR,Research Basket,MACGRR896NNKXQGA,False
RESEARCH_BASKETS_LEVELS,Other / Review,Broad / Cross-sector,,Americas,GSMEMLS6,GS MEF LONG MOM MAR 16,USD,Research Basket,MACHEQQEW3Q64T4Z,True
RESEARCH_BASKETS_LEVELS,Other / Review,Broad / Cross-sector,,Americas,GSTHHHG6,HF SPX High Feb 2016,USD,Research Basket,MACHFHECHP1Z84MV,True
RESEARCH_BASKETS_LEVELS,Other / Review,Broad / Cross-sector,,Americas,GSTHOHM3,Parent ticker: GSTHOPHI,USD,Research Basket,MACHYM92TBVJAQ3K,True
RESEARCH_BASKETS_LEVELS,Other / Review,TMT / Tech,,Asia,GSJPCRTT,GS JP Critical Tech,JPY,Research Basket,MACM3YEYSE658E6T,True
RESEARCH_BASKETS_LEVELS,Other / Review,Broad / Cross-sector,,Americas,GSSBDEN4,GSSB Defensives July 14,USD,Research Basket,MACM9AXRSVJGXYTD,True
RESEARCH_BASKETS_LEVELS,Other / Review,Broad / Cross-sector,,Americas,GSIPREVL,Revision Factor Long,USD,Research Basket,MACP2PRYXJY6G645,True
RESEARCH_BASKETS_LEVELS,Other / Review,Broad / Cross-sector,,Americas,GSIPROES,ROE Short,USD,Research Basket,MACPT2CMT20H71MC,True
RESEARCH_BASKETS_LEVELS,Other / Review,Broad / Cross-sector,,Europe,GSSBMLIN,EU Multi-line,EUR,Research Basket,MACRJH12QT6A3A2C,True
RESEARCH_BASKETS_LEVELS,Theme,Broad / Cross-sector,Reopening / Reflation,Europe,GSSTRCOV,EU Recovery,EUR,Research Basket,MACWHAH2BAJ1YP4B,False
RESEARCH_BASKETS_LEVELS,Other / Review,Broad / Cross-sector,,Asia,GSSZAPP3,Goldman Sachs Taiwan Apple 3 CAT,TWD,Research Basket,MAD0GM3XC2VGQG38,True
RESEARCH_BASKETS_LEVELS,Factor,Broad / Cross-sector,Growth,Americas,GSTHDIVG,Dividend Growth (US),USD,Research Basket,MAD2A3CA3PMCRFGW,False
RESEARCH_BASKETS_LEVELS,Factor,Broad / Cross-sector,Momentum,Americas,GSMRFLMM,GS Momentum Long,USD,Research Basket,MAD4GJVM1QMDF4NZ,False
RESEARCH_BASKETS_LEVELS,Factor,Broad / Cross-sector,Value,Americas,GSIPVALS,Value Factor Short,USD,Research Basket,MAD69VQ116Y1H5JY,False
RESEARCH_BASKETS_LEVELS,Other / Review,Broad / Cross-sector,,Europe,GSTSTLDN,GSTSTLN,USD,Research Basket,MAD6NZW2CZ07MW3G,True
RESEARCH_BASKETS_LEVELS,Theme,Broad / Cross-sector,Rates Sensitivity,Americas,GSTHUSTY,Interest Rate Sensitive,USD,Research Basket,MAD6Y6MVBW2XX29R,False
RESEARCH_BASKETS_LEVELS,Other / Review,Broad / Cross-sector,,Asia,GSSZMACG,GS Macau Gaming,HKD,Research Basket,MAD7GSGM8KM3QR8R,True
RESEARCH_BASKETS_LEVELS,Other / Review,Broad / Cross-sector,,Asia,GSSZHKCN,GS HK CNY Banks CAT,HKD,Research Basket,MADBSWJ0CDC1T0PK,True
RESEARCH_BASKETS_LEVELS,Theme,Broad / Cross-sector,Rates Sensitivity,Americas,GSSZSDUR,APJ Short Duration,USD,Research Basket,MADDDTR81851ABVW,False
RESEARCH_BASKETS_LEVELS,Other / Review,Broad / Cross-sector,,Americas,GSTHINK3,Parent ticker: GSTHHVIP,USD,Research Basket,MADDF9FG3HBEGEWN,True
RESEARCH_BASKETS_LEVELS,Other / Review,Broad / Cross-sector,,Europe,GSSBBKDU,EU Banks - Domestic UK,GBP,Research Basket,MADFHCCPYGAGVJZ6,True
RESEARCH_BASKETS_LEVELS,Factor,Broad / Cross-sector,Quality,Americas,GSTHQUAL,High Quality Stock (US),USD,Research Basket,MADKPEMQ5SWDT77J,False
RESEARCH_BASKETS_LEVELS,Other / Review,Broad / Cross-sector,,Americas,GSTHAIN7,Domestic Sales 7,USD,Research Basket,MADNPWA60PBQK58G,True
RESEARCH_BASKETS_LEVELS,Other / Review,Broad / Cross-sector,,Americas,GSRH2Q6S,GSRH2Q6S,USD,Research Basket,MADNS3KM7TEFE1GW,True
RESEARCH_BASKETS_LEVELS,Other / Review,Broad / Cross-sector,,Americas,GSSZLSHR,APJ Low Sharpe Ratio,USD,Research Basket,MADPTS3JE2HF2Y8T,True
RESEARCH_BASKETS_LEVELS,Other / Review,Broad / Cross-sector,,Americas,GSTHWBH5,Weak Bal Sheet Mar 2015,USD,Research Basket,MADW6M1JD5AR7RZS,True
RESEARCH_BASKETS_LEVELS,Other / Review,Broad / Cross-sector,,Americas,GSTHHHG5,HF SPX High Feb 2015,USD,Research Basket,MADX979T6MZYEATS,True
RESEARCH_BASKETS_LEVELS,Other / Review,Industrials,,Europe,GSSBELEQ,GS EU Sub-Sector: Industrials - Electricals,EUR,Research Basket,MADZCV1FT5J8C7B0,True
RESEARCH_BASKETS_LEVELS,Other / Review,Broad / Cross-sector,,Americas,GSCBLBU4,GS LBO Screen Sep 2014,USD,Research Basket,MAE0ZYPF0FRT5NBB,True
RESEARCH_BASKETS_LEVELS,Other / Review,Broad / Cross-sector,,Europe,GSSBBKGL,EU Banks - Global Retail,EUR,Research Basket,MAE17N87PCW46072,True
RESEARCH_BASKETS_LEVELS,Other / Review,Broad / Cross-sector,,Americas,GSTHHVK4,Parent ticker: GSTHHVIP,USD,Research Basket,MAE18664M5BXSSB4,True
RESEARCH_BASKETS_LEVELS,Sector Factor,Consumer,Growth,Europe,GSTCECGL,GS EU CONSUMER GROWTH LONG,EUR,Research Basket,MAE2110W39FB6B24,False
RESEARCH_BASKETS_LEVELS,Other / Review,Broad / Cross-sector,,Americas,GSSZHSHR,APJ High Sharpe Ratio,USD,Research Basket,MAE2NATQC9H4KQ30,True
RESEARCH_BASKETS_LEVELS,Other / Review,Broad / Cross-sector,,Europe,GSSBMINE,EU Basic Res. Mining,GBP,Research Basket,MAE3BAMHXYKQ4DKP,True
RESEARCH_BASKETS_LEVELS,Other / Review,Broad / Cross-sector,,Americas,GSCBLLAB,EW Price Return,USD,Research Basket,MAE3XKY0V05V1M8W,True
RESEARCH_BASKETS_LEVELS,Other / Review,Broad / Cross-sector,,Americas,,Parent ticker: GSTHDIVG,USD,Research Basket,MAE5H34RMK02K4JM,True
RESEARCH_BASKETS_LEVELS,Other / Review,Broad / Cross-sector,,Asia,GSSZOIL2,Goldman Sachs CAT Asia Oil Price Sensitives II,USD,Research Basket,MAE6H8JA1ZHW2162,True
RESEARCH_BASKETS_LEVELS,Other / Review,Broad / Cross-sector,,Asia,GSSZEURP,GS Asia Europe-exposed CAT,USD,Research Basket,MAE7M1QHVHFSRHQ0,True
RESEARCH_BASKETS_LEVELS,Factor,Broad / Cross-sector,Growth,Americas,GSTHDGJ7,Dividend Growth April 17,USD,Research Basket,MAE8XRXDQ7QGNS76,False
RESEARCH_BASKETS_LEVELS,Other / Review,Broad / Cross-sector,,Americas,GSTHMFUW,Mutual Fund UW (US),USD,Research Basket,MAEA607NHT4Z8CSY,True
RESEARCH_BASKETS_LEVELS,Factor,Broad / Cross-sector,Quality,Americas,GSTHQLF9,High Quality Jan 2019,USD,Research Basket,MAEB5RPZH4A86478,False
RESEARCH_BASKETS_LEVELS,Other / Review,Broad / Cross-sector,,Asia,GSJPRETL,GS Japan Retail,JPY,Research Basket,MAECGTAKCXJPBZEB,True
RESEARCH_BASKETS_LEVELS,Theme,Broad / Cross-sector,HF / Positioning Theme,Americas,GSTHHVG7,HF VIP Feb 17,USD,Research Basket,MAECK1AR6SHZ7AF4,False
RESEARCH_BASKETS_LEVELS,Other / Review,Broad / Cross-sector,,Americas,GSSBGDEF,Global Defensives,USD,Research Basket,MAECZHTZHC2V5416,True
RESEARCH_BASKETS_LEVELS,Factor,Broad / Cross-sector,Growth,Americas,GSCBRVK8,Static Rev Growth May 18,USD,Research Basket,MAEEDVKQXEDHQG3K,False
RESEARCH_BASKETS_LEVELS,Other / Review,Health Care,,Americas,GSGLGH11,HC Strategic Asset 10/17,USD,Research Basket,MAEGYDJFXF70XANF,True
RESEARCH_BASKETS_LEVELS,Other / Review,Broad / Cross-sector,,Americas,GSTHSBF8,Strong Bal Sheet Jan 18,USD,Research Basket,MAENX8YJ3JWV7ACP,True
RESEARCH_BASKETS_LEVELS,Factor,Broad / Cross-sector,Growth,Americas,GSIPEBIL,EBITDA Growth Long,USD,Research Basket,MAEQXC64Q03SEYT0,False
RESEARCH_BASKETS_LEVELS,Other / Review,Broad / Cross-sector,,Americas,GSIPEVFS,EV / FCF Short,USD,Research Basket,MAER3AS8PBWVWDHH,True
RESEARCH_BASKETS_LEVELS,Other / Review,Broad / Cross-sector,,Americas,GSSBDCYC,Domestic Cyclicals,USD,Research Basket,MAES6Q0HCPBXCN64,True
RESEARCH_BASKETS_LEVELS,Other / Review,Broad / Cross-sector,,Europe,GSSBMEDT,EU Medical Technology,EUR,Research Basket,MAEWXRRR311MKE72,True
RESEARCH_BASKETS_LEVELS,Other / Review,Broad / Cross-sector,,Americas,GSCBWBH6,GIR WEAK BAL MAR 16 PR,USD,Research Basket,MAEXZVJF5HM9N8AF,True
RESEARCH_BASKETS_LEVELS,Other / Review,Materials,,Europe,GSSBBUIL,EU Building Materials,EUR,Research Basket,MAEZ7TEC0R14D57V,True
RESEARCH_BASKETS_LEVELS,Other / Review,Broad / Cross-sector,,Americas,GSCBWEU2,Price Return GSCBWEU1,USD,Research Basket,MAF0GS2C260WW53H,True
RESEARCH_BASKETS_LEVELS,Other / Review,Broad / Cross-sector,,Americas,GSTHLHJ6,GSTHLHJ6 APRIL 2016,USD,Research Basket,MAF1YY8K9YTK7GQA,True
RESEARCH_BASKETS_LEVELS,Other / Review,Broad / Cross-sector,,Europe,GSSTINTL,EU Intl Exposure,EUR,Research Basket,MAF24FEP2PEQ3EB2,True
RESEARCH_BASKETS_LEVELS,Other / Review,Broad / Cross-sector,,Americas,GSRHAC14,GIR M&A Basket - S14,USD,Research Basket,MAF2J0V9K0QA2DF6,True
RESEARCH_BASKETS_LEVELS,Other / Review,Broad / Cross-sector,,Americas,GSCBMLH6,GSCBMLH6,USD,Research Basket,MAF2J2ZHHG3NP5TA,True
RESEARCH_BASKETS_LEVELS,Other / Review,Broad / Cross-sector,,Americas,GSTHVSG7,HFVI Shorts Feb 2017,USD,Research Basket,MAF2J9RKAM68C5WT,True
RESEARCH_BASKETS_LEVELS,Other / Review,Broad / Cross-sector,,Americas,GSIPPBRS,Price / Book Short,USD,Research Basket,MAF3AWNFRAR95H1W,True
RESEARCH_BASKETS_LEVELS,Other / Review,Broad / Cross-sector,,Americas,GSCBPWQL,GS Custom Basket,USD,Research Basket,MAF3Z7MZQCM3WFP7,True
RESEARCH_BASKETS_LEVELS,Other / Review,Broad / Cross-sector,,Asia,GSJPCIN2,GS Japan Chindonesia-exposed CAT,JPY,Research Basket,MAF4ZEJSEKEZ0ADG,True
RESEARCH_BASKETS_LEVELS,Other / Review,Broad / Cross-sector,,Americas,GSTHVSG6,HFVI Short Feb 2016,USD,Research Basket,MAF58QW6CC97FCMY,True
RESEARCH_BASKETS_LEVELS,Other / Review,Broad / Cross-sector,,Americas,GSCBPWWB,GS Custom Basket,USD,Research Basket,MAF5YMZDBZ6Y06X0,True
RESEARCH_BASKETS_LEVELS,Other / Review,Broad / Cross-sector,,Americas,GSSZAIHW,GS Asia AIGC Hardware,USD,Research Basket,MAF8X0FERJMD4QR1,True
RESEARCH_BASKETS_LEVELS,Other / Review,Broad / Cross-sector,,Europe,GSSBMEAD,EU Media - Advertising,EUR,Research Basket,MAFAPECQA6FVS3T7,True
RESEARCH_BASKETS_LEVELS,Other / Review,Broad / Cross-sector,,Americas,GSTHSTGR,Stable Growers,USD,Research Basket,MAFDFDKQRVTPRZHD,True
RESEARCH_BASKETS_LEVELS,Factor,Broad / Cross-sector,Quality,Americas,GSTHQLF7,High Quality Jan 17,USD,Research Basket,MAFEFQRDTYMEQEYR,False
RESEARCH_BASKETS_LEVELS,Other / Review,Broad / Cross-sector,,Americas,GSTHBCN6,BRICs Sales Jul 2016,USD,Research Basket,MAFF87GBR4RG4R0F,True
RESEARCH_BASKETS_LEVELS,Other / Review,Broad / Cross-sector,,Americas,GSSBDOMS,Domestic,USD,Research Basket,MAFFSZTH2SHYE102,True
RESEARCH_BASKETS_LEVELS,Other / Review,Broad / Cross-sector,,Europe,GSCBCHGL,GSCBCHGL1,GBP,Research Basket,MAFH7NV00SP4HZH8,True
RESEARCH_BASKETS_LEVELS,Other / Review,Broad / Cross-sector,,Americas,GSTHSHRP,High Sharpe Ratio (US),USD,Research Basket,MAFK2M33FBW1Q38N,True
RESEARCH_BASKETS_LEVELS,Theme,Broad / Cross-sector,HF / Positioning Theme,Americas,GSSZAVIP,"GS Asia ""VIP""",USD,Research Basket,MAFMBY4AJJM8X9GC,False
RESEARCH_BASKETS_LEVELS,Other / Review,Broad / Cross-sector,,Americas,GSCBSEV7,Overseas Oct 17 PR,USD,Research Basket,MAFS7GSSGXVQGVQ9,True
RESEARCH_BASKETS_LEVELS,Other / Review,Broad / Cross-sector,,Europe,GSVSUKD1,GSVSUKD1,GBP,Research Basket,MAFT26XV4BE9D6A1,True
RESEARCH_BASKETS_LEVELS,Theme,Broad / Cross-sector,Balance Sheet Strength,Europe,GSSTWBAL,EU Weak Balance Sheet,EUR,Research Basket,MAFXKH4XY69TJGEK,False
RESEARCH_BASKETS_LEVELS,Sector Factor,TMT / Tech,Crowding,Americas,GS53CRTC,Crowded Tech,USD,Research Basket,MAG1HCEPWWR9NW75,False
RESEARCH_BASKETS_LEVELS,Other / Review,Broad / Cross-sector,,Americas,GSCBHVG6,GSCBHVG6,USD,Research Basket,MAG1NM2952VBKKAQ,True
RESEARCH_BASKETS_LEVELS,Other / Review,Broad / Cross-sector,,Europe,GSTRMANU,GS Europe General Manufacturers,EUR,Research Basket,MAG28C44GV1EH9S9,True
RESEARCH_BASKETS_LEVELS,Other / Review,Broad / Cross-sector,,Asia,GSSZJSCC,GS JP Commodity Cyclicals,JPY,Research Basket,MAG2T9ZBZ5G166YE,True
RESEARCH_BASKETS_LEVELS,Factor,Broad / Cross-sector,Dividend / Yield,Europe,GSSTDIVY,EU High Dividend Yield,EUR,Research Basket,MAG55W3BA5ZAHHZQ,False
RESEARCH_BASKETS_LEVELS,Other / Review,Broad / Cross-sector,,Americas,GSTHWEUR,Western Europe Sales,USD,Research Basket,MAG6ATTJC04A16S2,True
RESEARCH_BASKETS_LEVELS,Other / Review,Broad / Cross-sector,,Asia,GSJPSHHR,JP Shareholder Return,JPY,Research Basket,MAG6CQ9PJSPGBY5Z,True
RESEARCH_BASKETS_LEVELS,Other / Review,Broad / Cross-sector,,Asia,GSSZCNMB,Goldman Sachs Small Mid Chinese banks,HKD,Research Basket,MAG6TJHSDYQXNEVD,True
RESEARCH_BASKETS_LEVELS,Factor,Broad / Cross-sector,Momentum,Americas,GSMEFLN7,High Momentum Jul17,USD,Research Basket,MAG7TADGA3HA85H6,False
RESEARCH_BASKETS_LEVELS,Factor,Broad / Cross-sector,Growth,Americas,GSTHDGX4,Dividend Growth Nov14,USD,Research Basket,MAG8803X6QFVCTH2,False
RESEARCH_BASKETS_LEVELS,Other / Review,Broad / Cross-sector,,Americas,GSTHBRH8,GSTHBRIC Mar18,USD,Research Basket,MAG8G0J5J00FHZWV,True
RESEARCH_BASKETS_LEVELS,Factor,Broad / Cross-sector,Growth,Asia,GSSZUVGR,GS AEJ Undervalued Growth Stocks,USD,Research Basket,MAGC979YNBQK1Y2A,False
RESEARCH_BASKETS_LEVELS,Other / Review,Broad / Cross-sector,,Europe,GSSTCEMU,EU Core Domestic Exposed,EUR,Research Basket,MAGEJ5G70NC877PE,True
RESEARCH_BASKETS_LEVELS,Other / Review,Broad / Cross-sector,,Europe,GSETIHED,GSETIHED,USD,Research Basket,MAGENHTN57C83JRT,True
RESEARCH_BASKETS_LEVELS,Other / Review,Broad / Cross-sector,,Americas,,GS Theme/Strat SuperValue,USD,Research Basket,MAGFQZAX824BGH1E,True
RESEARCH_BASKETS_LEVELS,Other / Review,Broad / Cross-sector,,Americas,GSTHHHK6,HF SPX High May 2016,USD,Research Basket,MAGGDG5EKS4JCF7G,True
RESEARCH_BASKETS_LEVELS,Other / Review,Broad / Cross-sector,,Americas,GSMEFSVL,Valuation factor short,USD,Research Basket,MAGP7M70MWQ80N3E,True
RESEARCH_BASKETS_LEVELS,Other / Review,Broad / Cross-sector,,Americas,GSTHINTL,International Sales,USD,Research Basket,MAGPFN0VMAMPD22K,True
RESEARCH_BASKETS_LEVELS,Other / Review,Real Estate,,Europe,GSSBREIN,EU Re-Insurance,EUR,Research Basket,MAGRV82Y5HSQY0XQ,True
RESEARCH_BASKETS_LEVELS,Other / Review,Broad / Cross-sector,,Asia,GSSRREAL,GS JP Properties,JPY,Research Basket,MAGT8HRP3R8GY5ZX,True
RESEARCH_BASKETS_LEVELS,Other / Review,Broad / Cross-sector,,Americas,GSRHAC16,M&A Candidates,USD,Research Basket,MAGWX437VNCHFS77,True
RESEARCH_BASKETS_LEVELS,Factor,Broad / Cross-sector,Leverage,Americas,GSTHOPHI,High Operating Leverage,USD,Research Basket,MAGWXF9TR3X218GJ,False
RESEARCH_BASKETS_LEVELS,Other / Review,Broad / Cross-sector,,Europe,GSWDCYCL,Global Cyclicals,USD,Research Basket,MAGXYAPYQ2452P1D,True
RESEARCH_BASKETS_LEVELS,Other / Review,Broad / Cross-sector,,Americas,GSSZSTAY,APJ Stay at Home,USD,Research Basket,MAH08RPJ050KRDAD,True
RESEARCH_BASKETS_LEVELS,Other / Review,Energy,,Asia,GSSZJPES,Goldman Sachs CAT Japan Energy Saving,JPY,Research Basket,MAH0BHSWYWH8S371,True
RESEARCH_BASKETS_LEVELS,Theme,Broad / Cross-sector,HF / Positioning Theme,Americas,GSTHHVK7,Hedge Fund VIP May 2017,USD,Research Basket,MAH0FYSZNZKA6DKA,False
RESEARCH_BASKETS_LEVELS,Other / Review,Broad / Cross-sector,,Americas,GSIPCROL,CROCI Long,USD,Research Basket,MAH2MKGY3QHHKJ0W,True
RESEARCH_BASKETS_LEVELS,Factor,Broad / Cross-sector,Growth,Americas,GSIPEPSL,EPS Growth Long,USD,Research Basket,MAH2WQFS9AJ3AJNM,False
RESEARCH_BASKETS_LEVELS,Other / Review,Broad / Cross-sector,,Americas,GSABVISP,GS Client VISP,USD,Research Basket,MAH30KRMEN6R6953,True
RESEARCH_BASKETS_LEVELS,Other / Review,Broad / Cross-sector,,Europe,GSSBFORE,EU Food Retail,EUR,Research Basket,MAH3DNT8ARBV05JY,True
RESEARCH_BASKETS_LEVELS,Other / Review,Broad / Cross-sector,,Americas,GSTHVSK6,HFVI Shorts May 2016,USD,Research Basket,MAH3E5XCT4XFM4RF,True
RESEARCH_BASKETS_LEVELS,Other / Review,Broad / Cross-sector,,Americas,GSCBF414,GS 15 FOR 2014 CATCH UP,USD,Research Basket,MAH3GD05EKJ9B87F,True
RESEARCH_BASKETS_LEVELS,Other / Review,Broad / Cross-sector,,Americas,GSRH2Q8L,IH 18 Out of Consensus L,USD,Research Basket,MAH3WPBY96HRXK00,True
RESEARCH_BASKETS_LEVELS,Other / Review,Broad / Cross-sector,,Europe,GSTRCMPD,GS Europe Commodities Producers,EUR,Research Basket,MAH59BRV08RCNJW6,True
RESEARCH_BASKETS_LEVELS,Factor,Broad / Cross-sector,Growth,Americas,GSIPSALL,Sales Growth Long,USD,Research Basket,MAH5QQCTGYMM518E,False
RESEARCH_BASKETS_LEVELS,Other / Review,Broad / Cross-sector,,Americas,GSRH3Q7S,Earnings Tactical Short,USD,Research Basket,MAH8PY2NR909683K,True
RESEARCH_BASKETS_LEVELS,Other / Review,Broad / Cross-sector,,Americas,GSTHMOM5,MF Overweights Jun 2015,USD,Research Basket,MAHCQJZFM0RB8PH3,True
RESEARCH_BASKETS_LEVELS,Other / Review,Broad / Cross-sector,,Europe,GSSTCAPI,Europe Capital-Intensive,EUR,Research Basket,MAHCYKEF655KFGD9,True
RESEARCH_BASKETS_LEVELS,Other / Review,Broad / Cross-sector,,Americas,GSRH3Q7L,Earnings Tactical Long,USD,Research Basket,MAHD1RV2RCZXS9NY,True
RESEARCH_BASKETS_LEVELS,Other / Review,Broad / Cross-sector,,Americas,GSTHOLF7,Low Operating Lev Jan 17,USD,Research Basket,MAHGHFWC26FNDVA4,True
RESEARCH_BASKETS_LEVELS,Other / Review,Broad / Cross-sector,,Americas,GSRHAC18,M&A Basket Static,USD,Research Basket,MAHH0K7XT96FXB1J,True
RESEARCH_BASKETS_LEVELS,Factor,Broad / Cross-sector,Size,Americas,GSIPSIZL,Size Factor Long,USD,Research Basket,MAHHG78PKFMKCBSP,False
RESEARCH_BASKETS_LEVELS,Other / Review,Broad / Cross-sector,,Americas,GSTHCASH,Total Cash Return (US),USD,Research Basket,MAHK6MMWTKF463VC,True
RESEARCH_BASKETS_LEVELS,Theme,Broad / Cross-sector,Balance Sheet Strength,Americas,GSSZSBAL,APJ Strong Balance Sheet,USD,Research Basket,MAHN2W9SS67XN666,False
RESEARCH_BASKETS_LEVELS,Other / Review,Broad / Cross-sector,,Americas,GSCBSMV7,SMB Exposed Oct 17 PR,USD,Research Basket,MAHQ20DZXT0X1MWX,True
RESEARCH_BASKETS_LEVELS,Other / Review,Broad / Cross-sector,,Europe,GSTRPYLD,GS Europe Physical Landlords,EUR,Research Basket,MAHSWZCA1BNS0XZH,True
RESEARCH_BASKETS_LEVELS,Other / Review,Broad / Cross-sector,,Americas,GSCBHTXP,High Tax Price Return,USD,Research Basket,MAHSYWVKRP8REV1C,True
RESEARCH_BASKETS_LEVELS,Other / Review,Broad / Cross-sector,,Americas,GSTHCAJ6,Total Cash Return Apr16,USD,Research Basket,MAHTFDBFBT8D52B1,True
RESEARCH_BASKETS_LEVELS,Other / Review,Broad / Cross-sector,,Asia,GSJPFXW1,Japan Weak Yen,JPY,Research Basket,MAHW176R3CE1EEY1,True
RESEARCH_BASKETS_LEVELS,Factor,Broad / Cross-sector,Growth,Americas,GSTHGROE,ROE Growth (US),USD,Research Basket,MAHW93S13XB6VSBD,False
RESEARCH_BASKETS_LEVELS,Other / Review,Broad / Cross-sector,,Americas,GSRHACH8,GS M&A Candidates Jan 18,USD,Research Basket,MAHY0RYWSRZPSHGP,True
RESEARCH_BASKETS_LEVELS,Other / Review,Broad / Cross-sector,,Europe,GSSTGCON,.GSSTGCON,EUR,Research Basket,MAHY5DR8RFCASW30,True
RESEARCH_BASKETS_LEVELS,Other / Review,Broad / Cross-sector,,Americas,GSTHDRED,Debt Reducers,USD,Research Basket,MAHZEMMJRKHTHZ4C,True
RESEARCH_BASKETS_LEVELS,Other / Review,Broad / Cross-sector,,Europe,GSSBDIGI,EU Digital Economy,EUR,Research Basket,MAJ0WBWPDGCVDRK0,True
RESEARCH_BASKETS_LEVELS,Other / Review,Broad / Cross-sector,,Asia,GSSZEAPS,EPS & Price Stability,USD,Research Basket,MAJ10HPSVGS9V3MT,True
RESEARCH_BASKETS_LEVELS,Other / Review,Broad / Cross-sector,,Americas,GSTHOHN4,Parent ticker: GSTHOPHI,USD,Research Basket,MAJ21BVTES6C6HV5,True
RESEARCH_BASKETS_LEVELS,Other / Review,Broad / Cross-sector,,Europe,GSSBBKDE,EU Banks - Domestic EA,EUR,Research Basket,MAJ46JB957TNNN5J,True
RESEARCH_BASKETS_LEVELS,Other / Review,Broad / Cross-sector,,Europe,GSSBBEVS,EU Beverages,EUR,Research Basket,MAJ5RCS11EDDM0JF,True
RESEARCH_BASKETS_LEVELS,Other / Review,Broad / Cross-sector,,Americas,GSTHSBH5,Strong Bal Sheet Mar15,USD,Research Basket,MAJ7TBEXJ6P34391,True
RESEARCH_BASKETS_LEVELS,Other / Review,Broad / Cross-sector,,Europe,GSSBLASE,EU Life Assurance,EUR,Research Basket,MAJ7VPGGG11QPQCD,True
RESEARCH_BASKETS_LEVELS,Factor,Broad / Cross-sector,Growth,Americas,GSTHRGN5,ROE Growth Jul 2015,USD,Research Basket,MAJ8SPANFQKQ16FG,False
RESEARCH_BASKETS_LEVELS,Factor,Broad / Cross-sector,Growth,Americas,GSTHHGM7,High Growth Investment,USD,Research Basket,MAJAE63P9PDQSPSP,False
RESEARCH_BASKETS_LEVELS,Other / Review,Broad / Cross-sector,,Europe,GSSBCONS,EU Construction,EUR,Research Basket,MAJAFA092Y7SKX49,True
RESEARCH_BASKETS_LEVELS,Factor,Broad / Cross-sector,Growth,Americas,GSTHRGU6,ROE Growth Sep 2016,USD,Research Basket,MAJEABCPDYBY0NFD,False
RESEARCH_BASKETS_LEVELS,Other / Review,Broad / Cross-sector,,Americas,GSRHSMB4,SMB Exposed - Jan 2017,USD,Research Basket,MAJFE4G0E5JGQH4W,True
RESEARCH_BASKETS_LEVELS,Other / Review,Broad / Cross-sector,,Asia,GSSZMSFA,AeJ Asset Sensitives,USD,Research Basket,MAJHNT497505X4RA,True
RESEARCH_BASKETS_LEVELS,Other / Review,Broad / Cross-sector,,Americas,GSCBCAJ5,Tot Cash Ret Apr15 - PR,USD,Research Basket,MAJJBQPXAY32PW4Z,True
RESEARCH_BASKETS_LEVELS,Factor,Broad / Cross-sector,Beta,Americas,GSTHBETA,Dual Beta,USD,Research Basket,MAJJQEFA5VXEHJ3S,False
RESEARCH_BASKETS_LEVELS,Factor,Broad / Cross-sector,Momentum,Americas,GSIPMOMS,Momentum Factor Short,USD,Research Basket,MAJN5Z1FKGZ1S0B6,False
RESEARCH_BASKETS_LEVELS,Factor,Broad / Cross-sector,Growth,Europe,GSTCUGRS,GS CYCLICAL GROWTH SHORT,GBP,Research Basket,MAJNPC12SWZP5DN0,False
RESEARCH_BASKETS_LEVELS,Other / Review,Real Estate,,Europe,GSSBREAL,EU Real Estate,EUR,Research Basket,MAJP85A6K49P07JA,True
RESEARCH_BASKETS_LEVELS,Other / Review,Broad / Cross-sector,,Americas,GSCBGVT2,Price Return GVT5,USD,Research Basket,MAJPGH3BW802QXEN,True
RESEARCH_BASKETS_LEVELS,Other / Review,Broad / Cross-sector,,Europe,GSTRITLS,GS Europe Intangibles Lessors,EUR,Research Basket,MAJQKRD5TKYCWJGG,True
RESEARCH_BASKETS_LEVELS,Factor,Broad / Cross-sector,Growth,Americas,,GS Wavefront Investment Growth Long / Defensive Short,USD,Research Basket,MAJRE2BH37Z1J2V0,False
RESEARCH_BASKETS_LEVELS,Factor,Broad / Cross-sector,Liquidity,Americas,GSTHHLIQ,High Liquidity,USD,Research Basket,MAJRYBDC0GERA8KX,False
RESEARCH_BASKETS_LEVELS,Other / Review,Broad / Cross-sector,,Asia,GSSRMACH,GS JP Machinery,JPY,Research Basket,MAJWX0Y4TZKX127F,True
RESEARCH_BASKETS_LEVELS,Other / Review,Broad / Cross-sector,,Americas,GSSZHTAX,APJ High Tax,USD,Research Basket,MAJYRQT7AX6SNNBG,True
RESEARCH_BASKETS_LEVELS,Other / Review,Broad / Cross-sector,,Americas,GSTHVSX5,HFVI Shorts Nov 2015,USD,Research Basket,MAK2BE43D2KN9YFW,True
RESEARCH_BASKETS_LEVELS,Factor,Broad / Cross-sector,Growth,Americas,GSIPEPSS,EPS Growth Short,USD,Research Basket,MAK2K6JN49ASQXZX,False
RESEARCH_BASKETS_LEVELS,Other / Review,Broad / Cross-sector,,Europe,GSCDSHOR,asdsad,GBP,Research Basket,MAK35RY555BT2VE4,True
RESEARCH_BASKETS_LEVELS,Other / Review,Broad / Cross-sector,,Americas,GSSZHALO,Asia Capital Intensive,USD,Research Basket,MAK5NE1RK0FCGKD4,True
RESEARCH_BASKETS_LEVELS,Other / Review,Broad / Cross-sector,,Americas,GSTHVSK8,May VISP,USD,Research Basket,MAK5RK9E21KD9KVM,True
RESEARCH_BASKETS_LEVELS,Other / Review,Broad / Cross-sector,,Asia,GSJPFXS1,Japan Strong Yen,JPY,Research Basket,MAK67M5ZK8DYHWMW,True
RESEARCH_BASKETS_LEVELS,Other / Review,Broad / Cross-sector,,Americas,GSCBSFAV,HF/MF Shared Favorites,USD,Research Basket,MAK74A0KCV7JM5BP,True
RESEARCH_BASKETS_LEVELS,Other / Review,Broad / Cross-sector,,Americas,GSSZSTFW,APxJ Stagflation Winners,USD,Research Basket,MAK7ZWPCN5HT6X28,True
RESEARCH_BASKETS_LEVELS,Other / Review,Broad / Cross-sector,,Global,GSEMINTX,Rising Interest Expense,USD,Research Basket,MAK8JHS4ARJ3HT9G,True
RESEARCH_BASKETS_LEVELS,Other / Review,Broad / Cross-sector,,Americas,GSSBSERV,S&P 500 Services,USD,Research Basket,MAK9K1RBBM9S58HQ,True
RESEARCH_BASKETS_LEVELS,Other / Review,Broad / Cross-sector,,Americas,GSMEFLVL,Valuation factor long,USD,Research Basket,MAKA16B7HB99422P,True
RESEARCH_BASKETS_LEVELS,Theme,Broad / Cross-sector,China / Supply Chain,Americas,GSSZAPCN,AeJ China Sales Exposure,USD,Research Basket,MAKAMMR7VCBWVBM5,False
RESEARCH_BASKETS_LEVELS,Other / Review,Consumer,,Europe,GSSTBRCC,EM Consumer Exposed,EUR,Research Basket,MAKC4C4PE2FFCZST,True
RESEARCH_BASKETS_LEVELS,Other / Review,Broad / Cross-sector,,Asia,,GS APAC M&A,USD,Research Basket,MAKCEJC45AEAGV6S,True
RESEARCH_BASKETS_LEVELS,Theme,Broad / Cross-sector,Balance Sheet Strength,Americas,GSSZWBAL,APJ Weak Balance Sheet,USD,Research Basket,MAKCMK75HC49ZWXB,False
RESEARCH_BASKETS_LEVELS,Other / Review,Broad / Cross-sector,,Americas,GSSZAPUS,APJ US Sales Exposure,USD,Research Basket,MAKE2XRADYZPWM1J,True
RESEARCH_BASKETS_LEVELS,Other / Review,Broad / Cross-sector,,Americas,GSTHLOTO,Low Turnover,USD,Research Basket,MAKEQFAGDNDD8ZYF,True
RESEARCH_BASKETS_LEVELS,Other / Review,Broad / Cross-sector,,Americas,GSEMLAHO,GS EM Capital Light,USD,Research Basket,MAKFCW4FXYRVEBAY,True
RESEARCH_BASKETS_LEVELS,Other / Review,Broad / Cross-sector,,Europe,GSSBCAPX,EU Long Cycle [CAPEX],EUR,Research Basket,MAKFN5NY9R9DF8GS,True
RESEARCH_BASKETS_LEVELS,Other / Review,Broad / Cross-sector,,Americas,GSSUSES3,GS SUSTAIN E&S Qntle 3,USD,Research Basket,MAKGWGDE1P9QN35M,True
RESEARCH_BASKETS_LEVELS,Other / Review,Broad / Cross-sector,,Americas,GSMEMSG6,GS MEF SHORT MOM FEB 16,USD,Research Basket,MAKGYM2SFM8GT62V,True
RESEARCH_BASKETS_LEVELS,Factor,Broad / Cross-sector,Leverage,Europe,GSSTOPLV,Operation Leverage,EUR,Research Basket,MAKHMFDTXFXP7R3V,False
RESEARCH_BASKETS_LEVELS,Other / Review,Broad / Cross-sector,,Europe,GSTRACQN,GS Europe M&A Candidates,EUR,Research Basket,MAKJ19SCHXN73EYE,True
RESEARCH_BASKETS_LEVELS,Other / Review,Broad / Cross-sector,,Europe,GSSTSHIP,GS Shipping Exposed,EUR,Research Basket,MAKJW51N7YV2Q8N3,True
RESEARCH_BASKETS_LEVELS,Factor,Broad / Cross-sector,Growth,Americas,GSSZSTGW,GS AEJ Stable Growth,USD,Research Basket,MAKK7RHXXBZQHAJQ,False
RESEARCH_BASKETS_LEVELS,Theme,Broad / Cross-sector,HF / Positioning Theme,Americas,GSCBHVK5,Hedge Fund VIP - PR,USD,Research Basket,MAKME7HAY6277K0B,False
RESEARCH_BASKETS_LEVELS,Theme,Financials,Rates Sensitivity,Asia,GSSZJSFR,GS JP Rate sensitive Financials,JPY,Research Basket,MAKMWPV8XF9NN0BS,False
RESEARCH_BASKETS_LEVELS,Other / Review,Broad / Cross-sector,,Europe,GSSTFISC,EU Fiscal Infrastructure,EUR,Research Basket,MAKN8WBDAJ04HZ57,True
RESEARCH_BASKETS_LEVELS,Theme,Broad / Cross-sector,Buybacks / Capital Return,Americas,GSTHREJ6,Buybacks Apr 2016,USD,Research Basket,MAKS98KH9MKKDWGK,False
RESEARCH_BASKETS_LEVELS,Other / Review,Broad / Cross-sector,,Americas,GSTHVSX7,HF Very Important Short,USD,Research Basket,MAKTJY16S4G05APJ,True
RESEARCH_BASKETS_LEVELS,Other / Review,Telecom / Comm Svcs,,Europe,GSSBTELI,EU Telecoms,EUR,Research Basket,MAKTN0FQ6TPCXCV9,True
RESEARCH_BASKETS_LEVELS,Theme,Broad / Cross-sector,Labor / Wage,Americas,GSSZLLAB,GS APxJ Low Labor Cost,USD,Research Basket,MAKVYVVMJXERBBP6,False
RESEARCH_BASKETS_LEVELS,Factor,Broad / Cross-sector,Growth,Americas,GSTHREVG,Revenue Growth (US),USD,Research Basket,MAKYJQHT8TH2QC7Z,False
RESEARCH_BASKETS_LEVELS,Factor,Broad / Cross-sector,Dividend / Yield,Americas,GSTHHACF,High Adjusted FCF Yield,USD,Research Basket,MAKZJ7DZVQXQ4N6Y,False
RESEARCH_BASKETS_LEVELS,Other / Review,Broad / Cross-sector,,Europe,GSSBFOOP,EU Food Products,EUR,Research Basket,MAM2B7PRJA1V0ZK2,True
RESEARCH_BASKETS_LEVELS,Other / Review,Broad / Cross-sector,,Asia,GSSZINAS,GS Inexpensive ASEAN stocks,USD,Research Basket,MAM7QV8Y6BX5F0T5,True
RESEARCH_BASKETS_LEVELS,Other / Review,Broad / Cross-sector,,Americas,GSRH2Q6L,GSRH2Q6L,USD,Research Basket,MAMAKAJXV4TZX0ES,True
RESEARCH_BASKETS_LEVELS,Other / Review,Broad / Cross-sector,,Americas,GSCBHVG8,Price Return HVG8,USD,Research Basket,MAMDVGFSGR72R3WV,True
RESEARCH_BASKETS_LEVELS,Other / Review,Broad / Cross-sector,,Europe,GSTCUHOL,GS Wavefront UK Housing Long,GBP,Research Basket,MAME09XE9G8GJVZ9,True
RESEARCH_BASKETS_LEVELS,Theme,Broad / Cross-sector,HF / Positioning Theme,Americas,GSTHHVIP,Hedge Fund VIP,USD,Research Basket,MAMGDVSWVXWHEHFQ,False
RESEARCH_BASKETS_LEVELS,Other / Review,Broad / Cross-sector,,Americas,GSTHHHX3,Parent ticker: GSTHHFHI,USD,Research Basket,MAMGTB1574H2K830,True
RESEARCH_BASKETS_LEVELS,Other / Review,Broad / Cross-sector,,Asia,GSSZTWTO,GS TW Tourism Index,TWD,Research Basket,MAMKYKNF4PEWZH2V,True
RESEARCH_BASKETS_LEVELS,Other / Review,Broad / Cross-sector,,Americas,GSTHMUM5,MF Underweights Jun15,USD,Research Basket,MAMM110WNVQ8212F,True
RESEARCH_BASKETS_LEVELS,Other / Review,Consumer,,Asia,GSCNRMBW,RMB Depreciation Winners,HKD,Research Basket,MAMMMA5SMR60JKYZ,True
RESEARCH_BASKETS_LEVELS,Factor,Broad / Cross-sector,Momentum,Americas,GSSZWMOM,APJ Weak Momentum,USD,Research Basket,MAMPD39PXY5CNTF4,False
RESEARCH_BASKETS_LEVELS,Other / Review,Broad / Cross-sector,,Asia,,JP Domestic Consumption,JPY,Research Basket,MAMQ1N2T8ANBW450,True
RESEARCH_BASKETS_LEVELS,Other / Review,Broad / Cross-sector,,Americas,GSTHINN8,International Sales 2018,USD,Research Basket,MAMQC916V0DBERXH,True
RESEARCH_BASKETS_LEVELS,Other / Review,Broad / Cross-sector,,Asia,GSJPCPEX,GS JP Capex,JPY,Research Basket,MAMTDX8JXJ5M2RH7,True
RESEARCH_BASKETS_LEVELS,Theme,Broad / Cross-sector,Buybacks / Capital Return,Europe,GSSTREPO,EU Buybacks,EUR,Research Basket,MAMTGQV6VRPAB4X8,False
RESEARCH_BASKETS_LEVELS,Other / Review,Broad / Cross-sector,,Europe,GSTCUHOS,GS Wavefront UK Housing Short,GBP,Research Basket,MAMTS2CN193ZVCZ9,True
RESEARCH_BASKETS_LEVELS,Other / Review,Broad / Cross-sector,,Asia,GSSZAPPL,Taiwan Apple Suppliers,TWD,Research Basket,MAMWMHT27BHC9EEX,True
RESEARCH_BASKETS_LEVELS,Other / Review,Broad / Cross-sector,,Americas,GSRH3Q6L,3Q 2016 Earnings Upside,USD,Research Basket,MAMX22KE7X5MEE17,True
RESEARCH_BASKETS_LEVELS,Factor,Broad / Cross-sector,Size,Americas,GSIPSIZS,Size Factor Short,USD,Research Basket,MAN171BJQ6CM66HP,False
RESEARCH_BASKETS_LEVELS,Other / Review,Broad / Cross-sector,,Americas,GSSBGCYC,Global Cyclicals,USD,Research Basket,MAN569MEBHQ49378,True
RESEARCH_BASKETS_LEVELS,Other / Review,Broad / Cross-sector,,Europe,GSSTDOME,EU Domestic Exposure,EUR,Research Basket,MAN5DJ2GWPS4G5GN,True
RESEARCH_BASKETS_LEVELS,Other / Review,Broad / Cross-sector,,Europe,GSPWEUR1,GSPWEUR1,EUR,Research Basket,MAN69WPKF4FP6F5P,True
RESEARCH_BASKETS_LEVELS,Theme,TMT / Tech,Semiconductors,Europe,GSSBSEMI,EU Semiconductors,EUR,Research Basket,MAN6J9GA3D8SH5ZB,False
RESEARCH_BASKETS_LEVELS,Sector Factor,Consumer,Growth,Europe,GSTCUCGL,GS - UK CONSUMER GROWTH LONG,GBP,Research Basket,MAN83ZXMJTNC9T09,False
RESEARCH_BASKETS_LEVELS,Other / Review,Broad / Cross-sector,,Americas,GSTHHFSL,Low HF Concentration,USD,Research Basket,MAN8NPJ877AC2PV9,True
RESEARCH_BASKETS_LEVELS,Other / Review,Broad / Cross-sector,,Europe,GSSTINDI,EU India Exposure,EUR,Research Basket,MAN9DHG928FQXN2V,True
RESEARCH_BASKETS_LEVELS,Other / Review,Broad / Cross-sector,,Americas,GSTHWEN6,Western Eur Sales Jul16,USD,Research Basket,MANBWXZ75N90Q4EB,True
RESEARCH_BASKETS_LEVELS,Other / Review,Broad / Cross-sector,,Americas,GSTHSEV6,Overseas Earnings Oct16,USD,Research Basket,MANCGMVF9VRY8J36,True
RESEARCH_BASKETS_LEVELS,Factor,Broad / Cross-sector,Growth,Americas,GSIPGROS,Growth Factor Short,USD,Research Basket,MANDHT93TAG6VQR5,False
RESEARCH_BASKETS_LEVELS,Theme,Broad / Cross-sector,Labor / Wage,Europe,GSSTHLAB,EU High Labour Costs,EUR,Research Basket,MANDME5DCG5ZV9JV,False
RESEARCH_BASKETS_LEVELS,Other / Review,Broad / Cross-sector,,Asia,GSSZHIHK,GS HK High Hinterland,HKD,Research Basket,MANGA1SE7Z5TTQWC,True
RESEARCH_BASKETS_LEVELS,Other / Review,Broad / Cross-sector,,Americas,,Parent ticker: GSTHSHRP,USD,Research Basket,MANHTTTQV187ZDGG,True
RESEARCH_BASKETS_LEVELS,Other / Review,TMT / Tech,,Americas,GSCBINXT,INTERNAT SALES X TECH,USD,Research Basket,MANKBFQYKHK1W1HW,True
RESEARCH_BASKETS_LEVELS,Theme,Industrials,China / Supply Chain,Asia,GSJPCHID,GS Jpn China-industrial,JPY,Research Basket,MANKS3EB6S733D0B,False
RESEARCH_BASKETS_LEVELS,Other / Review,Broad / Cross-sector,,Europe,GSE2AME2,GSE2AME2,EUR,Research Basket,MANN5ZPRK6YQXVWG,True
RESEARCH_BASKETS_LEVELS,Other / Review,Broad / Cross-sector,,Americas,GSTHAIK3,Parent ticker: GSTHAINT,USD,Research Basket,MANQSR2B4XNSQTVK,True
RESEARCH_BASKETS_LEVELS,Theme,TMT / Tech,Semiconductors,Americas,GSSZAISM,GS Asia AIGC Semis,USD,Research Basket,MANQSSH784GV0X6D,False
RESEARCH_BASKETS_LEVELS,Other / Review,Broad / Cross-sector,,Americas,GSTHMUU6,MF Underweights Sep 2016,USD,Research Basket,MANRQN3DW5BPE73B,True
RESEARCH_BASKETS_LEVELS,Other / Review,Broad / Cross-sector,,Americas,GSTHMUK7,MF Underweights May17,USD,Research Basket,MANTB3Y24Q5QHDQP,True
RESEARCH_BASKETS_LEVELS,Other / Review,Broad / Cross-sector,,Americas,GSSBDEFS,Defensives,USD,Research Basket,MANV24R23S2DR4KQ,True
RESEARCH_BASKETS_LEVELS,Other / Review,Broad / Cross-sector,,Europe,GSSBTRUC,EU Trucks,EUR,Research Basket,MANXFW1QQXM2XFYT,True
RESEARCH_BASKETS_LEVELS,Factor,Broad / Cross-sector,Value,Americas,GSSZVALU,AeJ Value,USD,Research Basket,MANYA0X3CN1XSY4B,False
RESEARCH_BASKETS_LEVELS,Factor,Broad / Cross-sector,Growth,Americas,GSTHPGIR,High Growth Investment,USD,Research Basket,MANYZZWK01TGKH14,False
RESEARCH_BASKETS_LEVELS,Other / Review,Broad / Cross-sector,,Europe,GSSBHOLD,EU Holdings,EUR,Research Basket,MANZ639DZD0F1MYQ,True
RESEARCH_BASKETS_LEVELS,Other / Review,Broad / Cross-sector,,Americas,GSTHSBK4,Strong Bal Sheet May14,USD,Research Basket,MAP0FA4HD3GW4D8G,True
RESEARCH_BASKETS_LEVELS,Theme,Consumer,China / Supply Chain,Americas,GSCNAVIP,"China A ""VIP""",USD,Research Basket,MAP16APZ8P20EJQ6,False
RESEARCH_BASKETS_LEVELS,Other / Review,Consumer,,Europe,GSTCUCRS,GS CONSUMER ROTATION SHORT,GBP,Research Basket,MAP1MP6DXQ8HEVVP,True
RESEARCH_BASKETS_LEVELS,Other / Review,Broad / Cross-sector,,Americas,GSCBVSK5,HFVI Shorts May - PR,USD,Research Basket,MAP468ZTD7Z5Q6BG,True
RESEARCH_BASKETS_LEVELS,Other / Review,Broad / Cross-sector,,Asia,GSSZHISG,GS SG High Hinterland,SGD,Research Basket,MAP4CWPQ8BXFE2Q0,True
RESEARCH_BASKETS_LEVELS,Other / Review,Consumer,,Europe,GSTCECRL,GS EU CONSUMER ROTATION LONG,EUR,Research Basket,MAP5AHKBEGKJX0WR,True
RESEARCH_BASKETS_LEVELS,Factor,Broad / Cross-sector,Growth,Americas,GSTHDGX5,Dividend Growth Nov15,USD,Research Basket,MAP93QV0Y99XP9BG,False
RESEARCH_BASKETS_LEVELS,Other / Review,Broad / Cross-sector,,Americas,GSTHAIN6,Domestic Sales Jul 2016,USD,Research Basket,MAP9JCY0V8EJS8QA,True
RESEARCH_BASKETS_LEVELS,Other / Review,Broad / Cross-sector,,Asia,GSSZJPET,Goldman Sachs Japan Environmental Technology baskt,JPY,Research Basket,MAPABTPXJ2JM44PQ,True
RESEARCH_BASKETS_LEVELS,Other / Review,Broad / Cross-sector,,Americas,GSRHAC10,Parent ticker: GSRHACQN,USD,Research Basket,MAPAGP3QHGASF3MP,True
RESEARCH_BASKETS_LEVELS,Other / Review,Broad / Cross-sector,,Americas,GSSZTOPS,AeJ Consensus Sell,USD,Research Basket,MAPAXK6Y0DRK0H9Y,True
RESEARCH_BASKETS_LEVELS,Other / Review,Broad / Cross-sector,,Americas,GSTHMUH6,MF Underweights Mar16,USD,Research Basket,MAPBCR0780JCSH8E,True
RESEARCH_BASKETS_LEVELS,Other / Review,Broad / Cross-sector,,Americas,GSTHHTU5,High Tax Sep 2015,USD,Research Basket,MAPD5B1MCGR32WVM,True
RESEARCH_BASKETS_LEVELS,Theme,Broad / Cross-sector,Balance Sheet Strength,Americas,GSTHWBAL,Weak Balance Sheet US,USD,Research Basket,MAPEBQER1SRAVYGX,False
RESEARCH_BASKETS_LEVELS,Other / Review,Broad / Cross-sector,,Europe,GSCDLONG,asdasda,GBP,Research Basket,MAPF37567VPZGR53,True
RESEARCH_BASKETS_LEVELS,Other / Review,Broad / Cross-sector,,Europe,GSSBPCIN,EU Property & Casualty,EUR,Research Basket,MAPKSK43DPCJESEY,True
RESEARCH_BASKETS_LEVELS,Other / Review,Broad / Cross-sector,,Americas,GSTHVSQ4,HFVI Shorts Aug 2014,USD,Research Basket,MAPMN6CXSX69S4GH,True
RESEARCH_BASKETS_LEVELS,Other / Review,Broad / Cross-sector,,Americas,GSTHINN5,Intl Sales Jul 2015,USD,Research Basket,MAPMZ41YG8PP26YB,True
RESEARCH_BASKETS_LEVELS,Other / Review,Broad / Cross-sector,,Americas,GSTHMUZ4,MF Underweights Dec14,USD,Research Basket,MAPNQ20W6AKF8GF5,True
RESEARCH_BASKETS_LEVELS,Other / Review,Health Care,,Americas,GSGLGHSA,Healthcare Strategic M&A,USD,Research Basket,MAPQ0491GFYZ70HM,True
RESEARCH_BASKETS_LEVELS,Other / Review,Broad / Cross-sector,,Asia,GSSDREIT,GS JP REITs,JPY,Research Basket,MAPQKKGWDRARCDHJ,True
RESEARCH_BASKETS_LEVELS,Other / Review,Broad / Cross-sector,,Americas,GSEMMFUW,EM Mutual Fund UW,USD,Research Basket,MAPRKCN54NC71TWK,True
RESEARCH_BASKETS_LEVELS,Factor,Broad / Cross-sector,Growth,Europe,GSSTWDG1,Growth Sensitivity,EUR,Research Basket,MAPV7V6W951MM289,False
RESEARCH_BASKETS_LEVELS,Other / Review,Broad / Cross-sector,,Europe,GSSBPOST,EU Postals,EUR,Research Basket,MAPW68DKA650VCHQ,True
RESEARCH_BASKETS_LEVELS,Other / Review,Broad / Cross-sector,,Americas,GSCBPWMA,M&A Candidates Basket,USD,Research Basket,MAPWHDD2MCGMJ047,True
RESEARCH_BASKETS_LEVELS,Other / Review,Broad / Cross-sector,,Asia,GSSZAPP4,GS  Twn Select Apple Suppl,TWD,Research Basket,MAPYKWMT0P4PBA5N,True
RESEARCH_BASKETS_LEVELS,Other / Review,Broad / Cross-sector,,Americas,GSTHMOU6,MF Overweights Sep 2016,USD,Research Basket,MAPZ2STRAXPEXBX2,True
RESEARCH_BASKETS_LEVELS,Other / Review,Industrials,,Americas,GSRHIOIL,O&G-levered Industrials,USD,Research Basket,MAQ01HB76YSS1N35,True
RESEARCH_BASKETS_LEVELS,Other / Review,Broad / Cross-sector,,Americas,GSTHOLU5,Low Op Lev Sep 2015,USD,Research Basket,MAQ1TES230R6PKNW,True
RESEARCH_BASKETS_LEVELS,Factor,Broad / Cross-sector,Growth,Americas,GSTHRVF7,High Rev Growth Jan 17,USD,Research Basket,MAQ2RJK9HC798EGP,False
RESEARCH_BASKETS_LEVELS,Theme,Broad / Cross-sector,Rates Sensitivity,Americas,GSTHUST7,Rate Sensitive 2017,USD,Research Basket,MAQ442KPWZ2NHN6B,False
RESEARCH_BASKETS_LEVELS,Other / Review,Broad / Cross-sector,,Asia,GSJPHOIL,GS JP High Oil CAT,JPY,Research Basket,MAQ4CPEFH1JS27EQ,True
RESEARCH_BASKETS_LEVELS,Other / Review,Broad / Cross-sector,,Americas,GSCBWBK4,Weak Bal May 2014 - PR,USD,Research Basket,MAQ4VG0QZCSP8MCH,True
RESEARCH_BASKETS_LEVELS,Other / Review,Broad / Cross-sector,,Americas,GSTHHTA1,HighTax Static,USD,Research Basket,MAQ505DJX15T4SFT,True
RESEARCH_BASKETS_LEVELS,Other / Review,Broad / Cross-sector,,Americas,GSGLGBSA,Biotech Strategic Assets,USD,Research Basket,MAQ5KQ50GNQCNNMS,True
RESEARCH_BASKETS_LEVELS,Other / Review,Broad / Cross-sector,,Americas,GSMEMSF6,GS MEF SHORT MOM JAN 16,USD,Research Basket,MAQ5MXG7R8Q2WG14,True
RESEARCH_BASKETS_LEVELS,Other / Review,Broad / Cross-sector,,Americas,GSTHCAPX,Capex & R&D,USD,Research Basket,MAQ7XH7PEGTZAEM0,True
RESEARCH_BASKETS_LEVELS,Other / Review,Broad / Cross-sector,,Americas,GSCBHTA1,Price Return GSTHHTA1,USD,Research Basket,MAQ8DDEVPE007ER5,True
RESEARCH_BASKETS_LEVELS,Other / Review,Broad / Cross-sector,,Americas,GSTHHTA7,High Tax Rate,USD,Research Basket,MAQ8Y0SFYAH6SMGE,True
RESEARCH_BASKETS_LEVELS,Other / Review,Broad / Cross-sector,,Asia,GSSZJSGC,GS JP Global Cyclical,JPY,Research Basket,MAQAM89V866HVECB,True
RESEARCH_BASKETS_LEVELS,Other / Review,Broad / Cross-sector,,Americas,GSRHCR20,CROCI 20,USD,Research Basket,MAQCB6GFB3MR9WHG,True
RESEARCH_BASKETS_LEVELS,Other / Review,Broad / Cross-sector,,Asia,GSSRRETL,GS JP Retail,JPY,Research Basket,MAQEAYXVXM6MARTV,True
RESEARCH_BASKETS_LEVELS,Other / Review,Consumer,,Asia,GSSZTWCT,GS Twn Cons/Tourism,TWD,Research Basket,MAQG7WDA1TMKE3NP,True
RESEARCH_BASKETS_LEVELS,Other / Review,Broad / Cross-sector,,Americas,GSSZHMGN,APJ High &Stable Margin,USD,Research Basket,MAQH8CSQYKY5QXDM,True
RESEARCH_BASKETS_LEVELS,Other / Review,Broad / Cross-sector,,Americas,GSSZDEFS,APJ NonCore Defense Supp,USD,Research Basket,MAQH9E7H3K4RTXTT,True
RESEARCH_BASKETS_LEVELS,Theme,Consumer,China / Supply Chain,Americas,,GS Wavefront China vs. Consumer Basket,USD,Research Basket,MAQHAM7JQK7YEZH9,False
RESEARCH_BASKETS_LEVELS,Other / Review,Broad / Cross-sector,,Asia,GSSZJPHX,GS Japan strong Yen beneficiary,JPY,Research Basket,MAQJC6B55NQXCVJT,True
RESEARCH_BASKETS_LEVELS,Other / Review,Broad / Cross-sector,,Americas,GSTHHHX5,HF SPX High Nov 2015,USD,Research Basket,MAQJWC313ACCQ87X,True
RESEARCH_BASKETS_LEVELS,Other / Review,Broad / Cross-sector,,Americas,GSTHVSG4,Parent ticker: GSTHVISP,USD,Research Basket,MAQMYESQBXS26K06,True
RESEARCH_BASKETS_LEVELS,Theme,Broad / Cross-sector,Labor / Wage,Americas,GSTHLHK7,High Labor May 2017,USD,Research Basket,MAQRV73D7THEBKGB,False
RESEARCH_BASKETS_LEVELS,Other / Review,Broad / Cross-sector,,Americas,GSIPEVCS,EV / DACF Short,USD,Research Basket,MAQT7GPW00YQE28W,True
RESEARCH_BASKETS_LEVELS,Other / Review,Broad / Cross-sector,,Americas,GSIPINTL,Integrated Factor Long,USD,Research Basket,MAQTMK5CGD9E1DSF,True
RESEARCH_BASKETS_LEVELS,Other / Review,Broad / Cross-sector,,Europe,GSTRWHSL,GS Europe Wholesalers,EUR,Research Basket,MAQZ1HSHAWKRH6G6,True
RESEARCH_BASKETS_LEVELS,Other / Review,Broad / Cross-sector,,Americas,GSSZUSEX,AeJ US Exporters,USD,Research Basket,MAR0BGYZW6RXVZM4,True
RESEARCH_BASKETS_LEVELS,Other / Review,Industrials,,Americas,GSRHIOI4,Industrial Oil & Gas 4,USD,Research Basket,MAR2D9X2PD0K5TP5,True
RESEARCH_BASKETS_LEVELS,Other / Review,Consumer,,Asia,GSCNRMBL,RMB Depreciation Losers,USD,Research Basket,MAR3G9DMS8AT8ECQ,True
RESEARCH_BASKETS_LEVELS,Other / Review,Broad / Cross-sector,,Europe,GSSBUKHO,UK Homebuilders,GBP,Research Basket,MAR3J58MDDPNC53D,True
RESEARCH_BASKETS_LEVELS,Theme,Broad / Cross-sector,AI,Americas,GSTHLTAI,LT AI Beneficiaries,USD,Research Basket,MAR3SQJGTV8354YS,False
RESEARCH_BASKETS_LEVELS,Other / Review,Broad / Cross-sector,,Americas,GSMEMSH6,GS MEF SHORT MOM MAR 16,USD,Research Basket,MAR4R0XVCAYCCCFC,True
RESEARCH_BASKETS_LEVELS,Other / Review,Broad / Cross-sector,,Americas,GSIPEVFL,EV / FCF Long,USD,Research Basket,MAR76FPJ5EA6RAF3,True
RESEARCH_BASKETS_LEVELS,Other / Review,Broad / Cross-sector,,Americas,GSSZNEWA,New Asia,USD,Research Basket,MAR77YAT7DXCN19K,True
RESEARCH_BASKETS_LEVELS,Other / Review,Broad / Cross-sector,,Europe,GSPWUKI2,GSPWUKI2,GBP,Research Basket,MAR9M7S5SFGEGJ7E,True
RESEARCH_BASKETS_LEVELS,Factor,Broad / Cross-sector,Value,Americas,GSIPVALL,Value Factor Long,USD,Research Basket,MARAA3C7D1A9AHWW,False
RESEARCH_BASKETS_LEVELS,Other / Review,Broad / Cross-sector,,Europe,GSSBDEFE,EU Defense,EUR,Research Basket,MARARQ3XKCMK0VPE,True
RESEARCH_BASKETS_LEVELS,Other / Review,Broad / Cross-sector,,Americas,GSTHHHQ5,HF SPX High Aug 2015,USD,Research Basket,MARCHG7TBY6G87HQ,True
RESEARCH_BASKETS_LEVELS,Other / Review,Broad / Cross-sector,,Europe,GSSTEURO,Euro area Intl Exposure,EUR,Research Basket,MARHZX4F7VP5HHEF,True
RESEARCH_BASKETS_LEVELS,Other / Review,Broad / Cross-sector,,Americas,GSTHLTU5,Low Tax Sep 2015,USD,Research Basket,MARKH5WT6CNNQKPA,True
RESEARCH_BASKETS_LEVELS,Other / Review,Broad / Cross-sector,,Americas,GSTHDISS,Debt Issuers,USD,Research Basket,MARMAXS07EADGVP9,True
RESEARCH_BASKETS_LEVELS,Other / Review,Broad / Cross-sector,,Americas,GSTHOHF7,High Operating Lev Jan17,USD,Research Basket,MARMG88V7TJ51A0Y,True
RESEARCH_BASKETS_LEVELS,Other / Review,Broad / Cross-sector,,Asia,GSCBIMII,GS Make-in-India,INR,Research Basket,MARN0MVDGZCPG8R6,True
RESEARCH_BASKETS_LEVELS,Other / Review,Financials,,Americas,GSIPRETS,Financial Returns Short,USD,Research Basket,MARNZSPWY0GT25A7,True
RESEARCH_BASKETS_LEVELS,Factor,Broad / Cross-sector,Growth,Americas,GSSZDIVG,APJ High DivYield Growth,USD,Research Basket,MARP8MGBN7FTMDM0,False
RESEARCH_BASKETS_LEVELS,Factor,Broad / Cross-sector,Dividend / Yield,Asia,GSSZDIV2,GS Asia Secure High Yield CAT,USD,Research Basket,MARQ623M729ZYQD8,False
RESEARCH_BASKETS_LEVELS,Other / Review,Broad / Cross-sector,,Americas,,GSCBEMCP name,USD,Research Basket,MARRTHB42X02NBQR,True
RESEARCH_BASKETS_LEVELS,Other / Review,Broad / Cross-sector,,Americas,GSTHCAPP,Capex Basket,USD,Research Basket,MARS5FX2H8YQN4YY,True
RESEARCH_BASKETS_LEVELS,Other / Review,Broad / Cross-sector,,Americas,GSTHVSK7,HFVI Shorts May 2017,USD,Research Basket,MARSHBG9M821G752,True
RESEARCH_BASKETS_LEVELS,Other / Review,Broad / Cross-sector,,Americas,GSTHHVQ6,GSTHHVQ6,USD,Research Basket,MART9E3BWTXAX5ED,True
RESEARCH_BASKETS_LEVELS,Factor,Broad / Cross-sector,Dividend / Yield,Americas,GSSZDIVY,APJ Secure Div Yield,USD,Research Basket,MARTPFVFH7187ECR,False
RESEARCH_BASKETS_LEVELS,Other / Review,Broad / Cross-sector,,Americas,GSTHSEAS,Overseas Earnings,USD,Research Basket,MARTTNE7TV2573GN,True
RESEARCH_BASKETS_LEVELS,Other / Review,Broad / Cross-sector,,Americas,GSSZCAPX,APJ High Capex and R&D,USD,Research Basket,MARV6E83DSED1G5T,True
RESEARCH_BASKETS_LEVELS,Other / Review,Broad / Cross-sector,,Europe,GSCBCHES,GSCBCHES1,EUR,Research Basket,MARVHRYF0ABN0A23,True
RESEARCH_BASKETS_LEVELS,Other / Review,Broad / Cross-sector,,Americas,GSPWDIVG,GSPWDIVG,USD,Research Basket,MARWEHTHKYNVD28J,True
RESEARCH_BASKETS_LEVELS,Other / Review,Broad / Cross-sector,,Europe,GSSTINFR,Infrastructure spending,EUR,Research Basket,MAS157EC4F9A2551,True
RESEARCH_BASKETS_LEVELS,Theme,Broad / Cross-sector,Labor / Wage,Americas,GSSZHLAB,GS APxJ High Labor Cost,USD,Research Basket,MAS3A1PPDPQJDVR0,False
RESEARCH_BASKETS_LEVELS,Other / Review,Broad / Cross-sector,,Americas,GSSZSPCE,GS Asia Space Economy,USD,Research Basket,MAS3T62J8VDR7VAV,True
RESEARCH_BASKETS_LEVELS,Other / Review,Broad / Cross-sector,,Europe,GSSTPENS,EU Pension Risk,EUR,Research Basket,MAS51TG28HCMQ228,True
RESEARCH_BASKETS_LEVELS,Other / Review,Broad / Cross-sector,,Americas,GSTHLTA7,Low Tax 2017,USD,Research Basket,MAS6KGNJ3BQ5F6TZ,True
RESEARCH_BASKETS_LEVELS,Other / Review,Broad / Cross-sector,,Americas,GSTHGRK3,Parent ticker: GSTHGARR,USD,Research Basket,MAS6X1D8X06QGFG3,True
RESEARCH_BASKETS_LEVELS,Theme,Broad / Cross-sector,China / Supply Chain,Americas,GSRHCNIT,GS CHINA FLOW WINNERS,USD,Research Basket,MAS71ZTCJW5Q6HQX,False
RESEARCH_BASKETS_LEVELS,Other / Review,Health Care,,Americas,GSRHGXHD,GS Government Austerity Ex Healthcare and Aerospace/Defense,USD,Research Basket,MAS7WJYAPSBFFCV2,True
RESEARCH_BASKETS_LEVELS,Other / Review,Broad / Cross-sector,,Americas,GSTHSRM6,High Sharpe Ratio Jun16,USD,Research Basket,MAS8JSHMC4M5N2MJ,True
RESEARCH_BASKETS_LEVELS,Other / Review,Financials,,Americas,GSIPRETL,Financial Returns Long,USD,Research Basket,MASADME3DK66N8FP,True
RESEARCH_BASKETS_LEVELS,Factor,Broad / Cross-sector,Growth,Asia,GSSZGWRE,Gs Earnings Growth Recovery,USD,Research Basket,MASBAQR1GAV9G8BA,False
RESEARCH_BASKETS_LEVELS,Other / Review,Broad / Cross-sector,,Americas,GSIPROEL,ROE Long,USD,Research Basket,MASC93CMCVKA53PR,True
RESEARCH_BASKETS_LEVELS,Other / Review,Broad / Cross-sector,,Europe,GSSBBUSC,EU Business Services,EUR,Research Basket,MASE7R23FEQ0DSGQ,True
RESEARCH_BASKETS_LEVELS,Other / Review,Broad / Cross-sector,,Asia,GSSZTWCN,GS Twn x-straits CAT,TWD,Research Basket,MASFE3JN3WWYTAZT,True
RESEARCH_BASKETS_LEVELS,Other / Review,Broad / Cross-sector,,Americas,GSTHCAJ4,Parent ticker: GSTHCASH,USD,Research Basket,MASHGRGTKEG5T797,True
RESEARCH_BASKETS_LEVELS,Theme,Broad / Cross-sector,Buybacks / Capital Return,Americas,GSTHREV5,Buybacks Oct 2015,USD,Research Basket,MASHJ607CD5A968C,False
RESEARCH_BASKETS_LEVELS,Other / Review,Broad / Cross-sector,,Europe,GSCBMCAQ,GS Europe M&A Candidates,EUR,Research Basket,MASHP695Z5N9NVD0,True
RESEARCH_BASKETS_LEVELS,Factor,Broad / Cross-sector,Growth,Americas,GSWFINLD,GS Wavefront Investment Growth Long / Defensive Short,USD,Research Basket,MASJSMFKSBWSVBJ6,False
RESEARCH_BASKETS_LEVELS,Other / Review,Broad / Cross-sector,,Americas,GSCBQUL5,GSTHQUL5 - PR,USD,Research Basket,MASKNBBM5577YBDS,True
RESEARCH_BASKETS_LEVELS,Other / Review,Broad / Cross-sector,,Americas,GSRHAC17,M&A Candidates,USD,Research Basket,MASKY2APASV4EXED,True
RESEARCH_BASKETS_LEVELS,Other / Review,Broad / Cross-sector,,Americas,GSTHGARP,US GARP,USD,Research Basket,MASMV522J8DN93YY,True
RESEARCH_BASKETS_LEVELS,Other / Review,Broad / Cross-sector,,Americas,GSCBPWSB,GS custom Baset,USD,Research Basket,MASP3HJ03GBZF54K,True
RESEARCH_BASKETS_LEVELS,Other / Review,Broad / Cross-sector,,Americas,GSTHCAV8,Total Cash Return Oct 18,USD,Research Basket,MASPDTJBGE9XKN5D,True
RESEARCH_BASKETS_LEVELS,Other / Review,Broad / Cross-sector,,Europe,GSSBTRAD,EU Trading Services,EUR,Research Basket,MASPVVT71YER383E,True
RESEARCH_BASKETS_LEVELS,Other / Review,Broad / Cross-sector,,Americas,GSCBAIN2,EW Price Return AINT,USD,Research Basket,MASRBBZDBWSC86E9,True
RESEARCH_BASKETS_LEVELS,Other / Review,Broad / Cross-sector,,Asia,GSGLSSTN,GS Sustain,USD,Research Basket,MASWC8S34QRWHWAR,True
RESEARCH_BASKETS_LEVELS,Other / Review,Broad / Cross-sector,,Asia,GSSZDOMA,GS AEJ Domestic Cyc Alpha CAT,USD,Research Basket,MASWSR5EC8F6JNSS,True
RESEARCH_BASKETS_LEVELS,Factor,Broad / Cross-sector,Growth,Europe,GSSTDIVG,EU Dividend Growth,EUR,Research Basket,MASXT9D772FYZJH3,False
RESEARCH_BASKETS_LEVELS,Other / Review,Broad / Cross-sector,,Americas,GSTHHTA6,High Tax Basket,USD,Research Basket,MASYAA7J8FMQ4QKY,True
RESEARCH_BASKETS_LEVELS,Other / Review,Broad / Cross-sector,,Asia,GSSZDIV3,GS APJ Security HY 3,USD,Research Basket,MASYE6E8Y63WQPKW,True
RESEARCH_BASKETS_LEVELS,Factor,Broad / Cross-sector,Growth,Asia,GSCBRL10,Rule 10 Secular Growth,USD,Research Basket,MAT08C7RTHQKC6EM,False
RESEARCH_BASKETS_LEVELS,Other / Review,Broad / Cross-sector,,Americas,GSMEMLG6,GS MEF LONG MOM FEB 16,USD,Research Basket,MAT3A06MPV6PG2GW,True
RESEARCH_BASKETS_LEVELS,Other / Review,Broad / Cross-sector,,Americas,GSTHTYM3,Parent ticker: GSTHUSTY,USD,Research Basket,MAT5067JT61FDBPE,True
RESEARCH_BASKETS_LEVELS,Other / Review,Broad / Cross-sector,,Asia,GSJPMFUW,JP Foreign Funds UW,JPY,Research Basket,MATAVGM6AJSS7T49,True
RESEARCH_BASKETS_LEVELS,Theme,Broad / Cross-sector,AI,Americas,GSSZAIGC,GS Asia Generative AI,USD,Research Basket,MATB8205GW18CGFJ,False
RESEARCH_BASKETS_LEVELS,Other / Review,Broad / Cross-sector,,Americas,GSCBHTV7,High Tax Oct 17 PR,USD,Research Basket,MATF5R8KX3BT6TE9,True
RESEARCH_BASKETS_LEVELS,Theme,Broad / Cross-sector,China / Supply Chain,Asia,GSSZCNIF,China Infrastructure CAT,USD,Research Basket,MATGVBXF5VJDQMW2,False
RESEARCH_BASKETS_LEVELS,Other / Review,Broad / Cross-sector,,Asia,GSJPCRTR,GS JP Critical Resources,JPY,Research Basket,MATHYRBXS9JGX40K,True
RESEARCH_BASKETS_LEVELS,Other / Review,Broad / Cross-sector,,Americas,GSTHREJ4,Parent ticker: GSTHREPO,USD,Research Basket,MATJTMYEPN1YSMMJ,True
RESEARCH_BASKETS_LEVELS,Other / Review,Broad / Cross-sector,,Europe,GSWDDEFS,Global Defensives,USD,Research Basket,MATN2T2Q4KZ6464N,True
RESEARCH_BASKETS_LEVELS,Other / Review,Broad / Cross-sector,,Americas,GSTHLTAX,Low Tax,USD,Research Basket,MATQXV95JQGSFSXJ,True
RESEARCH_BASKETS_LEVELS,Theme,Broad / Cross-sector,Balance Sheet Strength,Americas,GSTHSBAL,Strong Balance Sheet US,USD,Research Basket,MATRNG2C1THJ73JV,False
RESEARCH_BASKETS_LEVELS,Other / Review,Broad / Cross-sector,,Europe,LDNTST6,LDNTST6,EUR,Research Basket,MATS0PEXVEX4J2S9,True
RESEARCH_BASKETS_LEVELS,Other / Review,Broad / Cross-sector,,Americas,GSSZDG12,Digital Dozen,USD,Research Basket,MATZWPYC48WKF4XQ,True
RESEARCH_BASKETS_LEVELS,Other / Review,Broad / Cross-sector,,Americas,GSIPPERS,PE Short,USD,Research Basket,MAV0WWJPHJJ3EFNE,True
RESEARCH_BASKETS_LEVELS,Factor,Broad / Cross-sector,Growth,Americas,GSIPEBIS,EBITDA Growth Short,USD,Research Basket,MAV14WEA8PRCQE2R,False
RESEARCH_BASKETS_LEVELS,Other / Review,Broad / Cross-sector,,Americas,GSSBCYN5,GSSB CYCL STATIC JUL15,USD,Research Basket,MAV2K8ZMF0FS9VTM,True
RESEARCH_BASKETS_LEVELS,Other / Review,Broad / Cross-sector,,Asia,GSJPHALO,GS JP Capital Intensive,JPY,Research Basket,MAV3KSMZAZN3C2C1,True
RESEARCH_BASKETS_LEVELS,Other / Review,Broad / Cross-sector,,Americas,GSSBGLBL,Global,USD,Research Basket,MAV3QH09C387NGC1,True
RESEARCH_BASKETS_LEVELS,Theme,Broad / Cross-sector,Labor / Wage,Europe,GSSTFRLI,French Labour Intensive,EUR,Research Basket,MAV4TDDD5F3NK614,False
RESEARCH_BASKETS_LEVELS,Other / Review,Broad / Cross-sector,,Americas,GSEMAMER,EM US Sales Exposure,USD,Research Basket,MAV7FWP2REFW976E,True
RESEARCH_BASKETS_LEVELS,Theme,Broad / Cross-sector,HF / Positioning Theme,Americas,GSCBHFLB,Client HF VIP,USD,Research Basket,MAVBTE3Y7FG8TP5H,False
RESEARCH_BASKETS_LEVELS,Theme,Broad / Cross-sector,Labor / Wage,Americas,GSTHLLAB,Low Labor Cost (US),USD,Research Basket,MAVC7WG7J3XNKQ0R,False
RESEARCH_BASKETS_LEVELS,Factor,Broad / Cross-sector,Growth,Americas,GSTHDGJ6,Dividend Growth Apr16,USD,Research Basket,MAVD2WFQKM9RHKRW,False
RESEARCH_BASKETS_LEVELS,Other / Review,Broad / Cross-sector,,Americas,GSSZPOWE,Asia Power & Electricity,USD,Research Basket,MAVDZPNFYT2VJMFP,True
RESEARCH_BASKETS_LEVELS,Factor,Broad / Cross-sector,Beta,Asia,GSJPIRON,GS JP Iron BETA,JPY,Research Basket,MAVETFYR373XM1DR,False
RESEARCH_BASKETS_LEVELS,Other / Review,Utilities,,Europe,GSSBUTHY,EU Utilities Hybrid,EUR,Research Basket,MAVF6X11D286G576,True
RESEARCH_BASKETS_LEVELS,Other / Review,Broad / Cross-sector,,Americas,GSTHHVQ4,Parent ticker: GSTHHVIP,USD,Research Basket,MAVJ65H3EKK3RASF,True
RESEARCH_BASKETS_LEVELS,Other / Review,Broad / Cross-sector,,Europe,GSSBOILI,EU Integrated Oil & Gas,EUR,Research Basket,MAVJAJMT7583MSB7,True
RESEARCH_BASKETS_LEVELS,Other / Review,Broad / Cross-sector,,Americas,GSSBCYCL,Cyclicals,USD,Research Basket,MAVJYSK1BAPHYBC2,True
RESEARCH_BASKETS_LEVELS,Theme,Broad / Cross-sector,Balance Sheet Strength,Americas,GSTHWBM7,Weak Balance Sht June17,USD,Research Basket,MAVNNDYK52GX8C3H,False
RESEARCH_BASKETS_LEVELS,Other / Review,Broad / Cross-sector,,Americas,GSRHQ48L,Q4 19 Out of Consensus L,USD,Research Basket,MAVNWVFE2WFXSRQ2,True
RESEARCH_BASKETS_LEVELS,Other / Review,Broad / Cross-sector,,Americas,GSRHACQN,M&A Candidates (US),USD,Research Basket,MAVPWFWMSFBT82DD,True
RESEARCH_BASKETS_LEVELS,Other / Review,Broad / Cross-sector,,Americas,GSRHGVT6,Govt Exposed Companies,USD,Research Basket,MAVRWWM7TVYPNFE8,True
RESEARCH_BASKETS_LEVELS,Other / Review,Broad / Cross-sector,,Europe,GSSTCAPX,EU Capex Beneficiaries,EUR,Research Basket,MAVSYVCK1N1MJ4A3,True
RESEARCH_BASKETS_LEVELS,Other / Review,Real Estate,,Europe,GSSBREEU,EU Real Estate - Europe,EUR,Research Basket,MAVVKJH5D5VF9PER,True
RESEARCH_BASKETS_LEVELS,Other / Review,Broad / Cross-sector,,Europe,GSSBSTAF,EU Staffing,EUR,Research Basket,MAVVNAX4MJA7972E,True
RESEARCH_BASKETS_LEVELS,Factor,Broad / Cross-sector,Growth,Americas,GSIPSALS,Sales Growth Short,USD,Research Basket,MAVWDN7T8W7TZTJC,False
RESEARCH_BASKETS_LEVELS,Other / Review,Broad / Cross-sector,,Europe,GSSBBKNO,EU Banks - Nordic,EUR,Research Basket,MAVXS6M1AMX39XC6,True
RESEARCH_BASKETS_LEVELS,Theme,Broad / Cross-sector,Rates Sensitivity,Americas,GSTHSDUR,Short Duration,USD,Research Basket,MAVYES4R5J2VQV3W,False
RESEARCH_BASKETS_LEVELS,Theme,Broad / Cross-sector,HF / Positioning Theme,Americas,GSTHHVG6,Hedge Fund VIP Feb 2016,USD,Research Basket,MAVZ8YSBG6QH450E,False
RESEARCH_BASKETS_LEVELS,Other / Review,Broad / Cross-sector,,Americas,GSTHCAV3,Parent ticker: GSTHCASH,USD,Research Basket,MAVZXZ8EHMC2NANP,True
RESEARCH_BASKETS_LEVELS,Factor,Broad / Cross-sector,Growth,Global,GSSZGWDE,GS Earnings Growth Delivery,USD,Research Basket,MAW20GHD6Q3P27T8,False
RESEARCH_BASKETS_LEVELS,Other / Review,Consumer,,Americas,GSSZREVW,APJ Cons Revision Winner,USD,Research Basket,MAW2766902GG7XW8,True
RESEARCH_BASKETS_LEVELS,Other / Review,Utilities,,Europe,GSSBUTIW,EU Utilities Water,GBP,Research Basket,MAW4KP21T2HEKW01,True
RESEARCH_BASKETS_LEVELS,Factor,Broad / Cross-sector,Growth,Americas,GSTHRVU5,Revenue Growth Sep 2015,USD,Research Basket,MAW4V6MT9A53DMA8,False
RESEARCH_BASKETS_LEVELS,Other / Review,Broad / Cross-sector,,Europe,GSSTCYCL,EU Cyclicals,EUR,Research Basket,MAW5NP7KDGE88422,True
RESEARCH_BASKETS_LEVELS,Other / Review,Broad / Cross-sector,,Americas,GSRH4Q7S,Earnings Tactical Short,USD,Research Basket,MAW66CFYFJ7NM5CS,True
RESEARCH_BASKETS_LEVELS,Other / Review,Broad / Cross-sector,,Americas,GSIPREVS,Revision Factor Short,USD,Research Basket,MAW6Q5B104A2YKG9,True
RESEARCH_BASKETS_LEVELS,Other / Review,Broad / Cross-sector,,Americas,GSTHCAV6,Total Cash Return Oct16,USD,Research Basket,MAW8FK4H9R9R7W6C,True
RESEARCH_BASKETS_LEVELS,Other / Review,Broad / Cross-sector,,Europe,GSVSUKD2,GSVSUKD2,GBP,Research Basket,MAWBARPCY0TMT8JD,True
RESEARCH_BASKETS_LEVELS,Other / Review,Broad / Cross-sector,,Americas,GSTHCAJ7,Total Cash Return Apr17,USD,Research Basket,MAWEM5MMRKZE2VA2,True
RESEARCH_BASKETS_LEVELS,Theme,Broad / Cross-sector,Rates Sensitivity,Americas,GSRHRAT5,Rate SensitivFins S5,USD,Research Basket,MAWG7PKMBK1EE2XG,False
RESEARCH_BASKETS_LEVELS,Other / Review,Broad / Cross-sector,,Americas,GSWFHSLD,GS Wavefront Baskets Housing,USD,Research Basket,MAWH6T5D57B7CBEJ,True
RESEARCH_BASKETS_LEVELS,Other / Review,Broad / Cross-sector,,Americas,GSSZSTFL,APxJ Stagflation Losers,USD,Research Basket,MAWJCN0QCT1WEH7Q,True
RESEARCH_BASKETS_LEVELS,Other / Review,Broad / Cross-sector,,Americas,GSRH3Q6S,3Q2016 Earnings Downside,USD,Research Basket,MAWJQ7CHN4WQKTHZ,True
RESEARCH_BASKETS_LEVELS,Other / Review,Broad / Cross-sector,,Asia,GSJPDFSV,GS Japan Defensives,JPY,Research Basket,MAWN5FSMXJ3A2Q0Y,True
RESEARCH_BASKETS_LEVELS,Theme,Broad / Cross-sector,China / Supply Chain,Asia,GSJPCHNA,China Exposure Basket,JPY,Research Basket,MAWXADAFF53WBGFB,False
RESEARCH_BASKETS_LEVELS,Factor,Broad / Cross-sector,Quality,Asia,GSSZRECO,GS AEJ Quality Recovery Stocks,USD,Research Basket,MAWXVZTQPJ8YXCJA,False
RESEARCH_BASKETS_LEVELS,Other / Review,Broad / Cross-sector,,Asia,GSSRCHEM,GS JP Chemicals,JPY,Research Basket,MAWYBC8FBD5716PC,True
RESEARCH_BASKETS_LEVELS,Sector Factor,Consumer,Growth,Americas,GSWFCGLD,Consumer Growth Longs,USD,Research Basket,MAWYF5RXMRH3HEZC,False
RESEARCH_BASKETS_LEVELS,Other / Review,Broad / Cross-sector,,Europe,GSSBAUTO,EU Automobiles,EUR,Research Basket,MAX1H3Y92S57B6SW,True
RESEARCH_BASKETS_LEVELS,Theme,Broad / Cross-sector,Buybacks / Capital Return,Americas,GSTHREV7,Buybacks Oct 2017,USD,Research Basket,MAX1J27M21ET5KJG,False
RESEARCH_BASKETS_LEVELS,Other / Review,Broad / Cross-sector,,Americas,GSIPROCL,ROCE Long,USD,Research Basket,MAX1N1328RSGGZMG,True
RESEARCH_BASKETS_LEVELS,Other / Review,Broad / Cross-sector,,Americas,GSCBMLPU,GS MLP Underweights,USD,Research Basket,MAX3FQJ8K4D4K7R0,True
RESEARCH_BASKETS_LEVELS,Other / Review,Broad / Cross-sector,,Americas,GSRHQ48S,Q4 19 Out of Consensus S,USD,Research Basket,MAX3SKWJ5159ND16,True
RESEARCH_BASKETS_LEVELS,Factor,Broad / Cross-sector,Quality,Americas,GSTHQLU5,High Quality Sep 2015,USD,Research Basket,MAX3Y10D82F969DP,False
RESEARCH_BASKETS_LEVELS,Theme,Broad / Cross-sector,Labor / Wage,Americas,GSTHHLAB,High Labor Cost (US),USD,Research Basket,MAX455PXPNZYJR0S,False
RESEARCH_BASKETS_LEVELS,Other / Review,Broad / Cross-sector,,Americas,GSRHSMBX,US SMB Exposed Cos.,USD,Research Basket,MAX57ZC3DQ4RMS14,True
RESEARCH_BASKETS_LEVELS,Other / Review,Broad / Cross-sector,,Americas,GSTHINN6,Intl Sales Jul 2016,USD,Research Basket,MAX6379CK8PQ1B87,True
RESEARCH_BASKETS_LEVELS,Other / Review,Financials,,Asia,GSSZTWFA,GS Taiwan financials alpha CAT,TWD,Research Basket,MAX6A2A9AK986M96,True
RESEARCH_BASKETS_LEVELS,Other / Review,Broad / Cross-sector,,Asia,GSJPLAHO,GS JP Capital Light,JPY,Research Basket,MAX6E3DRN7FTH2DG,True
RESEARCH_BASKETS_LEVELS,Other / Review,Broad / Cross-sector,,Europe,GSSBMEBR,EU Media - Broadcasting,EUR,Research Basket,MAX6KZ4AK2D2JBEA,True
RESEARCH_BASKETS_LEVELS,Other / Review,Broad / Cross-sector,,Americas,GSCBACQS,M&A Basket,USD,Research Basket,MAX7G8CYT4QJW5YA,True
RESEARCH_BASKETS_LEVELS,Other / Review,Broad / Cross-sector,,Americas,GSIPAMEA,GIR AMER Coverage,USD,Research Basket,MAX9N3TGCG3PKXPC,True
RESEARCH_BASKETS_LEVELS,Other / Review,Broad / Cross-sector,,Americas,GSSZLTAX,APJ Low Tax,USD,Research Basket,MAXCHZQW18M0VHJY,True
RESEARCH_BASKETS_LEVELS,Other / Review,Broad / Cross-sector,,Americas,GSTHHLX5,HF SPX Low Nov 2015,USD,Research Basket,MAXE96D8VDA60CNV,True
RESEARCH_BASKETS_LEVELS,Other / Review,Broad / Cross-sector,,Americas,GSTHVSG8,HF VIS Feb 2018,USD,Research Basket,MAXF6RF77S4VKKPT,True
RESEARCH_BASKETS_LEVELS,Other / Review,Broad / Cross-sector,,Asia,,GS Japan Womenomics,JPY,Research Basket,MAXF918S7HN7FKQ6,True
RESEARCH_BASKETS_LEVELS,Other / Review,Broad / Cross-sector,,Europe,GSSBSTEL,EU Basic Res. Steel,EUR,Research Basket,MAXG22KGZ97N7Z1J,True
RESEARCH_BASKETS_LEVELS,Factor,Broad / Cross-sector,Dividend / Yield,Europe,GSSTHIDY,GS GIR High + Growing Dividend Yield,EUR,Research Basket,MAXHBZ4T52FGFT2X,False
RESEARCH_BASKETS_LEVELS,Other / Review,Broad / Cross-sector,,Europe,GSSTBRIC,EU EM Exposure,EUR,Research Basket,MAXHYAV7BXSTGAEE,True
RESEARCH_BASKETS_LEVELS,Factor,Broad / Cross-sector,Leverage,Asia,GSSZOPHI,GS AEJ High Operating Leverage,USD,Research Basket,MAXJ9M7H94EPCKFT,False
RESEARCH_BASKETS_LEVELS,Other / Review,Broad / Cross-sector,,Americas,GSRHBP10,GS BOND BUYERS 10 (PR),USD,Research Basket,MAXNG8PYMAMBTKRR,True
RESEARCH_BASKETS_LEVELS,Other / Review,Industrials,,Asia,GSINLCCP,India LargecapCompounder,INR,Research Basket,MAXP1NPJXJN2FTK4,True
RESEARCH_BASKETS_LEVELS,Factor,Broad / Cross-sector,Quality,Europe,GSSTQUAL,EU Quality,EUR,Research Basket,MAXPQ7HDQ8Z6BDFK,False
RESEARCH_BASKETS_LEVELS,Other / Review,Broad / Cross-sector,,Asia,GSSZTOPT,GS Consensus Top Trades Index,USD,Research Basket,MAXPRN5XV4Y8X4KN,True
RESEARCH_BASKETS_LEVELS,Factor,Broad / Cross-sector,Beta,Asia,GSJPSHIP,GS JP Shipping BETA,JPY,Research Basket,MAXQPBZHWW9J4N9P,False
RESEARCH_BASKETS_LEVELS,Other / Review,Broad / Cross-sector,,Europe,GSSBBIOT,EU Biotechnology,EUR,Research Basket,MAXTD8E042P04CWW,True
RESEARCH_BASKETS_LEVELS,Factor,Broad / Cross-sector,Short Interest,Americas,GSIPSHOL,Short Interest Long,USD,Research Basket,MAXWRPY6VPKW28X4,False
RESEARCH_BASKETS_LEVELS,Other / Review,Broad / Cross-sector,,Europe,,MDSGSSTEURO,EUR,Research Basket,MAXXMBMZRZ3QBZKD,True
RESEARCH_BASKETS_LEVELS,Other / Review,Broad / Cross-sector,,Americas,,GSCBEMCW name,USD,Research Basket,MAXXR71GS95QR4DE,True
RESEARCH_BASKETS_LEVELS,Other / Review,Broad / Cross-sector,,Europe,GSSTPEXP,Peripheral Exporters,EUR,Research Basket,MAY1GA3E8XTFK2ZF,True
RESEARCH_BASKETS_LEVELS,Other / Review,Broad / Cross-sector,,Americas,GSTHCAJ8,Cash Return Basket 1H18,USD,Research Basket,MAY38Y6XRSQZ7XQR,True
RESEARCH_BASKETS_LEVELS,Other / Review,Broad / Cross-sector,,Europe,GSTRCN2S,.GSTRCN2S,EUR,Research Basket,MAY5DSH6HT7CRDWS,True
RESEARCH_BASKETS_LEVELS,Other / Review,Broad / Cross-sector,,Europe,GSSBCIVA,EU Civil Aerospace,EUR,Research Basket,MAY6N34VW60GZ2GR,True
RESEARCH_BASKETS_LEVELS,Other / Review,Broad / Cross-sector,,Asia,GSSZJPFX,GS Japan weak Yen beneficiary,JPY,Research Basket,MAY8SGCRDW2T6GSC,True
RESEARCH_BASKETS_LEVELS,Other / Review,Broad / Cross-sector,,Europe,GSSTUKDE,UK Domestic Exposure,GBP,Research Basket,MAY8VKJ4FAFG2PE9,True
RESEARCH_BASKETS_LEVELS,Other / Review,Broad / Cross-sector,,Americas,GSCBCAV4,GS CASH Oct14 PR Index,USD,Research Basket,MAY8Z3AQMFPEQBB2,True
RESEARCH_BASKETS_LEVELS,Other / Review,Broad / Cross-sector,,Americas,GSTHBCK3,Parent ticker: GSTHBRIC,USD,Research Basket,MAY9M8QG2DG2JHC1,True
RESEARCH_BASKETS_LEVELS,Other / Review,Broad / Cross-sector,,Americas,GSRHGOVT,Govt Exposed Cos. (US),USD,Research Basket,MAY9PXHEMXQHFNCH,True
RESEARCH_BASKETS_LEVELS,Other / Review,Broad / Cross-sector,,Europe,GSPWHID7,GSPWHID7,EUR,Research Basket,MAY9Z9N170A5GXMQ,True
RESEARCH_BASKETS_LEVELS,Other / Review,Broad / Cross-sector,,Europe,GSSBTINF,EU Infrastructure,EUR,Research Basket,MAYAX634C6SRFAVK,True
RESEARCH_BASKETS_LEVELS,Other / Review,Broad / Cross-sector,,Americas,GSTHWBH6,Weak Bal Sheet Mar16,USD,Research Basket,MAYDEBXWR6G2AB0C,True
RESEARCH_BASKETS_LEVELS,Other / Review,Broad / Cross-sector,,Europe,GSCBSPEU,GSCB Spanish,EUR,Research Basket,MAYDJ8CWJS4GNHWV,True
RESEARCH_BASKETS_LEVELS,Other / Review,Broad / Cross-sector,,Asia,GSSZJSDF,GS JP Defensives,JPY,Research Basket,MAYFHEDJ7GWDXF78,True
RESEARCH_BASKETS_LEVELS,Theme,Broad / Cross-sector,Balance Sheet Strength,Europe,GSSTSBAL,EU Strong Balance Sheet,EUR,Research Basket,MAYFQXT14PP2TB0M,False
RESEARCH_BASKETS_LEVELS,Other / Review,Broad / Cross-sector,,Americas,GSTHLAIR,Low Asset Intensity,USD,Research Basket,MAYP40VFYACH2T9N,True
RESEARCH_BASKETS_LEVELS,Other / Review,Broad / Cross-sector,,Americas,GSTHCASP,CASH Price Return,USD,Research Basket,MAYRBGRYDNQHFJWX,True
RESEARCH_BASKETS_LEVELS,Other / Review,Broad / Cross-sector,,Americas,GSTHLTF7,Low Tax Jan 17,USD,Research Basket,MAYV6ZFWE8D4A6Q8,True
RESEARCH_BASKETS_LEVELS,Other / Review,Broad / Cross-sector,,Americas,GSSZMSGC,Global Cyclicals (AeJ),USD,Research Basket,MAYX063F6571KQZJ,True
RESEARCH_BASKETS_LEVELS,Theme,Broad / Cross-sector,AI,Americas,GSSZAIPH,GS Asia Physical AI,USD,Research Basket,MAYXGYQZVXMKS5F5,False
RESEARCH_BASKETS_LEVELS,Factor,Broad / Cross-sector,Volatility,Americas,GSIPVOLL,Volatility Factor Long,USD,Research Basket,MAYYMXTNRRJ9QM4E,False
RESEARCH_BASKETS_LEVELS,Factor,Broad / Cross-sector,Growth,Europe,GSSTWDGR,Growth Sensitivity,EUR,Research Basket,MAZ01TPJYDMNAMDN,False
RESEARCH_BASKETS_LEVELS,Other / Review,Broad / Cross-sector,,Asia,GSJPDOMS,GS Japan Domestics,JPY,Research Basket,MAZ1Y8752T7X35GN,True
RESEARCH_BASKETS_LEVELS,Theme,Financials,Rates Sensitivity,Americas,GSRHRAT7,Rate Sensitive Fins,USD,Research Basket,MAZ1ZMRFNDKP6XP1,False
RESEARCH_BASKETS_LEVELS,Other / Review,Broad / Cross-sector,,Americas,GSRHQ28L,Q2 18 Out of Consensus L,USD,Research Basket,MAZ26V8T910Y0TWV,True
RESEARCH_BASKETS_LEVELS,Other / Review,Broad / Cross-sector,,Americas,GSSZPOWU,GS Power Up Asia,USD,Research Basket,MAZ3CBR59545AAEH,True
RESEARCH_BASKETS_LEVELS,Other / Review,Broad / Cross-sector,,Europe,GSECGERS,static GSECGERS,EUR,Research Basket,MAZ5DZZ9XYMTE66K,True
RESEARCH_BASKETS_LEVELS,Other / Review,Broad / Cross-sector,,Americas,GSSZAIAP,GS Asia AIGC Application,USD,Research Basket,MAZ6V1Q6SYSQNPN5,True
RESEARCH_BASKETS_LEVELS,Factor,Broad / Cross-sector,Growth,Americas,GSWFTGSB,Wavefront Turbo Growth Shorts,USD,Research Basket,MAZ6XMPY5BKXHEKQ,False
RESEARCH_BASKETS_LEVELS,Other / Review,Consumer,,Europe,GSTCUCRL,GS CONSUMER ROTATION LONG,GBP,Research Basket,MAZ9YVFP6ZQVQMP6,True
RESEARCH_BASKETS_LEVELS,Other / Review,Financials,,Americas,GSCBRAT8,RATE SENS FINS,USD,Research Basket,MAZC7BPKV2PHWM6A,True
RESEARCH_BASKETS_LEVELS,Other / Review,Broad / Cross-sector,,Americas,GSMEFLU7,GSMEFLU7,USD,Research Basket,MAZHK2XHYJ930R88,True
RESEARCH_BASKETS_LEVELS,Other / Review,Broad / Cross-sector,,Americas,GSSZINTL,AeJ International Sales,USD,Research Basket,MAZJAB1HXR7BT457,True
RESEARCH_BASKETS_LEVELS,Other / Review,Broad / Cross-sector,,Americas,GSCBDIV1,Div Price Return,USD,Research Basket,MAZKY6PM94TPSE42,True
RESEARCH_BASKETS_LEVELS,Factor,Broad / Cross-sector,Growth,Americas,GSCBPWHG,High Growth Investment,USD,Research Basket,MAZMNX149RX4D49B,False
RESEARCH_BASKETS_LEVELS,Factor,Broad / Cross-sector,Growth,Europe,GSTCUGRL,GS CYCLICAL GROWTH LONG,GBP,Research Basket,MAZRT053FJRCSD33,False
RESEARCH_BASKETS_LEVELS,Factor,Broad / Cross-sector,Momentum,Americas,GSMEFSMM,Momentum Factor Short,USD,Research Basket,MAZSM90N080FQYNP,False
RESEARCH_BASKETS_LEVELS,Factor,Broad / Cross-sector,Volatility,Asia,GSSZHVOL,Goldman Sachs CAT High Volatility,USD,Research Basket,MAZTHGRPSJ9PG4J0,False
RESEARCH_BASKETS_LEVELS,Other / Review,Broad / Cross-sector,,Europe,GSSTBRCI,EM Industry Exposed,EUR,Research Basket,MAZTHJVR4D8PF4PT,True
RESEARCH_BASKETS_LEVELS,Other / Review,Industrials,,Americas,GSRHIO01,Ind O&G Series 2,USD,Research Basket,MAZW48HP5RV6B7S6,True
RESEARCH_BASKETS_LEVELS,Other / Review,Broad / Cross-sector,,Asia,GSJPWOMN,Goldman Sachs Japan Womenomics Winners Basket,JPY,Research Basket,MAZZBQCZV1FWXDCA,True
RESEARCH_BASKETS_LEVELS,Other / Review,Broad / Cross-sector,,Europe,GSSTCAPL,Europe Capital-Light,EUR,Research Basket,MAZZGTXD2PB4FF54,True
RESEARCH_BASKETS_LEVELS,Other / Review,Broad / Cross-sector,,Americas,GSSBCYF7,GSSB CYCL - Static Jan17,USD,Research Basket,MAZZT3VQNCMY4858,True
INDEXIFIED_BASKETS_LEVELS,Factor,Broad / Cross-sector,Volatility,Global,GSX4BFRL,Goldman Sachs EU Barra High Res Vol Indexified Basket NTR Index,EUR,Risk Premia,MA07B2G0NC16DPRQ,False
INDEXIFIED_BASKETS_LEVELS,Factor,Broad / Cross-sector,Quality,Global,GSP1QUAL,Goldman Sachs US Barra HiLo Quality Indexified Basket - ER Index,USD,Risk Premia,MA07XVQDVC798Z0K,False
INDEXIFIED_BASKETS_LEVELS,Factor,Broad / Cross-sector,Leverage,Global,GSP1LEVG,Goldman Sachs US Barra HiLo Leverage Indexified Basket - ER Index,USD,Risk Premia,MA33QBSNXNDCDF8E,False
INDEXIFIED_BASKETS_LEVELS,Factor,Broad / Cross-sector,Volatility,Global,GSX1BFRL,Goldman Sachs US Barra High Res Vol Indexified Basket GTR Index,USD,Risk Premia,MA4125BAA33RA7XB,False
INDEXIFIED_BASKETS_LEVELS,Factor,Broad / Cross-sector,Size,Global,GSX4BFZS,Goldman Sachs EU Barra Low Size Indexified Basket NTR Index,EUR,Risk Premia,MA4GPA47F0GAEJP6,False
INDEXIFIED_BASKETS_LEVELS,Factor,Broad / Cross-sector,Value,Global,GSP1VALU,Goldman Sachs US Barra HiLo Value Indexified Basket - ER Index,USD,Risk Premia,MA4J8XC9FMQM8YKH,False
INDEXIFIED_BASKETS_LEVELS,Factor,Broad / Cross-sector,Value,Global,GSX1BFVS,Goldman Sachs US Barra Low Value Indexified Basket GTR Index,USD,Risk Premia,MA4SX7D3336S07GR,False
INDEXIFIED_BASKETS_LEVELS,Factor,Broad / Cross-sector,Beta,Global,GSX1BFBS,Goldman Sachs US Barra Low Beta Indexified Basket GTR Index,USD,Risk Premia,MA4TRRGGRW2ZVZTW,False
INDEXIFIED_BASKETS_LEVELS,Factor,Broad / Cross-sector,Size,Global,GSX4BFZL,Goldman Sachs EU Barra High Size Indexified Basket NTR Index,EUR,Risk Premia,MA5CYGZ42AVA7158,False
INDEXIFIED_BASKETS_LEVELS,Factor,Broad / Cross-sector,Volatility,Global,GSX3BFRL,Goldman Sachs EU Barra High Res Vol Indexified Basket GTR Index,EUR,Risk Premia,MA6SKXWVEDXQYFFQ,False
INDEXIFIED_BASKETS_LEVELS,Factor,Broad / Cross-sector,Size,Global,GSX3BFZL,Goldman Sachs EU Barra High Size Indexified Basket GTR Index,EUR,Risk Premia,MA7P34XYP41F1BGQ,False
INDEXIFIED_BASKETS_LEVELS,Factor,Broad / Cross-sector,Growth,Global,GSP1GRWT,Goldman Sachs US Barra HiLo Growth Indexified Basket - ER Index,USD,Risk Premia,MA818ZRHS0VBBEVA,False
INDEXIFIED_BASKETS_LEVELS,Factor,Broad / Cross-sector,Beta,Global,GSP3BETA,Goldman Sachs EU Barra HiLo Beta Indexified Basket - GTR/GTR Index,EUR,Risk Premia,MA84FABGWAAEP787,False
INDEXIFIED_BASKETS_LEVELS,Factor,Broad / Cross-sector,Volatility,Global,GSX3BFRS,Goldman Sachs EU Barra Low Res Vol Indexified Basket GTR Index,EUR,Risk Premia,MA8H7FV0RHFBP3NR,False
INDEXIFIED_BASKETS_LEVELS,Factor,Broad / Cross-sector,Volatility,Global,GSP3RSVL,Goldman Sachs EU Barra HiLo Res Vol Indexified Basket - GTR/GTR Index,EUR,Risk Premia,MA9VB7R2FTGZF8KD,False
INDEXIFIED_BASKETS_LEVELS,Factor,Broad / Cross-sector,Momentum,Global,GSP4MOML,Goldman Sachs EU Barra HiLo Momentum Indexified Basket - NTR/GTR Index,EUR,Risk Premia,MAA089WMSA8N4GNJ,False
INDEXIFIED_BASKETS_LEVELS,Factor,Broad / Cross-sector,Value,Global,GSX1BFVL,Goldman Sachs US Barra High Value Indexified Basket GTR Index,USD,Risk Premia,MAA9YM6TKJS7188P,False
INDEXIFIED_BASKETS_LEVELS,Factor,Broad / Cross-sector,Beta,Global,GSP1BETA,Goldman Sachs US Barra HiLo Beta Indexified Basket - ER Index,USD,Risk Premia,MAAY6HAZXV6DSXZG,False
INDEXIFIED_BASKETS_LEVELS,Factor,Broad / Cross-sector,Momentum,Global,GSP3MOMO,Goldman Sachs EU Barra HiLo Momentum Indexified Basket - GTR/GTR Index,EUR,Risk Premia,MAAZXKVTGG59FTRF,False
INDEXIFIED_BASKETS_LEVELS,Factor,Broad / Cross-sector,Momentum,Global,GSX1BFML,Goldman Sachs US Barra High Momentum Indexified Basket GTR Index,USD,Risk Premia,MAB2XFGHTSQ1N8ZR,False
INDEXIFIED_BASKETS_LEVELS,Factor,Broad / Cross-sector,Momentum,Global,GSX3BFMS,Goldman Sachs EU Barra Low Momentum Indexified Basket GTR Index,EUR,Risk Premia,MABXB1RYQSK4X0G8,False
INDEXIFIED_BASKETS_LEVELS,Factor,Broad / Cross-sector,Dividend / Yield,Global,GSX1BFES,Goldman Sachs US Barra Low Earnings Yield Indexified Basket GTR Index,USD,Risk Premia,MACYEEN4PFVMWXGR,False
INDEXIFIED_BASKETS_LEVELS,Factor,Broad / Cross-sector,Momentum,Global,GSX4BFMS,Goldman Sachs EU Barra Low Momentum Indexified Basket NTR Index,EUR,Risk Premia,MAD4YS0WBRN5GHDW,False
INDEXIFIED_BASKETS_LEVELS,Factor,Broad / Cross-sector,Volatility,Global,GSX4BFRS,Goldman Sachs EU Barra Low Res Vol Indexified Basket NTR Index,EUR,Risk Premia,MADYK80EB50WKVKV,False
INDEXIFIED_BASKETS_LEVELS,Factor,Broad / Cross-sector,Volatility,Global,GSP4RSVL,Goldman Sachs EU Barra HiLo Res Vol Indexified Basket - NTR/GTR Index,EUR,Risk Premia,MAE4ZXPRJ6Y89NHA,False
INDEXIFIED_BASKETS_LEVELS,Factor,Broad / Cross-sector,Beta,Global,GSP4BETL,Goldman Sachs EU Barra HiLo Beta Indexified Basket - NTR/GTR Index,EUR,Risk Premia,MAE7A1CPM1A28QJ0,False
INDEXIFIED_BASKETS_LEVELS,Factor,Broad / Cross-sector,Volatility,Global,GSP4RSVS,Goldman Sachs EU Barra HiLo Res Vol Indexified Basket - GTR/NTR Index,EUR,Risk Premia,MAENXAB2NM3K6227,False
INDEXIFIED_BASKETS_LEVELS,Factor,Broad / Cross-sector,Beta,Global,GSX1BFBL,Goldman Sachs US Barra High Beta Indexified Basket GTR Index,USD,Risk Premia,MAFHP2HZDQ3KG344,False
INDEXIFIED_BASKETS_LEVELS,Factor,Broad / Cross-sector,Profitability,Global,GSP1PROF,Goldman Sachs US Barra HiLo Profitability Indexified Basket - ER Index,USD,Risk Premia,MAFJDZWM3BBYY2AT,False
INDEXIFIED_BASKETS_LEVELS,Factor,Broad / Cross-sector,Profitability,Global,GSX1BFPS,Goldman Sachs US Barra Low Profitability Indexified Basket GTR Index,USD,Risk Premia,MAFWMXR0TDDQP9EW,False
INDEXIFIED_BASKETS_LEVELS,Factor,Broad / Cross-sector,Leverage,Global,GSX1BFLL,Goldman Sachs US Barra High Leverage Indexified Basket GTR Index,USD,Risk Premia,MAFZM7FAHYS9R1GR,False
INDEXIFIED_BASKETS_LEVELS,Factor,Broad / Cross-sector,Size,Global,GSP4SIZL,Goldman Sachs EU Barra HiLo Size Indexified Basket - NTR/GTR Index,EUR,Risk Premia,MAHMHF9W7BM47ZVZ,False
INDEXIFIED_BASKETS_LEVELS,Factor,Broad / Cross-sector,Quality,Global,GSX1BFQL,Goldman Sachs US Barra High Quality Indexified Basket GTR Index,USD,Risk Premia,MAHPCMHWWCM3AYJW,False
INDEXIFIED_BASKETS_LEVELS,Factor,Broad / Cross-sector,Dividend / Yield,Global,GSX1BFEL,Goldman Sachs US Barra High Earnings Yield Indexified Basket GTR Index,USD,Risk Premia,MAHRJVE6MMBXPVQB,False
INDEXIFIED_BASKETS_LEVELS,Factor,Broad / Cross-sector,Momentum,Global,GSX4BFML,Goldman Sachs EU Barra High Momentum Indexified Basket NTR index,EUR,Risk Premia,MAJMNB92Z3HKSS5J,False
INDEXIFIED_BASKETS_LEVELS,Factor,Broad / Cross-sector,Momentum,Global,GSP1MOMO,Goldman Sachs US Barra HiLo Momentum Indexified Basket - ER Index,USD,Risk Premia,MAK6YPBG14BSPAF9,False
INDEXIFIED_BASKETS_LEVELS,Factor,Broad / Cross-sector,Beta,Global,GSP4BETS,Goldman Sachs EU Barra HiLo Beta Indexified Basket - GTR/NTR Index,EUR,Risk Premia,MAKRSQZ0ABYMTGZY,False
INDEXIFIED_BASKETS_LEVELS,Factor,Broad / Cross-sector,Volatility,Global,GSX1BFRS,Goldman Sachs US Barra Low Res Vol Indexified Basket GTR Index,USD,Risk Premia,MAMFGPS08F2WN674,False
INDEXIFIED_BASKETS_LEVELS,Factor,Broad / Cross-sector,Leverage,Global,GSX1BFLS,Goldman Sachs US Barra Low Leverage Indexified Basket GTR Index,USD,Risk Premia,MAP87T1EMNQ88FNB,False
INDEXIFIED_BASKETS_LEVELS,Factor,Broad / Cross-sector,Volatility,Global,GSP1RSVL,Goldman Sachs US Barra HiLo Res Vol Indexified Basket - ER Index,USD,Risk Premia,MAPVCJCCKG0MZY84,False
INDEXIFIED_BASKETS_LEVELS,Factor,Broad / Cross-sector,Beta,Global,GSX4BFBS,Goldman Sachs EU Barra Low Beta Indexified Basket NTR Index,EUR,Risk Premia,MAQFHKYFNKA9CEA4,False
INDEXIFIED_BASKETS_LEVELS,Factor,Broad / Cross-sector,Size,Global,GSX3BFZS,Goldman Sachs EU Barra Low Size Indexified Basket GTR Index,EUR,Risk Premia,MAQM2GD6DM9NWTYD,False
INDEXIFIED_BASKETS_LEVELS,Factor,Broad / Cross-sector,Momentum,Global,GSX1BFMS,Goldman Sachs US Barra Low Momentum Indexified Basket GTR Index,USD,Risk Premia,MAQVZ481BJ3WBKCX,False
INDEXIFIED_BASKETS_LEVELS,Factor,Broad / Cross-sector,Size,Global,GSP1SIZE,Goldman Sachs US Barra HiLo Size Indexified Basket - ER Index,USD,Risk Premia,MAS5GMYQ08JBZJWY,False
INDEXIFIED_BASKETS_LEVELS,Factor,Broad / Cross-sector,Growth,Global,GSX1BFGS,Goldman Sachs US Barra Low Growth Indexified Basket GTR Index,USD,Risk Premia,MAT6MMAQG3FZ5C57,False
INDEXIFIED_BASKETS_LEVELS,Factor,Broad / Cross-sector,Momentum,Global,GSX3BFML,Goldman Sachs EU Barra High Momentum Indexified Basket GTR Index,EUR,Risk Premia,MATGAV5XR1D3QVMH,False
INDEXIFIED_BASKETS_LEVELS,Factor,Broad / Cross-sector,Size,Global,GSP4SIZS,Goldman Sachs EU Barra HiLo Size Indexified Basket - GTR/NTR Index,EUR,Risk Premia,MATR5G3SJVWQDN62,False
INDEXIFIED_BASKETS_LEVELS,Factor,Broad / Cross-sector,Size,Global,GSX1BFZL,Goldman Sachs US Barra High Size Indexified Basket GTR Index,USD,Risk Premia,MATVCPMY3RCRHSNQ,False
INDEXIFIED_BASKETS_LEVELS,Factor,Broad / Cross-sector,Momentum,Global,GSP4MOMS,Goldman Sachs EU Barra HiLo Momentum Indexified Basket - GTR/NTR Index,EUR,Risk Premia,MAW2P872W9VYJTCN,False
INDEXIFIED_BASKETS_LEVELS,Factor,Broad / Cross-sector,Growth,Global,GSX1BFGL,Goldman Sachs US Barra High Growth Indexified Basket GTR Index,USD,Risk Premia,MAWD966M769AQBQS,False
INDEXIFIED_BASKETS_LEVELS,Factor,Broad / Cross-sector,Quality,Global,GSX1BFQS,Goldman Sachs US Barra Low Quality Indexified Basket GTR Index,USD,Risk Premia,MAX7TT9K2R6X7J64,False
INDEXIFIED_BASKETS_LEVELS,Factor,Broad / Cross-sector,Beta,Global,GSX3BFBL,Goldman Sachs EU Barra High Beta Indexified Basket GTR Index,EUR,Risk Premia,MAX7Z5D83M27J7PD,False
INDEXIFIED_BASKETS_LEVELS,Factor,Broad / Cross-sector,Profitability,Global,GSX1BFPL,Goldman Sachs US Barra High Profitability Indexified Basket GTR Index,USD,Risk Premia,MAXR6G42N4923099,False
INDEXIFIED_BASKETS_LEVELS,Factor,Broad / Cross-sector,Size,Global,GSX1BFZS,Goldman Sachs US Barra Low Size Indexified Basket GTR Index,USD,Risk Premia,MAXRBDK4R27C4QFT,False
INDEXIFIED_BASKETS_LEVELS,Factor,Broad / Cross-sector,Size,Global,GSP3SIZE,Goldman Sachs EU Barra HiLo Size Indexified Basket - GTR/GTR Index,EUR,Risk Premia,MAY3QJY0NENQWFH6,False
INDEXIFIED_BASKETS_LEVELS,Factor,Broad / Cross-sector,Beta,Global,GSX4BFBL,Goldman Sachs EU Barra High Beta Indexified Basket NTR Index,EUR,Risk Premia,MAYAG0FK440FPNA4,False
INDEXIFIED_BASKETS_LEVELS,Factor,Broad / Cross-sector,Beta,Global,GSX3BFBS,Goldman Sachs EU Barra Low Beta Indexified Basket GTR Index,EUR,Risk Premia,MAYFH8VXVQ57K073,False
INDEXIFIED_BASKETS_LEVELS,Factor,Broad / Cross-sector,Dividend / Yield,Global,GSP1ERNY,Goldman Sachs US Barra HiLo Earnings Yield Indexified Basket - ER Index,USD,Risk Premia,MAZ4DYEGA64MGYBZ,False
GSCB_FLAGSHIP,Theme,Broad / Cross-sector,China / Supply Chain,Americas,GSXACHSB,GS China Domes Stimulus,USD,Custom Basket,MA00P5V948H7QW17,False
GSCB_FLAGSHIP,Factor,Broad / Cross-sector,Volatility,Europe,GSXELVOW,EU Reactive Low Vol,EUR,Custom Basket,MA00RB2M0T0FX0A4,False
GSCB_FLAGSHIP,Theme,Broad / Cross-sector,China / Supply Chain,Americas,GSXACHGG,GS China Going Global,USD,Custom Basket,MA00VEVSZQHJD52R,False
GSCB_FLAGSHIP,Other / Review,Broad / Cross-sector,,Asia,GSXAMFWS,GS Japan Vol Short,JPY,Custom Basket,MA01GPR89HZF1FZ5,True
GSCB_FLAGSHIP,Other / Review,Broad / Cross-sector,,Americas,GSSBDDEF,Domestic Defensives,USD,Research Basket,MA01JTSSW3QNEQWD,True
GSCB_FLAGSHIP,Other / Review,Broad / Cross-sector,,Europe,GSCMDGEH,GS Diageo Hedge,GBP,Custom Basket,MA01N5AR9BNASBXW,True
GSCB_FLAGSHIP,Theme,Broad / Cross-sector,Healthcare Innovation,Americas,GSXGHDDD,Drug Discovery Dataset,USD,Custom Basket,MA01T6SPV5FC3C5C,False
GSCB_FLAGSHIP,Other / Review,Broad (US),,Americas,GSPUERNY,GS US Barra Ern Yld Pair,USD,Custom Basket,MA01V746G2Z0R1QF,True
GSCB_FLAGSHIP,Other / Review,TMT / Tech,,Asia,GSCBHKBM,GS HK  Tech Ex Baba Mei,HKD,Custom Basket,MA01X9HMECNHNH3W,True
GSCB_FLAGSHIP,Other / Review,Broad / Cross-sector,,Americas,GSXUBFTL,GS US Barra High LTR,USD,Custom Basket,MA020DEA15D3H66G,True
GSCB_FLAGSHIP,Factor,Broad / Cross-sector,Growth,Americas,GSXUWFGS,GS US Wolfe Low Growth,USD,Custom Basket,MA030QXBQ25SPF7G,False
GSCB_FLAGSHIP,Other / Review,Broad / Cross-sector,,Europe,GSSBOPEX,EU Short Cycle [OPEX],EUR,Research Basket,MA038CKT36VNAQH6,True
GSCB_FLAGSHIP,Theme,TMT / Tech,Software,Americas,GSTMTSFT,GS Software Basket,USD,Custom Basket,MA03H1CY0232E3YQ,False
GSCB_FLAGSHIP,Other / Review,Broad / Cross-sector,,Americas,GSSIDIST,Goldman Sachs Distributors Sector Basket,USD,Custom Basket,MA03Q590QYK39VSN,True
GSCB_FLAGSHIP,Other / Review,Telecom / Comm Svcs,,Americas,GSSICMEQ,Goldman Sachs Communications Equipment Sector Basket,USD,Custom Basket,MA045G9ZPBJB7X8E,True
GSCB_FLAGSHIP,Other / Review,Financials,,Americas,GSFINCRB,GS Banks w/ CRE Exposure,USD,Custom Basket,MA0475XY8VJENTTK,True
GSCB_FLAGSHIP,Theme,Broad / Cross-sector,AI,Americas,GSCBHSMA,SMid Cap AI Prod Hedge,USD,Custom Basket,MA055DQ1RTF7CDST,False
GSCB_FLAGSHIP,Other / Review,Broad / Cross-sector,,Americas,GSXABIOT,GS Asia Biotech,USD,Custom Basket,MA055RF6SEZEWW5G,True
GSCB_FLAGSHIP,Sector Factor,Financials,Value,Americas,GSFIBFVL,GS US Fin Value Long,USD,Custom Basket,MA05HYVXZDHBEGKV,False
GSCB_FLAGSHIP,Other / Review,Broad / Cross-sector,,Europe,GSCMRYAH,GS Ryanair Hedge,EUR,Custom Basket,MA05WC8FWQVW7QGJ,True
GSCB_FLAGSHIP,Other / Review,Consumer,,Americas,GSBRCONS,GS BZ Consumer (BRL),BRL,Custom Basket,MA063EBQCD4WT4D4,True
GSCB_FLAGSHIP,Other / Review,Broad / Cross-sector,,Americas,GSHLCOMB,GS US Commercial Biotech,USD,Custom Basket,MA06RFBPBGY0R4GQ,True
GSCB_FLAGSHIP,Factor,Broad / Cross-sector,Size,Americas,GSXACHSS,GS China Size Short,USD,Custom Basket,MA07JCXB2BBMZGPA,False
GSCB_FLAGSHIP,Other / Review,Broad / Cross-sector,,Europe,GSCMORFP,.GSCMORFP,EUR,Custom Basket,MA07YSTH0W5CHKTX,True
GSCB_FLAGSHIP,Sector Factor,TMT / Tech,Volatility,Americas,GSTMRSVL,GS US TMT Residual Volatility,USD,Custom Basket,MA08NQDBCKPSYMZB,False
GSCB_FLAGSHIP,Theme,Broad / Cross-sector,Healthcare Innovation,Europe,GSSBPHAR,EU Pharmaceuticals,EUR,Research Basket,MA09HDZJMB7SRW98,False
GSCB_FLAGSHIP,Other / Review,Broad / Cross-sector,,Europe,GSXEMEGA,GS Make EU Great Again,EUR,Custom Basket,MA09S4RQ5E8YKA8S,True
GSCB_FLAGSHIP,Other / Review,Broad / Cross-sector,,Americas,GSEMHALO,GS EM Capital Intensive,USD,Research Basket,MA0AEVPBX271K7YV,True
GSCB_FLAGSHIP,Theme,Broad / Cross-sector,Balance Sheet Strength,Americas,GSIPBALS,Balance Sheet Short,USD,Research Basket,MA0AFJ05R3T66X98,False
GSCB_FLAGSHIP,Theme,Broad / Cross-sector,China / Supply Chain,Americas,GSEMCHNA,EM China Sales Exposure,USD,Research Basket,MA0AVA5FW368YA9W,False
GSCB_FLAGSHIP,Other / Review,Broad / Cross-sector,,Americas,GS24DEML,GS24 Dem Pol Outperform,USD,Custom Basket,MA0B5NSA72BR66C3,True
GSCB_FLAGSHIP,Other / Review,Broad / Cross-sector,,Americas,GSHLCHSP,GS Hospitals & Providers,USD,Custom Basket,MA0B6Q5W4H21NG2W,True
GSCB_FLAGSHIP,Other / Review,Broad / Cross-sector,,Europe,GSCMMICH,GS Magnum Hedge,EUR,Custom Basket,MA0BFSKVTJZZBVCQ,True
GSCB_FLAGSHIP,Other / Review,Financials,,Americas,GSFINMNY,GS Fins Moneycenters,USD,Custom Basket,MA0BGN0BH9ASGTB7,True
GSCB_FLAGSHIP,Other / Review,Broad / Cross-sector,,Europe,GSCMDTEH,GS Deutsche Telekom Hedg,EUR,Custom Basket,MA0BGP0WVZ5H5RQR,True
GSCB_FLAGSHIP,Other / Review,Broad / Cross-sector,,Americas,GSXACOMO,GS Asia Commodities,USD,Custom Basket,MA0BQFMB2ZCH6CAP,True
GSCB_FLAGSHIP,Theme,Broad / Cross-sector,China / Supply Chain,Asia,GSCBCNSR,GS Custom China Basket,CNH,Custom Basket,MA0CCB1KSHEGQR14,False
GSCB_FLAGSHIP,Factor,Broad / Cross-sector,Quality,Asia,GSCBJHPQ,GS Japan High PB Quality,JPY,Custom Basket,MA0CPZD6SJMPB00G,False
GSCB_FLAGSHIP,Other / Review,Broad / Cross-sector,,Americas,GSXACHHU,GS CH A/H - H Line USD,USD,Custom Basket,MA0D3BBEVKP47ABA,True
GSCB_FLAGSHIP,Other / Review,Broad (US),,Americas,GSPUFCFP,GS Hi vs Lo FCF,USD,Custom Basket,MA0D9FP24YF65JDG,True
GSCB_FLAGSHIP,Other / Review,Broad / Cross-sector,,Asia,GSXAJPHD,GS Japan High Divs,JPY,Custom Basket,MA0DKZMQFNSRCY3K,True
GSCB_FLAGSHIP,Factor,Broad / Cross-sector,Momentum,Europe,GSXELMOW,EU Reactive Low Momo,EUR,Custom Basket,MA0E7FS9AJWMVKVQ,False
GSCB_FLAGSHIP,Other / Review,Broad / Cross-sector,,Europe,GSCMNEST,GS Neste Hedge,EUR,Custom Basket,MA0EZP3X27F7YCB4,True
GSCB_FLAGSHIP,Other / Review,Broad / Cross-sector,,Americas,GSCBK19U,GS Korea 198 USD,USD,Custom Basket,MA0FD379ZF4V3TMN,True
GSCB_FLAGSHIP,Theme,Financials,Rates Sensitivity,Europe,GSXERATE,GS EU Rate Sensitive Fin,EUR,Custom Basket,MA0FJB9Z4FBR5FG9,False
GSCB_FLAGSHIP,Other / Review,Broad / Cross-sector,,Asia,GSXAKPBP,GS Korea L PB H Profit,KRW,Custom Basket,MA0FM0QMJYCKDXRX,True
GSCB_FLAGSHIP,Factor,Broad / Cross-sector,Profitability,Europe,GSXELPRF,GS EU Low Profitability,EUR,Custom Basket,MA0FW484VZMDW1CF,False
GSCB_FLAGSHIP,Sector Factor,Financials,Momentum,Americas,GSFIMOMO,GS US Financials Momentum,USD,Custom Basket,MA0G5T1GQJ3KRT84,False
GSCB_FLAGSHIP,Other / Review,Utilities,,Europe,GSSBUTUR,EU Utilities Unregulated,EUR,Research Basket,MA0GHM1D9QBDW59R,True
GSCB_FLAGSHIP,Other / Review,Broad / Cross-sector,,Europe,GSCMORAH,GS Orascom Hedge,USD,Custom Basket,MA0H7ZYZAAZXKQVC,True
GSCB_FLAGSHIP,Factor,Broad / Cross-sector,Leverage,Americas,GSXUBGLL,GS US GEMLT Hi Leverage,USD,Custom Basket,MA0HKPA43N8MDXKF,False
GSCB_FLAGSHIP,Other / Review,Broad / Cross-sector,,Europe,GSCMFRES,GS Fresnillo Hedge,GBP,Custom Basket,MA0HMNXRJSYH03YN,True
GSCB_FLAGSHIP,Other / Review,Consumer,,Americas,GSXULOCN,GS Low Income Consumer,USD,Custom Basket,MA0HT6VF0HGTMJX1,True
GSCB_FLAGSHIP,Other / Review,Broad / Cross-sector,,Asia,GSXATWHN,GS Taiwan High Divs -NTR,TWD,Custom Basket,MA0HWNGRKA0EY5XX,True
GSCB_FLAGSHIP,Factor,Broad / Cross-sector,Value,Europe,GSXUHVAL,US High Beta Cheap Value,USD,Custom Basket,MA0HZWV1CVT0RHVQ,False
GSCB_FLAGSHIP,Other / Review,Broad / Cross-sector,,Europe,GSXEDEIN,GS German Intl Exposure,EUR,Custom Basket,MA0J8X8PD37QT8E5,True
GSCB_FLAGSHIP,Other / Review,Broad / Cross-sector,,Americas,GSIPINTS,Integrated Factor Short,USD,Research Basket,MA0JQ3JEBEXABA8Z,True
GSCB_FLAGSHIP,Other / Review,Broad / Cross-sector,,Americas,GSIPCROS,CROCI Short,USD,Research Basket,MA0JZZPDY8KJ7YBK,True
GSCB_FLAGSHIP,Other / Review,Broad / Cross-sector,,Asia,GSXAJBQS,GS JP Barra Qlty Short,JPY,Custom Basket,MA0KX76RFXQQSDB7,True
GSCB_FLAGSHIP,Other / Review,Broad / Cross-sector,,Europe,GSCMVODH,GS Vodafone Hedge,GBP,Custom Basket,MA0M7NCER65SXVNB,True
GSCB_FLAGSHIP,Other / Review,Broad / Cross-sector,,Asia,GSXAJDSC,GS JP Domes Sec Consol,JPY,Custom Basket,MA0MQQTQVGGY9BKP,True
GSCB_FLAGSHIP,Other / Review,Broad / Cross-sector,,Europe,GSCBRUS1,GS EU Russia Exposure,EUR,Custom Basket,MA0N0P7WPJP1NCQS,True
GSCB_FLAGSHIP,Other / Review,Industrials,,Asia,GSINMCMB,India Midcap Multibagger,INR,Research Basket,MA0NXRQKZX0RA7SG,True
GSCB_FLAGSHIP,Other / Review,Broad / Cross-sector,,Americas,GSIPPERL,PE Long,USD,Research Basket,MA0PH2EZ6FCCN83S,True
GSCB_FLAGSHIP,Other / Review,Broad / Cross-sector,,Europe,GSSBGRES,EU German Residential,EUR,Research Basket,MA0PYMAMVJBBXR03,True
GSCB_FLAGSHIP,Other / Review,Broad / Cross-sector,,Europe,GSCMDISC,EU at a Discount,EUR,Custom Basket,MA0Q5MW5TYKZNF8Z,True
GSCB_FLAGSHIP,Other / Review,Broad / Cross-sector,,Europe,GSCMENIH,GS Eni Hedge,EUR,Custom Basket,MA0Q8XEXM0JEQPW5,True
GSCB_FLAGSHIP,Other / Review,Broad / Cross-sector,,Europe,GSCMVKHG,GS Vallourec Hedge,EUR,Custom Basket,MA0RZNY55HKMBJ4N,True
GSCB_FLAGSHIP,Other / Review,Broad / Cross-sector,,Americas,GSSIINCR,Goldman Sachs Internet & Catalog Retail Sector Basket,USD,Custom Basket,MA0S8RF4DMS3AREH,True
GSCB_FLAGSHIP,Factor,Broad / Cross-sector,Dividend / Yield,Americas,GSIPDIVS,Dividend Yield Short,USD,Research Basket,MA0SM6V3TYE3F0B5,False
GSCB_FLAGSHIP,Theme,Broad / Cross-sector,AI,Americas,GSXAAIGC,GS China AI Gen Content,USD,Custom Basket,MA0SN9WAJDG0D2NP,False
GSCB_FLAGSHIP,Other / Review,Utilities,,Americas,GSSIELUT,Goldman Sachs Electric Utilities Sector Basket,USD,Custom Basket,MA0STA8WQ5YM0760,True
GSCB_FLAGSHIP,Other / Review,Broad / Cross-sector,,Americas,GSXUSENS,GS US Sensors,USD,Custom Basket,MA0T54NZRYM8ETQ1,True
GSCB_FLAGSHIP,Factor,Broad / Cross-sector,Growth,Americas,GSXULVSG,GS US Hi Value vs Growth,USD,Custom Basket,MA0TNGGFFTMV3X5Y,False
GSCB_FLAGSHIP,Factor,Broad / Cross-sector,Growth,Asia,GSXAJBGL,GS Japan Barra Growth Lo,JPY,Custom Basket,MA0TQR900SHW311P,False
GSCB_FLAGSHIP,Other / Review,Broad / Cross-sector,,Europe,GSCMVNAH,GS Vonovia Hedge,EUR,Custom Basket,MA0W7NM777XBMCQ9,True
GSCB_FLAGSHIP,Theme,Broad / Cross-sector,China / Supply Chain,Americas,GSXACHAI,GS China Artificial Intl,USD,Custom Basket,MA0W87J1PRV58Q7C,False
GSCB_FLAGSHIP,Other / Review,Broad / Cross-sector,,Asia,GSCBJLAM,GS Japan Low AGM,JPY,Custom Basket,MA0WZV86AC52R3FZ,True
GSCB_FLAGSHIP,Other / Review,Broad / Cross-sector,,Europe,GSCMWKH3,GS Wolters Kluwer Hedge,EUR,Custom Basket,MA0X4R2WVWE4W6F9,True
GSCB_FLAGSHIP,Other / Review,Broad / Cross-sector,,Europe,GSXEMEDT,GS EU Medical Technology,EUR,Custom Basket,MA0XCTP5GS8EDS0C,True
GSCB_FLAGSHIP,Other / Review,Broad / Cross-sector,,Europe,GSCMSNDZ,GS Sandoz Hedge,CHF,Custom Basket,MA0Y1M96WCR6WN74,True
GSCB_FLAGSHIP,Other / Review,Broad / Cross-sector,,Asia,GSXAKRIN,GS Korea Weak Won,KRW,Custom Basket,MA0Y2KGR8AHH21P8,True
GSCB_FLAGSHIP,Other / Review,Broad / Cross-sector,,Americas,GSCMKBRH,KBR Hedge,USD,Custom Basket,MA0ZFVNBGMKWJBB7,True
GSCB_FLAGSHIP,Other / Review,Broad / Cross-sector,,Asia,GSXATXTM,GS Taiwan ex TSMC,TWD,Custom Basket,MA0ZHN83RGGDK85B,True
GSCB_FLAGSHIP,Other / Review,Broad / Cross-sector,,Asia,GSXAJHAG,GS Japan High AGM,JPY,Custom Basket,MA0ZJGDS118STQGT,True
GSCB_FLAGSHIP,Other / Review,Broad / Cross-sector,,Asia,GSXAJPIN,GS Japan Weak Yen,JPY,Custom Basket,MA0ZVXFE0TGH85MP,True
GSCB_FLAGSHIP,Theme,TMT / Tech,Software,Europe,GSCMSWON,GS SoftwareOne Hedge,CHF,Custom Basket,MA10N3AFTS3T17JK,False
GSCB_FLAGSHIP,Other / Review,Broad / Cross-sector,,Europe,GSXEMOON,GS EU Space,EUR,Custom Basket,MA11ZDPZS27SWH7D,True
GSCB_FLAGSHIP,Other / Review,Industrials,,Americas,GSCBMSIN,Industrials Most Short,USD,Custom Basket,MA12C44R7J676TPH,True
GSCB_FLAGSHIP,Other / Review,Broad / Cross-sector,,Americas,GSHLCMDT,GS Medtech Tools,USD,Custom Basket,MA12JZZSBFRXXJPM,True
GSCB_FLAGSHIP,Factor,Broad / Cross-sector,Volatility,Europe,GSXELRSV,GS EU Low Residual Vol,EUR,Custom Basket,MA12XE4FGC17YK58,False
GSCB_FLAGSHIP,Other / Review,Broad / Cross-sector,,Americas,GSSIHOME,Goldman Sachs Homebuilding Sector Basket,USD,Custom Basket,MA1308A1NFFG87NB,True
GSCB_FLAGSHIP,Other / Review,Broad / Cross-sector,,Europe,GSCMAIBH,GS AIB Hedge,EUR,Custom Basket,MA13YYFWEA5ERT2E,True
GSCB_FLAGSHIP,Other / Review,Broad / Cross-sector,,Americas,GSXUIBIO,GS US Biotechnology,USD,Custom Basket,MA140EYTYSBECCFV,True
GSCB_FLAGSHIP,Sector Factor,TMT / Tech,Volatility,Americas,GSTMBFRL,GS US TMT Res Vol Long,USD,Custom Basket,MA14GWEK2D6QC343,False
GSCB_FLAGSHIP,Factor,Broad / Cross-sector,Volatility,Europe,GSXEHVOW,EU Reactiv Hi Volatility,EUR,Custom Basket,MA14HXPE1KPTDCSF,False
GSCB_FLAGSHIP,Sector Factor,Consumer,Value,Americas,GSCNDVLS,GS CND US Value Short,USD,Custom Basket,MA14WZ77Z8SXYXFR,False
GSCB_FLAGSHIP,Other / Review,Financials,,Americas,GSFINWCO,GS Fins West Coast Ofc,USD,Custom Basket,MA15935CW0F3RS50,True
GSCB_FLAGSHIP,Other / Review,Broad / Cross-sector,,Asia,GSCB3896,GS HK Hedge,HKD,Custom Basket,MA15T28Y1S9BYGX0,True
GSCB_FLAGSHIP,Other / Review,Broad / Cross-sector,,Asia,GSCBJNH2,GS Japan Hedge,JPY,Custom Basket,MA1639P482GY58H2,True
GSCB_FLAGSHIP,Other / Review,Broad / Cross-sector,,Americas,GSSZSERV,AeJ StrngEarnig Revision,USD,Research Basket,MA165DCXT1XGGM84,True
GSCB_FLAGSHIP,Factor,Broad / Cross-sector,Momentum,Asia,GSCBKMXL,GS Korea MOMO Long ex AI,KRW,Custom Basket,MA16ZN5VGH7AEZFG,False
GSCB_FLAGSHIP,Other / Review,Energy,,Americas,GSXUENRG,GS US Energy,USD,Custom Basket,MA178X3SMNCMFE0X,True
GSCB_FLAGSHIP,Other / Review,Broad / Cross-sector,,Europe,GSCMABFH,GS ABF Hedge,GBP,Custom Basket,MA17EP6J6VK86SNT,True
GSCB_FLAGSHIP,Theme,Broad / Cross-sector,Rates Sensitivity,Americas,GSSZLDUR,APJ Long Duration,USD,Research Basket,MA17HVGNG3Y5YK53,False
GSCB_FLAGSHIP,Factor,Broad / Cross-sector,Short Interest,Americas,GSIPSHOS,Short Interest Short,USD,Research Basket,MA17VHP89WWVFWE0,False
GSCB_FLAGSHIP,Theme,Broad / Cross-sector,AI,Americas,GSXAPCBS,Asia AI Bottleneck PCBs,USD,Custom Basket,MA17X6VMNR8HECFM,False
GSCB_FLAGSHIP,Other / Review,Health Care,,Americas,GSXUHLTH,GS US Health Care,USD,Custom Basket,MA187Z8QV59SG2M1,True
GSCB_FLAGSHIP,Theme,TMT / Tech,Software,Asia,GSCBCHSF,GS China Software,CNH,Custom Basket,MA189Z5G0N0HNHV3,False
GSCB_FLAGSHIP,Other / Review,Energy,,Americas,GSENLVRD,GS Levered Energy Basket,USD,Custom Basket,MA18PY3BBN64N0EJ,True
GSCB_FLAGSHIP,Other / Review,Broad / Cross-sector,,Asia,GSCBJRTL,GS Japan Custom Retail,JPY,Custom Basket,MA18QC046285MDB2,True
GSCB_FLAGSHIP,Sector Factor,Industrials,Momentum,Americas,GSINLMOL,GS INL US Momentum Long,USD,Custom Basket,MA18VYARY9A82Z58,False
GSCB_FLAGSHIP,Other / Review,Broad / Cross-sector,,Americas,GSTHMFOW,Mutual Fund OW (US),USD,Research Basket,MA19KCN2M5DGWBGD,True
GSCB_FLAGSHIP,Other / Review,Financials,,Americas,GSSIDVFS,Goldman Sachs Diversified Financial Services Sector Basket,USD,Custom Basket,MA19T2X6HXSKN93Z,True
GSCB_FLAGSHIP,Sector Factor,TMT / Tech,Value,Americas,GSTMTVLS,GS TMT US Value Short,USD,Custom Basket,MA1AFX1TH2RCBJG5,False
GSCB_FLAGSHIP,Factor,Broad / Cross-sector,Momentum,Americas,GSKOBFML,GS US Barra Hi Momentum,USD,Custom Basket,MA1AS1Q8TG1FFDJH,False
GSCB_FLAGSHIP,Other / Review,Broad / Cross-sector,,Americas,GSXULIPO,GS Liquid IPO Basket,USD,Custom Basket,MA1B4T6RN90HSF2X,True
GSCB_FLAGSHIP,Other / Review,Broad / Cross-sector,,Americas,GSXASTAY,GS Asia Stay at Home,USD,Custom Basket,MA1C2Q2AAAT57AX7,True
GSCB_FLAGSHIP,Other / Review,Broad / Cross-sector,,Europe,GSCMDGHG,GS Vinci Hedge,EUR,Custom Basket,MA1C8X41P2PBTM0D,True
GSCB_FLAGSHIP,Other / Review,Broad / Cross-sector,,Europe,GSCMHUSQ,GS Husqvarna Hedge,SEK,Custom Basket,MA1CRXKFWXEC5E7T,True
GSCB_FLAGSHIP,Other / Review,Broad / Cross-sector,,Asia,GSCBGPB1,Corp Gov & Def: Low PBR,JPY,Custom Basket,MA1D0B2BJVQ0WCCT,True
GSCB_FLAGSHIP,Other / Review,Broad / Cross-sector,,Americas,GSXAMETA,GS Asia Metaverse,USD,Custom Basket,MA1D1XM296T3AKM5,True
GSCB_FLAGSHIP,Other / Review,Broad / Cross-sector,,Europe,GSXEUKCO,GS UK Consumption,GBP,Custom Basket,MA1DHW4H06482K37,True
GSCB_FLAGSHIP,Other / Review,Broad / Cross-sector,,Europe,GSCMRECO,GS Recordati Hedge,EUR,Custom Basket,MA1DSJW41W0V0CY1,True
GSCB_FLAGSHIP,Other / Review,Broad / Cross-sector,,Europe,GSCMSYEN,GS Syensqo Hedge,EUR,Custom Basket,MA1E402WFGPQGF1N,True
GSCB_FLAGSHIP,Theme,TMT / Tech,China / Supply Chain,Asia,GSXACGRP,GS China GARP Tech,CNH,Custom Basket,MA1E43XZZ2ZTJB10,False
GSCB_FLAGSHIP,Other / Review,Broad / Cross-sector,,Asia,GSXAJGSC,GS JP Global Sec Consol.,JPY,Custom Basket,MA1E456K95VWVBJ4,True
GSCB_FLAGSHIP,Other / Review,Broad / Cross-sector,,Asia,GSCBJIH1,GS JPIP Hedge - HM,JPY,Custom Basket,MA1EHH52JDRBKBSW,True
GSCB_FLAGSHIP,Other / Review,Broad / Cross-sector,,Americas,GSGSHUTB,GSGSHUTB,USD,Custom Basket,MA1EPC662BDN4665,True
GSCB_FLAGSHIP,Other / Review,Broad / Cross-sector,,Europe,GSCMSAXG,GS Stroeer Hedge,EUR,Custom Basket,MA1EYJZTD6W5DMTP,True
GSCB_FLAGSHIP,Other / Review,Broad / Cross-sector,,Europe,GSCMKLA2,GS Global Klarna Hedge,USD,Custom Basket,MA1FW2XJ010AVVZ2,True
GSCB_FLAGSHIP,Other / Review,Broad / Cross-sector,,Asia,GSCBTWSH,GS Broad Taiwan Hedge,TWD,Custom Basket,MA1G0AP66TCHFE34,True
GSCB_FLAGSHIP,Other / Review,Broad / Cross-sector,,Global,GSXAAUCY,GS Australia Cyclicals,AUD,Custom Basket,MA1G0R3N8GHRF0Z1,True
GSCB_FLAGSHIP,Other / Review,Energy,,Asia,GSXAHKME,GS HK Mining & Energy,HKD,Custom Basket,MA1GC2E54SR62XKA,True
GSCB_FLAGSHIP,Other / Review,Broad / Cross-sector,,Europe,GSCMLLOY,GS Lloyds Bank Hedge,GBP,Custom Basket,MA1GJTQEWPH78ACB,True
GSCB_FLAGSHIP,Other / Review,Broad / Cross-sector,,Europe,GSXGBOTZ,GS Global Robotics,USD,Custom Basket,MA1H620HDSSRT605,True
GSCB_FLAGSHIP,Theme,Broad / Cross-sector,China / Supply Chain,Asia,GSCBCXUS,GS China Exporters x US,CNH,Custom Basket,MA1HC80AE7MG8YH9,False
GSCB_FLAGSHIP,Factor,Broad / Cross-sector,Quality,Americas,GSXUBFNL,GS US Hi Earnings Qual,USD,Custom Basket,MA1HEQ40V90AQG61,False
GSCB_FLAGSHIP,Other / Review,Financials,,Americas,GSFINREG,GS Fins De-Regulation,USD,Custom Basket,MA1JBZHBA01X88Q3,True
GSCB_FLAGSHIP,Factor,Broad / Cross-sector,Momentum,Europe,GSXEMO20,GS EU Momentum Top 20,EUR,Custom Basket,MA1JSV1CN0G3XZ72,False
GSCB_FLAGSHIP,Other / Review,Industrials,,Europe,GSSBCHIN,EU Chemicals Industrial,EUR,Research Basket,MA1JXJVZ68BP9P5E,True
GSCB_FLAGSHIP,Other / Review,Broad / Cross-sector,,Europe,GSSBTOBA,EU Tobacco,EUR,Research Basket,MA1K18CNM6T2YA5H,True
GSCB_FLAGSHIP,Other / Review,Broad / Cross-sector,,Europe,GSWDADAP,GS New Cycle Adaptors,USD,Custom Basket,MA1KKPZKJ1ZS0W17,True
GSCB_FLAGSHIP,Other / Review,Broad / Cross-sector,,Europe,GSCBKDIV,GS EU High Div Yld Banks,EUR,Custom Basket,MA1KVMZ7VRVKB0ZZ,True
GSCB_FLAGSHIP,Other / Review,Broad / Cross-sector,,Asia,GSCBJSBS,GS Japan Strong B/S,JPY,Custom Basket,MA1KXT29ZC60BVE5,True
GSCB_FLAGSHIP,Sector Factor,Health Care,Growth,Americas,GSHCGRWT,GS US Health Care Growth,USD,Custom Basket,MA1M1APPEM9G6FX1,False
GSCB_FLAGSHIP,Other / Review,Broad / Cross-sector,,Europe,GSSBOILE,EU Oil & Gas E&P,GBP,Research Basket,MA1M3CF66JZV58GA,True
GSCB_FLAGSHIP,Theme,Broad / Cross-sector,AI,Americas,GSXABOTL,GS Asia AI Bottlenecks,USD,Custom Basket,MA1M67HY36ZKQS7T,False
GSCB_FLAGSHIP,Sector Factor,Financials,Value,Americas,GSFINVLL,GS FIN US Value Long,USD,Custom Basket,MA1MFY9GV5T9WTY8,False
GSCB_FLAGSHIP,Other / Review,Broad / Cross-sector,,Europe,GSSBOILS,EU Oil & Gas Services,EUR,Research Basket,MA1NAHFGPMHGQCVZ,True
GSCB_FLAGSHIP,Theme,Broad / Cross-sector,Buybacks / Capital Return,Asia,GSCBJPBB,GS Japan Buybacks,JPY,Custom Basket,MA1NEQY7Q7XNGDHB,False
GSCB_FLAGSHIP,Other / Review,Broad / Cross-sector,,Europe,GSCMATOS,GS Atos Hedge,EUR,Custom Basket,MA1NVZ89BYB1ZQ8D,True
GSCB_FLAGSHIP,Other / Review,Broad / Cross-sector,,Europe,GSXFCESD,GS CEEMEA Strong Divs,USD,Custom Basket,MA1NYK9JFZ1GAV48,True
GSCB_FLAGSHIP,Other / Review,Broad / Cross-sector,,Global,GSPAJBVA,.GSPAJBVA,JPY,Custom Basket,MA1PX7F3RQ4N3FMQ,True
GSCB_FLAGSHIP,Factor,Broad / Cross-sector,Value,Americas,GSXACART,GS China AI Value Chain,USD,Custom Basket,MA1PXN216ZDGQ81J,False
GSCB_FLAGSHIP,Other / Review,Broad / Cross-sector,,Europe,GSXEBOND,GS EU Bond Proxy,EUR,Custom Basket,MA1PYERDW8BAN9YT,True
GSCB_FLAGSHIP,Other / Review,Broad / Cross-sector,,Europe,GSCBSWBA,Swedish Banks,SEK,Custom Basket,MA1PYY5A1SMV2T59,True
GSCB_FLAGSHIP,Other / Review,Broad / Cross-sector,,Asia,GSXAMACG,GS Macau Gaming,HKD,Custom Basket,MA1Q4D66JD7MNJBV,True
GSCB_FLAGSHIP,Factor,Broad (US),Momentum,Americas,GSPUWFMO,Wolfe Momentum Pair,USD,Custom Basket,MA1Q5MK4CPHHXWG8,False
GSCB_FLAGSHIP,Other / Review,Health Care,,Americas,GSSIHCFA,Goldman Sachs Health Care Facilities Sector Basket,USD,Custom Basket,MA1Q5MT3X4V9HBV7,True
GSCB_FLAGSHIP,Factor,Broad / Cross-sector,Growth,Americas,GSXACGRO,GS China Secular Growth,USD,Custom Basket,MA1Q65N132Q6M6D7,False
GSCB_FLAGSHIP,Factor,Broad / Cross-sector,Value,Asia,GSXAKVU2,GS Korea Value Up Ph 2,KRW,Custom Basket,MA1QNMC8DM7SKJWZ,False
GSCB_FLAGSHIP,Other / Review,Broad / Cross-sector,,Europe,GSXEMNAT,EU M&A Targets,EUR,Custom Basket,MA1R3QZA51GJD8T1,True
GSCB_FLAGSHIP,Other / Review,Broad / Cross-sector,,Europe,GSCMHEIN,GS Heineken Hedge,EUR,Custom Basket,MA1R78ZPS8FCFG90,True
GSCB_FLAGSHIP,Theme,Broad / Cross-sector,China / Supply Chain,Asia,GSXAC5GC,GS China 5G Comms,CNH,Custom Basket,MA1RKERQ58NSJF8S,False
GSCB_FLAGSHIP,Other / Review,Broad / Cross-sector,,Europe,GSCMORSH,GS Orsted Hedge,DKK,Custom Basket,MA1SEAW0Y1XNGY1A,True
GSCB_FLAGSHIP,Other / Review,Broad / Cross-sector,,Europe,GSSBALTM,EU Alternative AM,EUR,Research Basket,MA1SFPA3H4366651,True
GSCB_FLAGSHIP,Factor,Broad / Cross-sector,Size,Americas,GSXAPESS,GS APeJC Size Short,USD,Custom Basket,MA1SGVTKC25R3111,False
GSCB_FLAGSHIP,Other / Review,Broad / Cross-sector,,Europe,GSQIU10S,QI US10Y Short,USD,Custom Basket,MA1SNQBP6KPP7BVM,True
GSCB_FLAGSHIP,Factor,Broad / Cross-sector,Volatility,Americas,GSXUBARL,GS US Barra High Res Vol,USD,Custom Basket,MA1TCGCXR1CP1Y0R,False
GSCB_FLAGSHIP,Other / Review,Real Estate,,Europe,GSSBREUK,EU Real Estate - UK,GBP,Research Basket,MA1TEZREEA5JGNH1,True
GSCB_FLAGSHIP,Other / Review,Broad / Cross-sector,,Americas,GSSUSES4,GS SUSTAIN E&S Qntle 4,USD,Research Basket,MA1V8PGSHWCPPD56,True
GSCB_FLAGSHIP,Other / Review,Broad (US),,Americas,GSPUWREV,Wolfe Revisions Pair,USD,Custom Basket,MA1VN8CWWN2E0XWY,True
GSCB_FLAGSHIP,Other / Review,Broad / Cross-sector,,Americas,GSXUFIXR,GS US Construction,USD,Custom Basket,MA1VQR4WEPQ1BRA8,True
GSCB_FLAGSHIP,Other / Review,Broad / Cross-sector,,Americas,GSXUHYGE,GS HY Debt Levered,USD,Custom Basket,MA1VZD044SP6PSSC,True
GSCB_FLAGSHIP,Other / Review,Broad / Cross-sector,,Americas,GSCMCAPR,GS CPRI Hedge,USD,Custom Basket,MA1VZH6QF1FNMX0T,True
GSCB_FLAGSHIP,Other / Review,Broad / Cross-sector,,Europe,GSXFCESB,GS CEEMEA Strong Bal She,USD,Custom Basket,MA1W3C0A0Q9A799P,True
GSCB_FLAGSHIP,Factor,Broad / Cross-sector,Beta,Asia,GSXAJBBS,GS Japan Barra Beta Shor,JPY,Custom Basket,MA1WQ73CVBW2JE2X,False
GSCB_FLAGSHIP,Other / Review,Broad / Cross-sector,,Asia,GSXAKLIL,GS Korea Liq. (HB) Long,KRW,Custom Basket,MA1XE2VATZ8MNR7D,True
GSCB_FLAGSHIP,Factor,Broad / Cross-sector,Quality,Europe,GSXEUKQS,GS UK Low Quality,GBP,Custom Basket,MA1XMWK74EQNEC07,False
GSCB_FLAGSHIP,Other / Review,Broad / Cross-sector,,Americas,GSHLCSMB,GS SMID Biotech,USD,Custom Basket,MA1XPWKQN25WK9P0,True
GSCB_FLAGSHIP,Factor,Broad / Cross-sector,Crowding,Asia,GSCBJORT,GS Japan Crowded Shorts,JPY,Custom Basket,MA1XQS50994KH1YV,False
GSCB_FLAGSHIP,Other / Review,Consumer,,Europe,GSXEFLGD,GS EU Consumer Wellness,EUR,Custom Basket,MA1Y53G65WTR7RDC,True
GSCB_FLAGSHIP,Factor,Broad / Cross-sector,Dividend / Yield,Americas,GSXUBFDL,GS US Barra Hi Div Yield,USD,Custom Basket,MA1YR0WQ39A26AMT,False
GSCB_FLAGSHIP,Theme,TMT / Tech,Semiconductors,Europe,GSXGSEMI,GS Global Semis,USD,Custom Basket,MA1YTGK0N5F8RMXD,False
GSCB_FLAGSHIP,Other / Review,Broad / Cross-sector,,Europe,GSCMMROH,GS Melrose Hedge,GBP,Custom Basket,MA1ZGH8X3KRNJZMY,True
GSCB_FLAGSHIP,Theme,Broad / Cross-sector,China / Supply Chain,Asia,GSXACHPR,GS China HK Developers,HKD,Custom Basket,MA1ZVY5RZNBKYQ39,False
GSCB_FLAGSHIP,Theme,TMT / Tech,AI,Americas,GSPUCHAT,GS US AI vs Nonprof Tech,USD,Custom Basket,MA1ZWCE19031B8FY,False
GSCB_FLAGSHIP,Other / Review,Broad / Cross-sector,,Asia,GSCBJIH2,GS JPIP Hedge - LM,JPY,Custom Basket,MA203BY7T9FYH6HY,True
GSCB_FLAGSHIP,Sector Factor,TMT / Tech,Growth,Americas,GSTMTGRL,GS TMT US Growth Long,USD,Custom Basket,MA20R86W2QDE2JW0,False
GSCB_FLAGSHIP,HF Positioning,Telecom / Comm Svcs,VIP vs Short,Americas,GSPRVSTL,GS US Tels VIP vs Short,USD,Custom Basket,MA213ANPM586WF9F,False
GSCB_FLAGSHIP,Factor,Broad / Cross-sector,Growth,Asia,GSXAKGRL,GS Korea Growth (HB) Lon,KRW,Custom Basket,MA2142WDPQ510GGE,False
GSCB_FLAGSHIP,Factor,Broad / Cross-sector,Leverage,Europe,GSXEBFFL,EU Pure High Leverage,EUR,Custom Basket,MA21GHSB39DHM717,False
GSCB_FLAGSHIP,Other / Review,Broad / Cross-sector,,Americas,GSSICCSF,Goldman Sachs Coal & Consumable Fuels Sector Basket,USD,Custom Basket,MA21GSTE5FENT6J1,True
GSCB_FLAGSHIP,Other / Review,Broad / Cross-sector,,Americas,GSCBBTC1,GS Bitcoin Sensitive Eq,USD,Custom Basket,MA22HFG6XPNDVV2E,True
GSCB_FLAGSHIP,Other / Review,Broad / Cross-sector,,Americas,GSXULYTY,GS Brand Loyalty Basket,USD,Custom Basket,MA230NJ3WGDVJZC8,True
GSCB_FLAGSHIP,Other / Review,TMT / Tech,,Americas,GSTMTOLD,GS Old Technology,USD,Custom Basket,MA23NEFT8PGQ3726,True
GSCB_FLAGSHIP,Factor,Broad / Cross-sector,Momentum,Europe,GSXELMXB,EU Rctv Lo Momo ex Banks,EUR,Custom Basket,MA23RFSQM6CB5R0K,False
GSCB_FLAGSHIP,Theme,Broad / Cross-sector,China / Supply Chain,Europe,GSXETFXA,GS EU Tariffs Ex Auto,EUR,Custom Basket,MA23RRQWR0XRTVF2,False
GSCB_FLAGSHIP,Other / Review,Broad / Cross-sector,,Europe,GSXEOCAP,GS EU Oil Capex Upcycle,EUR,Custom Basket,MA23X2P0H03GQXH9,True
GSCB_FLAGSHIP,Theme,Broad / Cross-sector,Rates Sensitivity,Americas,GSTHLDUR,Long Duration,USD,Research Basket,MA242CNA8X74ECGG,False
GSCB_FLAGSHIP,Other / Review,Broad / Cross-sector,,Americas,GSIPEVES,EV / EBITDA Short,USD,Research Basket,MA24V4MF2B669SM6,True
GSCB_FLAGSHIP,Other / Review,Broad / Cross-sector,,Americas,GSXASCEC,GS Asia Sup Chain Ex. Ch,USD,Custom Basket,MA25PXY9TVC9PH10,True
GSCB_FLAGSHIP,Other / Review,Broad / Cross-sector,,Asia,GSXACSBT,GS CH Solid State Batt.,CNH,Custom Basket,MA25QZ1702M10AY5,True
GSCB_FLAGSHIP,Other / Review,Broad / Cross-sector,,Europe,GSCBCAPI,GS EU Capital Intensive,EUR,Custom Basket,MA26WPCZJDHAXGMA,True
GSCB_FLAGSHIP,Factor,Broad / Cross-sector,Quality,Europe,GSXEBFQS,EU Pure Low Inv Quality,EUR,Custom Basket,MA2818FX15RP7FEM,False
GSCB_FLAGSHIP,Other / Review,Broad / Cross-sector,,Americas,GSXAWBAL,GS Asia Weak B/S,USD,Custom Basket,MA287NSS63Y3D3GB,True
GSCB_FLAGSHIP,Other / Review,Broad / Cross-sector,,Europe,GSSBLUXG,EU Luxury Goods,EUR,Research Basket,MA288N22V56YN0QJ,True
GSCB_FLAGSHIP,Factor,Broad / Cross-sector,Value,Americas,GSXUWFVL,GS US Wolfe High Value,USD,Custom Basket,MA28XQWA0M3MGKAB,False
GSCB_FLAGSHIP,Other / Review,Broad / Cross-sector,,Asia,GSJPINTR,GS Japan International,JPY,Research Basket,MA28ZQQJE35DYQ25,True
GSCB_FLAGSHIP,Other / Review,Broad / Cross-sector,,Americas,GSXUBAIL,GS US Barra Hi Short Int,USD,Custom Basket,MA29TFQGJNED2SX5,True
GSCB_FLAGSHIP,Other / Review,Broad (US),,Americas,GSPUOILY,GS US Wolfe Oil Pair,USD,Custom Basket,MA2AAYR6698XF8B2,True
GSCB_FLAGSHIP,Other / Review,Broad / Cross-sector,,Asia,GSXAA500,GS A500 Inclusion,CNH,Custom Basket,MA2B5FA3FSDSHD22,True
GSCB_FLAGSHIP,Other / Review,Broad / Cross-sector,,Americas,GSXUSOFL,GS US Soft Landing,USD,Custom Basket,MA2BADHDT3DP87MA,True
GSCB_FLAGSHIP,Other / Review,Broad / Cross-sector,,Asia,GSCBJSAR,GS Japan SMID Low Ap. Ra,JPY,Custom Basket,MA2BCYD8N1DF8V7D,True
GSCB_FLAGSHIP,Factor,Broad / Cross-sector,Momentum,Europe,GSXELMTR,GS Turkey Low Momo,TRY,Custom Basket,MA2BDA727GTHJWVK,False
GSCB_FLAGSHIP,Other / Review,Broad / Cross-sector,,Europe,GSXEITDO,GS Italy Dom. Exposure,EUR,Custom Basket,MA2BE5ZEHG3VA2AF,True
GSCB_FLAGSHIP,Other / Review,Broad / Cross-sector,,Europe,GSSBGAMI,EU Gaming,GBP,Research Basket,MA2CWY7Q0KVS4BAV,True
GSCB_FLAGSHIP,Factor,Broad / Cross-sector,Beta,Americas,GSKOBETA,GS US Beta (EFMUSALTS),USD,Custom Basket,MA2D13KM5YFWT85G,False
GSCB_FLAGSHIP,Other / Review,Broad / Cross-sector,,Europe,GSCMHNOV,GS Novartis Hedge,CHF,Custom Basket,MA2D4Q2G74FT0F21,True
GSCB_FLAGSHIP,Other / Review,Broad / Cross-sector,,Europe,GSCMHAZE,GS Azelis Hedge Basket,EUR,Custom Basket,MA2DJA9RBRE5HG8T,True
GSCB_FLAGSHIP,Theme,Broad / Cross-sector,China / Supply Chain,Americas,GSXACNFA,GS China National Team,USD,Custom Basket,MA2DR3RY6ZS9A2HX,False
GSCB_FLAGSHIP,Theme,Broad / Cross-sector,AI,Americas,GSCBAIP3,GS GIR AI Phase 3,USD,Custom Basket,MA2EFCSB6PR536C4,False
GSCB_FLAGSHIP,Other / Review,Broad / Cross-sector,,Europe,GSCMMELR,GS Melrose Global Hedge,GBP,Custom Basket,MA2F58ET80KVCSKC,True
GSCB_FLAGSHIP,Theme,Broad / Cross-sector,China / Supply Chain,Americas,GSXACHLI,GS China Liquor,USD,Custom Basket,MA2FB85ATATHRN4Z,False
GSCB_FLAGSHIP,Other / Review,Broad / Cross-sector,,Americas,GSSUSES5,GS SUSTAIN E&S Bot Qntle,USD,Research Basket,MA2FH5CFP9F38J9F,True
GSCB_FLAGSHIP,Other / Review,Broad / Cross-sector,,Europe,GSXEESDO,GS Spanish Domestics,EUR,Custom Basket,MA2FNF42G4H5GWXM,True
GSCB_FLAGSHIP,Other / Review,Broad / Cross-sector,,Asia,GSCBHKHN,GS HK High Divs,HKD,Custom Basket,MA2FV8ND9MQ3FET7,True
GSCB_FLAGSHIP,Other / Review,TMT / Tech,,Europe,GSSBITSE,EU IT Services,EUR,Research Basket,MA2FWAA20JR47S4G,True
GSCB_FLAGSHIP,Theme,Broad / Cross-sector,Clean Energy / ESG,Europe,GSXEBFYS,EU Pure Low ESG,EUR,Custom Basket,MA2G1C3MXCRA11P6,False
GSCB_FLAGSHIP,Theme,TMT / Tech,Semiconductors,Asia,GSCBJSSE,GS Japan SMID Semis Eq.,JPY,Custom Basket,MA2G9E254CXQMHS3,False
GSCB_FLAGSHIP,Other / Review,Energy,,Americas,GSENOILC,GS Glbl Oil Conventional,USD,Custom Basket,MA2GC087M4297EDV,True
GSCB_FLAGSHIP,Other / Review,Broad / Cross-sector,,Europe,GSCMAKER,GS Aker NO Hedge,NOK,Custom Basket,MA2GN3HW1YE9ATP4,True
GSCB_FLAGSHIP,Other / Review,Broad / Cross-sector,,Europe,GSXEPAND,GS EU Global Health Risk,EUR,Custom Basket,MA2H1AWJ26ME2XHT,True
GSCB_FLAGSHIP,Theme,Broad / Cross-sector,China / Supply Chain,Americas,GSXACENT,GS China Entertainment,USD,Custom Basket,MA2H2SBT97BT8KER,False
GSCB_FLAGSHIP,Factor,Broad / Cross-sector,Value,Americas,GSXUBFVS,GS US Barra Low Value,USD,Custom Basket,MA2H32EKRP55ZHC7,False
GSCB_FLAGSHIP,Other / Review,Broad / Cross-sector,,Europe,GSXEPULP,GS EU Pulp and Paper,EUR,Custom Basket,MA2HWWTE02ZKJ0ZW,True
GSCB_FLAGSHIP,Other / Review,Broad / Cross-sector,,Europe,GSCMCIRS,GS Cirsa Hedge,EUR,Custom Basket,MA2J6XYJ3ESE3EZB,True
GSCB_FLAGSHIP,Other / Review,Broad / Cross-sector,,Americas,GSXUWFSL,GS US Wolfe Hi Revisions,USD,Custom Basket,MA2JHB7QECSXZZS2,True
GSCB_FLAGSHIP,Other / Review,Broad / Cross-sector,,Americas,GSXUFTAL,GS Low Foreign Tax Risk,USD,Custom Basket,MA2KK61AFWAHK1BJ,True
GSCB_FLAGSHIP,Theme,Broad / Cross-sector,China / Supply Chain,Americas,GSXACQUA,GS China Quantum Compu.,USD,Custom Basket,MA2KQ2T1V5V4AVJ5,False
GSCB_FLAGSHIP,Other / Review,Broad / Cross-sector,,Europe,GSSTMARG,EU High & Stable Margins,EUR,Research Basket,MA2KSHN7YCZ1WRYQ,True
GSCB_FLAGSHIP,Other / Review,Broad / Cross-sector,,Europe,GSXEAUTO,GS EU Autos,EUR,Custom Basket,MA2M295FK66Q9A30,True
GSCB_FLAGSHIP,Other / Review,Broad / Cross-sector,,Asia,GSXAJSLQ,GS Japan SMID Low Qualit,JPY,Custom Basket,MA2M5EPNB3XHS1CQ,True
GSCB_FLAGSHIP,Other / Review,Broad / Cross-sector,,Asia,GSXAJPAR,GS Japan Parent Compan.,JPY,Custom Basket,MA2M7ND83BTC3FYB,True
GSCB_FLAGSHIP,Other / Review,Broad / Cross-sector,,Europe,GSCMEVON,GS Evonik Hedge,EUR,Custom Basket,MA2N9YAAPRH42A5P,True
GSCB_FLAGSHIP,Other / Review,Broad / Cross-sector,,Americas,GSSIELEM,Goldman Sachs Electronic Equipment & Instrum Sector Basket,USD,Custom Basket,MA2NNGK3697Y6P0R,True
GSCB_FLAGSHIP,Theme,Broad / Cross-sector,China / Supply Chain,Americas,GSXUCADR,GS China ADRs,USD,Custom Basket,MA2PS5X44DDG2P97,False
GSCB_FLAGSHIP,Other / Review,Health Care,,Americas,GSSIHCTE,Goldman Sachs Health Care Technology Sector Basket,USD,Custom Basket,MA2PTAN9YCAEWTCD,True
GSCB_FLAGSHIP,Other / Review,Broad / Cross-sector,,Europe,GSCBSDUR,GS EU Short Dur Custom,EUR,Custom Basket,MA2PZCJZT9C9X3AQ,True
GSCB_FLAGSHIP,Other / Review,Broad / Cross-sector,,Europe,GSCMNEXF,GS Nexans Hedge,EUR,Custom Basket,MA2PZG1B3TKYMREQ,True
GSCB_FLAGSHIP,Other / Review,Consumer,,Americas,GSXUCEXP,GS Consumer Experiences,USD,Custom Basket,MA2QC05JQHGCF6VQ,True
GSCB_FLAGSHIP,Other / Review,Broad / Cross-sector,,Americas,GSXUGEOP,GS US Geopolitical,USD,Custom Basket,MA2QQ2CC0J6DW329,True
GSCB_FLAGSHIP,Other / Review,Broad / Cross-sector,,Asia,GSXAJTRC,GS Japan Trading Comp,JPY,Custom Basket,MA2QQHB96Q76W9T3,True
GSCB_FLAGSHIP,Other / Review,Broad / Cross-sector,,Europe,GSCMALLF,GS Allfunds Hedge,EUR,Custom Basket,MA2QXEH3P2KYMCWF,True
GSCB_FLAGSHIP,Other / Review,Broad / Cross-sector,,Europe,GSXFXATK,GS EM ex Asia Technology,USD,Custom Basket,MA2R7B5DFJPJHYZY,True
GSCB_FLAGSHIP,Other / Review,Broad / Cross-sector,,Asia,GSXAJOFF,GS Japan Office Exposed,JPY,Custom Basket,MA2RJVP8MC2AQR3G,True
GSCB_FLAGSHIP,Other / Review,Broad / Cross-sector,,Europe,GSCMACSH,GS ACS Hedge,EUR,Custom Basket,MA2RPJ5B43DBJ936,True
GSCB_FLAGSHIP,Other / Review,Broad / Cross-sector,,Americas,GSXAHPRO,GS HK Property,USD,Custom Basket,MA2S8Q47AGNPEW09,True
GSCB_FLAGSHIP,Other / Review,Broad / Cross-sector,,Americas,GSCMSUNH,Flagship SUN Hedge,USD,Custom Basket,MA2SYHFCXBDY8VZ3,True
GSCB_FLAGSHIP,Theme,Broad / Cross-sector,China / Supply Chain,Asia,GSXAKCHE,GS Korea China Exposed,KRW,Custom Basket,MA2T28TPJ4JXXA14,False
GSCB_FLAGSHIP,Other / Review,Broad / Cross-sector,,Europe,GSXEMFWL,GS EU Vol Long,EUR,Custom Basket,MA2TGXJYG3TTQYDV,True
GSCB_FLAGSHIP,Other / Review,Broad / Cross-sector,,Europe,GSXECIVA,GS EU Civil Aerospace,EUR,Custom Basket,MA2TNCJ6X6QXF9AB,True
GSCB_FLAGSHIP,Other / Review,Broad / Cross-sector,,Europe,GSCMCABK,GS CaxiaBank Hedge,EUR,Custom Basket,MA2VJG00VVDQT0JX,True
GSCB_FLAGSHIP,Other / Review,Broad / Cross-sector,,Europe,GSCBPLBK,GS Polish Banks,USD,Custom Basket,MA2VPBCHKH1H6BS6,True
GSCB_FLAGSHIP,Other / Review,Broad (US),,Americas,GSPUSENT,GS US Barra Sentiment,USD,Custom Basket,MA2VVE5R6CF1RSC8,True
GSCB_FLAGSHIP,Other / Review,Broad / Cross-sector,,Europe,GSXFTUDE,GS Turkey Domestic Expo,USD,Custom Basket,MA2W2MW5MN5HY0GP,True
GSCB_FLAGSHIP,Other / Review,Broad / Cross-sector,,Europe,GSSTAMER,EU US Exposure,EUR,Research Basket,MA2WGFB0QDYYRNGK,True
GSCB_FLAGSHIP,Other / Review,Broad / Cross-sector,,Europe,GSCBAMAS,GS EU Auto Mass Market,EUR,Custom Basket,MA2WY2D51TRRFAMY,True
GSCB_FLAGSHIP,Other / Review,Broad / Cross-sector,,Europe,GSCMTRIG,GS TRIG LN Hedge,GBP,Custom Basket,MA2X38EEJDA8PFS9,True
GSCB_FLAGSHIP,Other / Review,Broad / Cross-sector,,Europe,GSCBAVOL,GS Auto Suppliers,EUR,Custom Basket,MA2Y9XD7DHG591XT,True
GSCB_FLAGSHIP,Other / Review,Broad / Cross-sector,,Europe,GSCMTECO,GS Tecom Group Hedge,USD,Custom Basket,MA2YH1EK2JSTMFWZ,True
GSCB_FLAGSHIP,Theme,Energy,China / Supply Chain,Asia,GSXACENG,GS China Energy Sec CNH,CNH,Custom Basket,MA2ZS7VYJ7SBJPXH,False
GSCB_FLAGSHIP,Other / Review,Broad / Cross-sector,,Americas,GSXUDEML,2020 Dem Policy Outperf,USD,Custom Basket,MA309AZ8A57EN3GT,True
GSCB_FLAGSHIP,Other / Review,Broad / Cross-sector,,Americas,GSIDLDEL,GS Delivery & Rideshare,USD,Custom Basket,MA30PVGDH8BD7E0C,True
GSCB_FLAGSHIP,Factor,Broad / Cross-sector,Beta,Americas,GSXUBGBS,GS US GEMLT Low Beta,USD,Custom Basket,MA31H6T8670HW04Y,False
GSCB_FLAGSHIP,Other / Review,Financials,,Americas,GSFINCDT,GS Fins Credit Contagion,USD,Custom Basket,MA31HA2J91X8MGSS,True
GSCB_FLAGSHIP,Sector Factor,TMT / Tech,Momentum,Americas,GSTMBFMS,GS US TMT Momentum Short,USD,Custom Basket,MA31YTKMVY494E4H,False
GSCB_FLAGSHIP,Other / Review,Broad / Cross-sector,,Americas,GSXUNATL,US Strategic Industries,USD,Custom Basket,MA321P3QWF1Z8TAM,True
GSCB_FLAGSHIP,Factor,Broad / Cross-sector,Momentum,Europe,GSXELMO6,EU 6M Momo (Losers),EUR,Custom Basket,MA32C2EPYXQX0GXQ,False
GSCB_FLAGSHIP,Other / Review,Broad / Cross-sector,,Asia,GSXAKRIG,GS Korea Internet/Gaming,KRW,Custom Basket,MA32FJ7998PPWPSY,True
GSCB_FLAGSHIP,Factor,Broad / Cross-sector,Beta,Americas,GSXUWFBL,GS US Wolfe High Beta,USD,Custom Basket,MA32SDH0YVMHR28S,False
GSCB_FLAGSHIP,Other / Review,Broad / Cross-sector,,Europe,GSCMHGRF,GS Grifols Hedge,EUR,Custom Basket,MA32XH94KDNE7R5P,True
GSCB_FLAGSHIP,Other / Review,Broad / Cross-sector,,Asia,GSXAJONE,GS Japan Optical Network,JPY,Custom Basket,MA3336EJYDJ34PMM,True
GSCB_FLAGSHIP,Other / Review,Broad / Cross-sector,,Asia,GSXAJBXL,GS JP Barra Foreign Lon,JPY,Custom Basket,MA3365PY89QJ2HVP,True
GSCB_FLAGSHIP,Theme,Broad / Cross-sector,HF / Positioning Theme,Americas,GSXUHVIP,GS Hedge Fund VIPs,USD,Custom Basket,MA33FWZK9VZ39K9A,False
GSCB_FLAGSHIP,Other / Review,Broad / Cross-sector,,Americas,GSXUBGES,GS US GEMLT Lo Earnings,USD,Custom Basket,MA33W3T54439K4JB,True
GSCB_FLAGSHIP,Sector Factor,Industrials,Momentum,Europe,GSXEBMSI,EU Industrials Momo Shrt,EUR,Custom Basket,MA346JMMPDTJNW2R,False
GSCB_FLAGSHIP,Other / Review,Broad / Cross-sector,,Asia,GSXACUHA,GS CH A/H - A Line USD,CNH,Custom Basket,MA348ZA1XXD0F0JV,True
GSCB_FLAGSHIP,Factor,Broad (US),Size,Americas,GSPUWSIZ,Wolfe Size Pair,USD,Custom Basket,MA349R99VENVMNXN,False
GSCB_FLAGSHIP,Factor,Broad / Cross-sector,Momentum,Americas,GSIPMOML,Momentum Factor Long,USD,Research Basket,MA34EHGP1M43KPWE,False
GSCB_FLAGSHIP,Other / Review,Broad / Cross-sector,,Asia,GSCB7974,GS Japan Hedge,JPY,Custom Basket,MA34J40NY8VGZ48Q,True
GSCB_FLAGSHIP,Other / Review,Broad / Cross-sector,,Europe,GSCBRANS,GS EU ALLBRANS,EUR,Custom Basket,MA34KA7AGQSHP56H,True
GSCB_FLAGSHIP,Other / Review,Broad / Cross-sector,,Europe,GSXECYEX,GS EU Expensive Cycl,EUR,Custom Basket,MA354GJV0C5KN11X,True
GSCB_FLAGSHIP,Sector Factor,Financials,Growth,Americas,GSFINCIL,GS Fins C&I Loan Growth,USD,Custom Basket,MA354VQ5EBGAHQSR,False
GSCB_FLAGSHIP,Other / Review,Broad / Cross-sector,,Americas,GSCMWDCH,Flagship WDC Hedge,USD,Custom Basket,MA35DWG5XXF23WWA,True
GSCB_FLAGSHIP,Other / Review,Broad / Cross-sector,,Europe,GSCMFURH,GS Fugro Hedge,EUR,Custom Basket,MA35J1N1P9WBPDR9,True
GSCB_FLAGSHIP,Theme,Broad (US),Inflation / Pricing Power,Americas,GSPUCPIP,GS US Inflation Pair,USD,Custom Basket,MA35S5PJ6677A3S3,False
GSCB_FLAGSHIP,Other / Review,Broad / Cross-sector,,Europe,GSCMTIGO,GS TIGO Hedge,SEK,Custom Basket,MA3650QTC12BJK99,True
GSCB_FLAGSHIP,Factor,Broad / Cross-sector,Momentum,Americas,GSSZSMOM,APJ Strong Momentum,USD,Research Basket,MA36ERA3SH3PHCKW,False
GSCB_FLAGSHIP,Factor,Broad / Cross-sector,Volatility,Americas,GSXUBGRL,GS US GEMLT High Res Vol,USD,Custom Basket,MA37KQ9KEC7P15KM,False
GSCB_FLAGSHIP,Other / Review,Broad / Cross-sector,,Europe,GSCMCARF,GS Carrefour Hedge,EUR,Custom Basket,MA37V3EEMSRVXJFX,True
GSCB_FLAGSHIP,Other / Review,Broad / Cross-sector,,Asia,GSXAKHOL,GS Korea Holdings,KRW,Custom Basket,MA38ERGYXPB297V1,True
GSCB_FLAGSHIP,Other / Review,Broad / Cross-sector,,Europe,GSCMAMSJ,GS Valterra Plat Hedge,ZAR,Custom Basket,MA3912PQNVWHRCD8,True
GSCB_FLAGSHIP,Other / Review,Broad / Cross-sector,,Asia,GSXATAPL,GS Taiwan Apple Sp Chain,TWD,Custom Basket,MA39K4Z3G5PF87MX,True
GSCB_FLAGSHIP,Other / Review,Broad / Cross-sector,,Europe,GSXEINVO,GS EU Anti-Involution,EUR,Custom Basket,MA39S79F58MM4WAP,True
GSCB_FLAGSHIP,Sector Factor,Health Care,Growth,Americas,GSHCBFGS,GS US HC Growth Short,USD,Custom Basket,MA3ABXV45THFXVEC,False
GSCB_FLAGSHIP,Factor,Broad / Cross-sector,Momentum,Europe,GSXEHMO3,EU 3M Momo (Winners),EUR,Custom Basket,MA3B4SEWWJFT6WZ6,False
GSCB_FLAGSHIP,Other / Review,Broad / Cross-sector,,Americas,GSXAFCFC,GS Asia FCF Commods,USD,Custom Basket,MA3BC7WGHNNP5ATR,True
GSCB_FLAGSHIP,Factor,Broad / Cross-sector,Momentum,Europe,GSXEBFMS,EU Pure Low Momo,EUR,Custom Basket,MA3BJGNCP0BVM84K,False
GSCB_FLAGSHIP,Other / Review,Broad / Cross-sector,,Europe,GSXEDCYC,GS EU Domestic Cyclicals,EUR,Custom Basket,MA3CDKMPE1KFE89X,True
GSCB_FLAGSHIP,Other / Review,Consumer,,Americas,GSXUFULL,GS US Memory Consumers,USD,Custom Basket,MA3CX2VK3TRF13SG,True
GSCB_FLAGSHIP,Theme,Broad / Cross-sector,China / Supply Chain,Americas,GS24TRFS,GS 2024 Tariff Risk,USD,Custom Basket,MA3D5KHSD27GE42B,False
GSCB_FLAGSHIP,Other / Review,Broad / Cross-sector,,Americas,GSTHBRIC,EM Sales,USD,Research Basket,MA3DGNHF6J3CSMVG,True
GSCB_FLAGSHIP,Other / Review,Consumer,,Europe,GSXFCONS,GS EM Consumer Disc,USD,Custom Basket,MA3E95PJ6VTK0BAA,True
GSCB_FLAGSHIP,Other / Review,Broad / Cross-sector,,Americas,GSXUCHEM,GS US Chemicals,USD,Custom Basket,MA3EB774GZGM5H2Y,True
GSCB_FLAGSHIP,Other / Review,Broad / Cross-sector,,Europe,GSCMSAMP,GS Sampo Hedge,EUR,Custom Basket,MA3ERCJW7H78KZ04,True
GSCB_FLAGSHIP,Other / Review,Broad / Cross-sector,,Asia,GSXAJBEL,GS JP Barra Earn. Yld L,JPY,Custom Basket,MA3FNGY8DKT0E2EP,True
GSCB_FLAGSHIP,Other / Review,Broad / Cross-sector,,Asia,GSCBINMF,GS India MF Favorites,INR,Custom Basket,MA3FVCD12SW28N5T,True
GSCB_FLAGSHIP,Theme,Broad / Cross-sector,China / Supply Chain,Asia,GSXACABN,GS China-A Banks,CNH,Custom Basket,MA3FZD1Z0JZ7CQWX,False
GSCB_FLAGSHIP,Other / Review,Broad / Cross-sector,,Americas,GSXUGOVT,GS US High Gov. Exposure,USD,Custom Basket,MA3G2ZR231FA9SY5,True
GSCB_FLAGSHIP,Other / Review,Broad / Cross-sector,,Americas,GSXUWFTS,GS US Wolfe Low  Liquid,USD,Custom Basket,MA3G3QY1CJS3XE7G,True
GSCB_FLAGSHIP,Other / Review,Broad / Cross-sector,,Europe,GSCMSIKA,GS Sika Hedge,CHF,Custom Basket,MA3G8PANE0FGZXB9,True
GSCB_FLAGSHIP,Other / Review,Broad / Cross-sector,,Americas,GSXUMOON,GS US Space & Satellites,USD,Custom Basket,MA3GHH1F6CJP57TF,True
GSCB_FLAGSHIP,Factor,Broad / Cross-sector,Growth,Asia,GSXACBGL,GS China Barra Growth Lo,CNH,Custom Basket,MA3GJPNT9M1F3TPH,False
GSCB_FLAGSHIP,Other / Review,Broad / Cross-sector,,Americas,GSSIBUIL,Goldman Sachs Building Products Sector Basket,USD,Custom Basket,MA3H7KBB2K6HEP2K,True
GSCB_FLAGSHIP,Other / Review,Broad / Cross-sector,,Europe,GSCB30YR,GS EU 30Y Bond Sensitive,EUR,Custom Basket,MA3H8A3H5YBPNCPK,True
GSCB_FLAGSHIP,Other / Review,Broad / Cross-sector,,Europe,GSCMAALH,GS Anglo Hedge (GBP),GBP,Custom Basket,MA3JA0X1PXV9G68M,True
GSCB_FLAGSHIP,Factor,Broad / Cross-sector,Quality,Europe,GSXEBFQL,EU High Investmt Quality,EUR,Custom Basket,MA3JDN25TXDR4HJJ,False
GSCB_FLAGSHIP,Sector Factor,TMT / Tech,Size,Americas,GSTMBFZS,GS US TMT Size Short,USD,Custom Basket,MA3JHAGC69PFG4FN,False
GSCB_FLAGSHIP,Other / Review,Broad / Cross-sector,,Asia,GSXAINRW,GS India Railways,INR,Custom Basket,MA3JYXGM8C9J5CDA,True
GSCB_FLAGSHIP,Factor,Broad / Cross-sector,Momentum,Europe,GSXEMIMS,EU Reacti Hi Midcap Momo,EUR,Custom Basket,MA3NMJ6SSTTD4S82,False
GSCB_FLAGSHIP,Other / Review,Broad / Cross-sector,,Americas,GSXUPAND,GS US Global Health Risk,USD,Custom Basket,MA3NN671G4X4F147,True
GSCB_FLAGSHIP,Other / Review,Broad / Cross-sector,,Asia,GSXAKTHO,GS Korea Top 5 Holcos,KRW,Custom Basket,MA3NR9PM9N54R8DS,True
GSCB_FLAGSHIP,Factor,Broad / Cross-sector,Growth,Americas,GSHLCGRS,GS HLC US Growth Short,USD,Custom Basket,MA3NVVFDMWM9HQDH,False
GSCB_FLAGSHIP,Theme,Broad / Cross-sector,Inflation / Pricing Power,Americas,GSXUFOOD,GS Food Inflation Winner,USD,Custom Basket,MA3P4ANB9RM9Y60T,False
GSCB_FLAGSHIP,Theme,Broad / Cross-sector,China / Supply Chain,Americas,GSXACPOE,GS China POEs,USD,Custom Basket,MA3PBKKBV8V4H1WJ,False
GSCB_FLAGSHIP,Other / Review,Broad / Cross-sector,,Americas,GSCBMSCS,Staples Most Short,USD,Custom Basket,MA3PBPBXW3ZF16XG,True
GSCB_FLAGSHIP,Factor,Broad / Cross-sector,Momentum,Asia,GSCBJMXL,GS Japan MOMO ex AI Long,JPY,Custom Basket,MA3PNV81VH21F7AB,False
GSCB_FLAGSHIP,Other / Review,Broad / Cross-sector,,Europe,GSCMDBKH,GS Deutsche Bank Hedge,EUR,Custom Basket,MA3PRBG985BSM001,True
GSCB_FLAGSHIP,Other / Review,Broad / Cross-sector,,Europe,GSCMDAIH,GS Daimler Hedge,EUR,Custom Basket,MA3PRCS3TA0CPWZ1,True
GSCB_FLAGSHIP,Other / Review,Broad / Cross-sector,,Europe,GSXEFCFL,GS EU Low FCF,EUR,Custom Basket,MA3PY2RWCJ5JB1FX,True
GSCB_FLAGSHIP,Other / Review,Broad / Cross-sector,,Asia,GSXAJNLI,GS Japan Non-Life Ins,JPY,Custom Basket,MA3Q05PA3ECZ6QR6,True
GSCB_FLAGSHIP,Other / Review,Broad / Cross-sector,,Europe,GSCMRTNL,GS Restaurant Group Hedg,GBP,Custom Basket,MA3Q4KW3WKV67DH3,True
GSCB_FLAGSHIP,Factor,Broad / Cross-sector,Momentum,Asia,GSXAHKML,GS Hong Kong Momo Long,HKD,Custom Basket,MA3QF90TJ651WYDQ,False
GSCB_FLAGSHIP,Other / Review,Broad / Cross-sector,,Europe,GSCMALHG,GS Louis Hachette Hedge,EUR,Custom Basket,MA3QNWT0JERXCXZB,True
GSCB_FLAGSHIP,Other / Review,Broad / Cross-sector,,Americas,GSCMUSXH,GS Flagship Hedge,USD,Custom Basket,MA3QT5CF0NXBJJBS,True
GSCB_FLAGSHIP,Other / Review,Consumer,,Americas,GSXUSWCH,Consumer Inertia,USD,Custom Basket,MA3R5E8P7QJGD9J0,True
GSCB_FLAGSHIP,Other / Review,Broad / Cross-sector,,Europe,GSCMDLGH,GS Direct Line Hedge,GBP,Custom Basket,MA3RAXF048GMTWXW,True
GSCB_FLAGSHIP,Other / Review,Energy,,Europe,GSCMHBRH,GS Harbour Energy Hedge,EUR,Custom Basket,MA3SNR6DF0RCHA22,True
GSCB_FLAGSHIP,Sector Factor,Industrials,Value,Americas,GSINBFVL,GS US INL Value Long,USD,Custom Basket,MA3SS7M5KZSXJQ09,False
GSCB_FLAGSHIP,Other / Review,Energy,,Europe,GSCMHENR,GS Glb Siemens Energy Hg,EUR,Custom Basket,MA3T4QJE47ZKAZ1M,True
GSCB_FLAGSHIP,Factor,Broad / Cross-sector,Growth,Americas,GSXUBFGL,GS US Barra High Growth,USD,Custom Basket,MA3TPH6Z3EEA628A,False
GSCB_FLAGSHIP,Other / Review,Broad / Cross-sector,,Americas,GSXUBOND,GS Bond Proxies,USD,Custom Basket,MA3TWY8TV71QC92Y,True
GSCB_FLAGSHIP,Factor,Broad / Cross-sector,Beta,Americas,GSXUWFBS,GS US Wolfe Low Beta,USD,Custom Basket,MA3TXGPJXBRHB2KX,False
GSCB_FLAGSHIP,Other / Review,Broad / Cross-sector,,Europe,GSXEPWPR,GS EU Power Price Sensit,EUR,Custom Basket,MA3V3PFGKENSJ0R0,True
GSCB_FLAGSHIP,Other / Review,Energy,,Americas,GSENOSAN,GS Energy CN Oil Sands,USD,Custom Basket,MA3VE84TM32NGR44,True
GSCB_FLAGSHIP,Other / Review,Broad / Cross-sector,,Asia,GSXAJBIO,GS Japan Biotechnology,JPY,Custom Basket,MA3VG46Z02Z52VPS,True
GSCB_FLAGSHIP,Other / Review,Broad / Cross-sector,,Europe,GSCMCPRH,GS Campari Hedge,EUR,Custom Basket,MA3VJZVSBPZA64X5,True
GSCB_FLAGSHIP,Theme,Broad / Cross-sector,China / Supply Chain,Asia,GSXACF50,GS China Top 50,CNH,Custom Basket,MA3VVVWXC5N8QM6E,False
GSCB_FLAGSHIP,Other / Review,Industrials,,Americas,GSXUCIND,GS Cyclical Industrials,USD,Custom Basket,MA3WDG3XMYZ47791,True
GSCB_FLAGSHIP,Other / Review,Broad / Cross-sector,,Americas,GSSIFDPR,Goldman Sachs Food Products Sector Basket,USD,Custom Basket,MA3WKJE2YK6PQQ0G,True
GSCB_FLAGSHIP,Factor,Broad / Cross-sector,Momentum,Asia,GSXAJFML,GS High Beta MOMO,JPY,Custom Basket,MA3X0BJQ4BTWBKRZ,False
GSCB_FLAGSHIP,Other / Review,Broad / Cross-sector,,Asia,GSXAHBYL,GS Hong Kong Div Yd Long,HKD,Custom Basket,MA3XJP6TS7N8E7HS,True
GSCB_FLAGSHIP,Other / Review,Broad / Cross-sector,,Asia,GSXASBFV,GS Southbound Favs,HKD,Custom Basket,MA3Y1W8DENQ72MNN,True
GSCB_FLAGSHIP,Other / Review,Broad / Cross-sector,,Europe,GSCMFLSH,GS FLSmidth Hedge,DKK,Custom Basket,MA3Y70AC1AJA8SQ8,True
GSCB_FLAGSHIP,Other / Review,Broad / Cross-sector,,Asia,GSXAINTR,GS India Tourism,INR,Custom Basket,MA3YK7XJ17KN999D,True
GSCB_FLAGSHIP,Other / Review,Broad / Cross-sector,,Europe,GSCMNDAH,GS Nordea Hedge,EUR,Custom Basket,MA3YNVYVQ1JWF926,True
GSCB_FLAGSHIP,Other / Review,Broad / Cross-sector,,Asia,GSXAHKUS,GS HK/US Listing,HKD,Custom Basket,MA3Z00BEHJP52Y9S,True
GSCB_FLAGSHIP,Factor,Broad / Cross-sector,Momentum,Americas,GSHLCMOS,GS HLC US Momentum Short,USD,Custom Basket,MA3Z6TJKJE3N0DF1,False
GSCB_FLAGSHIP,Theme,Broad / Cross-sector,AI,Americas,GSXGGLAI,GS Global AI Basket,USD,Custom Basket,MA3Z9KYBBGSSAVVN,False
GSCB_FLAGSHIP,Other / Review,Broad / Cross-sector,,Europe,GSXECNST,GS EU Construction,EUR,Custom Basket,MA3ZFR5EM8W07HY7,True
GSCB_FLAGSHIP,Theme,Broad / Cross-sector,AI,Americas,GSXAABFS,Asia AI Bottleneck ABF,USD,Custom Basket,MA3ZSNNAZ3E0BGW2,False
GSCB_FLAGSHIP,Other / Review,Broad / Cross-sector,,Europe,GSCMMAND,GS Mandatum Hedge,EUR,Custom Basket,MA40A9XSD9VVW6PW,True
GSCB_FLAGSHIP,Other / Review,Broad / Cross-sector,,Europe,GSCMETEH,GS ETE GA Hedge,EUR,Custom Basket,MA40GG797AAT5RVZ,True
GSCB_FLAGSHIP,Other / Review,Industrials,,Europe,GSXESEKI,GS Swedish Industrials,SEK,Custom Basket,MA40QEKJNDQEBKQY,True
GSCB_FLAGSHIP,Other / Review,Financials,,Americas,GSFINGSB,GS Fins G-SIBs,USD,Custom Basket,MA412XRJ9TWV3KDW,True
GSCB_FLAGSHIP,Other / Review,Industrials,,Americas,GSXAUSRE,US Reindustrial. Benefic,USD,Custom Basket,MA416GQ93SBESAR8,True
GSCB_FLAGSHIP,Other / Review,Broad / Cross-sector,,Asia,GSXAJBTL,GS JP Barra Sentiment Lo,JPY,Custom Basket,MA419M6ZN0FBJ568,True
GSCB_FLAGSHIP,Theme,Broad / Cross-sector,Clean Energy / ESG,Americas,GSXURNEW,GS US Renewables,USD,Custom Basket,MA41CCM6C4DWW8KG,False
GSCB_FLAGSHIP,Factor,Broad / Cross-sector,Size,Asia,GSXAJBSL,GS Japan Barra Size Long,JPY,Custom Basket,MA41FFMMH0SHFDWB,False
GSCB_FLAGSHIP,Other / Review,Broad / Cross-sector,,Europe,GSCMGSKH,GS GSK Hedge,GBP,Custom Basket,MA4273T477VGPNWV,True
GSCB_FLAGSHIP,Other / Review,Broad / Cross-sector,,Americas,GSXUREST,GS US Restaurants,USD,Custom Basket,MA42E8GKH694455F,True
GSCB_FLAGSHIP,Sector Factor,Consumer,Size,Americas,GSCNBFZS,GS US Cons Size Short,USD,Custom Basket,MA42M3XKRNES917R,False
GSCB_FLAGSHIP,Other / Review,Broad / Cross-sector,,Europe,GSXELNII,GS EU Low NII Banks,EUR,Custom Basket,MA42ZMDMQNSHF3XV,True
GSCB_FLAGSHIP,Other / Review,Utilities,,Americas,GSSIWATU,Goldman Sachs Water Utilities/Independent Power Sector Basket,USD,Custom Basket,MA430WGD4HQS7RF4,True
GSCB_FLAGSHIP,Other / Review,Broad / Cross-sector,,Asia,GSCBJTRP,GS Japan Transport,JPY,Custom Basket,MA434B03WYXEDYSA,True
GSCB_FLAGSHIP,Other / Review,Broad / Cross-sector,,Asia,GSXAJPAH,GS Japan Affilia Holders,JPY,Custom Basket,MA43CQJ9ZSWMM6AM,True
GSCB_FLAGSHIP,Other / Review,Broad / Cross-sector,,Europe,GSCMSAIO,GS SA Iron Ore Hedge,ZAR,Custom Basket,MA43M5N0K83PDE65,True
GSCB_FLAGSHIP,Other / Review,Broad / Cross-sector,,Americas,GSXUOPTI,GS US Optical Networking,USD,Custom Basket,MA43Y3RVJMMHE4SH,True
GSCB_FLAGSHIP,Other / Review,Broad / Cross-sector,,Americas,GSCBSBHO,GS SBG Holding,USD,Custom Basket,MA444HVT4DQZ7GFF,True
GSCB_FLAGSHIP,Factor,Broad / Cross-sector,Momentum,Asia,GSXAKRML,GS Korea MOMO Long,KRW,Custom Basket,MA44FGFKKHSAJCJ3,False
GSCB_FLAGSHIP,Other / Review,Energy,,Asia,GSXAIENG,GS India Energy Trans.,INR,Custom Basket,MA44S6ACN14RE62T,True
GSCB_FLAGSHIP,Factor,Broad / Cross-sector,Beta,Europe,GSXELBTA,EU Reactive Low Beta,EUR,Custom Basket,MA454YSPHM5T1NW5,False
GSCB_FLAGSHIP,Other / Review,Broad / Cross-sector,,Americas,GSHLCLSB,GS US Clinical Biotech,USD,Custom Basket,MA457TPAXE0XS23E,True
GSCB_FLAGSHIP,Theme,TMT / Tech,Mega Cap,Americas,GSTMTMEG,GS TMT MegaCap Tech,USD,Custom Basket,MA459FTE58S22HY4,False
GSCB_FLAGSHIP,Other / Review,Broad / Cross-sector,,Americas,GSCMHMOH,Flagship HMO Hedge,USD,Custom Basket,MA45ARZAW1NR6J1S,True
GSCB_FLAGSHIP,Other / Review,Real Estate,,Americas,GSFINWCR,GS Fins West Coast REIT,USD,Custom Basket,MA45G899BVFYYS3Z,True
GSCB_FLAGSHIP,Other / Review,Broad / Cross-sector,,Americas,GSXUIRAB,GS IRA Beneficiaries,USD,Custom Basket,MA45S3VFQ55WKG7M,True
GSCB_FLAGSHIP,Theme,Broad / Cross-sector,Rates Sensitivity,Americas,GSBZRATE,BZ Rate Sensitive,BRL,Custom Basket,MA45S9MVFCQS3QFR,False
GSCB_FLAGSHIP,Factor,Broad / Cross-sector,Quality,Americas,GSCBNPCY,Lo Qual Hi Beta Cyclical,USD,Custom Basket,MA460GRM4EGHAQ4G,False
GSCB_FLAGSHIP,Other / Review,Broad / Cross-sector,,Americas,GSSZRFAV,AeJ Retail Favor Stocks,USD,Research Basket,MA46DRJ615CXE9E3,True
GSCB_FLAGSHIP,Factor,Broad (US),Growth,Americas,GSPUWGRO,Wolfe Growth Pair,USD,Custom Basket,MA46STE7FRVAFWQG,False
GSCB_FLAGSHIP,Other / Review,Broad / Cross-sector,,Americas,GSHLCASH,GS Biotech Hi Cash % Cap,USD,Custom Basket,MA470S2Z47FMPVRB,True
GSCB_FLAGSHIP,Sector Factor,Energy,Momentum,Americas,GSENEMOS,GS ENE US Momentum Short,USD,Custom Basket,MA474EVCXC3Y0YEP,False
GSCB_FLAGSHIP,Other / Review,Broad / Cross-sector,,Europe,GSXELCRB,GS EU Low Carbon,EUR,Custom Basket,MA47NZ623N4TNSC2,True
GSCB_FLAGSHIP,Factor,Broad / Cross-sector,Dividend / Yield,Europe,GSCBHYDV,GS EU High Div Yield,EUR,Custom Basket,MA47S2WGFBW64W2F,False
GSCB_FLAGSHIP,Other / Review,Broad / Cross-sector,,Asia,GSXAHKSC,GS Hong Kong Small Cap,HKD,Custom Basket,MA48J9JWARCPNSAR,True
GSCB_FLAGSHIP,Factor,Broad / Cross-sector,Dividend / Yield,Europe,GSXEBFDS,EU Pure Low Div Yield,EUR,Custom Basket,MA48VTQ12K38Q0V0,False
GSCB_FLAGSHIP,Factor,Broad / Cross-sector,Leverage,Asia,GSXAJBLL,GS JP Barra Leverage Lon,JPY,Custom Basket,MA490XNN3AVTHDD9,False
GSCB_FLAGSHIP,Factor,Broad / Cross-sector,Size,Asia,GSXAMFSL,GS Japan Size Long,JPY,Custom Basket,MA49EQM5PSA09FFG,False
GSCB_FLAGSHIP,Theme,Consumer,China / Supply Chain,Americas,GSCNSTAR,GS Consumer Tariff,USD,Custom Basket,MA49G3ZVV3M1T70F,False
GSCB_FLAGSHIP,Other / Review,Broad / Cross-sector,,Americas,GSXUINTL,GS US Int'l Sales,USD,Custom Basket,MA49PH54RH2A3QV6,True
GSCB_FLAGSHIP,Other / Review,Broad / Cross-sector,,Asia,GSJPASIA,GS Japan Asia Exposed,JPY,Research Basket,MA49YXA2ECZ8K9D0,True
GSCB_FLAGSHIP,Other / Review,Broad / Cross-sector,,Europe,GSXEHDIV,EU High Div,EUR,Custom Basket,MA4ANASPK0QGXGCQ,True
GSCB_FLAGSHIP,Other / Review,Broad / Cross-sector,,Americas,GSSZMFOW,AeJ Mutual Fund OW,USD,Research Basket,MA4AT7FS78ERTV83,True
GSCB_FLAGSHIP,Factor,Broad / Cross-sector,Quality,Europe,GSXEUKQL,GS UK High Quality,GBP,Custom Basket,MA4AY1M8HRP50T1A,False
GSCB_FLAGSHIP,Other / Review,Broad / Cross-sector,,Asia,GSCBIJTR,GS Custom JP Transport,JPY,Custom Basket,MA4CV47Z673W929X,True
GSCB_FLAGSHIP,Other / Review,Broad / Cross-sector,,Americas,GSSBGOOD,S&P 500 Goods,USD,Research Basket,MA4DJGX4XPVTDPFV,True
GSCB_FLAGSHIP,Other / Review,Broad / Cross-sector,,Europe,GSXEMINE,GS EU Miners,EUR,Custom Basket,MA4DNYNW7MGPD511,True
GSCB_FLAGSHIP,Other / Review,Broad / Cross-sector,,Americas,GSIDLMET,Metals & Mining ex Gold,USD,Custom Basket,MA4DQV12VY4YP3HR,True
GSCB_FLAGSHIP,Other / Review,Broad / Cross-sector,,Americas,GSXFARGA,GS Argentina ADRs,USD,Custom Basket,MA4DXMFMKCG81GZD,True
GSCB_FLAGSHIP,Theme,Broad / Cross-sector,China / Supply Chain,Americas,GSXASPDV,GS Asia Supply Chain Div,USD,Custom Basket,MA4EF08MM930QR7E,False
GSCB_FLAGSHIP,Other / Review,Broad / Cross-sector,,Asia,GSXAJBES,GS JP Barra Earn. Yld S,JPY,Custom Basket,MA4EKCGZ9BTKY2FA,True
GSCB_FLAGSHIP,Other / Review,Broad / Cross-sector,,Asia,GSCBJPAR,GS Japan Approval Rating,JPY,Custom Basket,MA4EKSY3GWN9HEW4,True
GSCB_FLAGSHIP,Factor,Broad (US),Momentum,Americas,GSPUMOMO,GS US Momo ex Memes Pair,USD,Custom Basket,MA4EPYC53HVW64Q2,False
GSCB_FLAGSHIP,Other / Review,Broad / Cross-sector,,Europe,GSCMLOTH,GS Lottomatica Hedge,EUR,Custom Basket,MA4F0R029RTDVC9W,True
GSCB_FLAGSHIP,HF Positioning,Consumer,VIP vs Short,Americas,GSPRVSCS,GS US Cons VIP vs Short,USD,Custom Basket,MA4F7H3YVZCXGPHM,False
GSCB_FLAGSHIP,Factor,Broad / Cross-sector,Momentum,Americas,GSXUMFML,GS US Momentum Long,USD,Custom Basket,MA4FEHD0D0QPE8H7,False
GSCB_FLAGSHIP,Other / Review,Broad / Cross-sector,,Americas,GSHLCNER,GS Neurology/CNS,USD,Custom Basket,MA4FEHVNJ8AQ3127,True
GSCB_FLAGSHIP,Factor,Broad (US),Profitability,Americas,GSPUWPRF,Wolfe Profitability Pair,USD,Custom Basket,MA4FRRRP55PSNBTD,False
GSCB_FLAGSHIP,Other / Review,Broad / Cross-sector,,Americas,GSSIEMAN,Goldman Sachs Electronic Manufacturing Servi Sector Basket,USD,Custom Basket,MA4FS8THHY4VZF5D,True
GSCB_FLAGSHIP,Other / Review,Industrials,,Americas,GSIDLOIL,GS IND Oil & Gas Levered,USD,Custom Basket,MA4FWX6AKX94FV73,True
GSCB_FLAGSHIP,Factor,Broad / Cross-sector,Size,Asia,GSXAKSIS,GS Korea Size (HB) Short,KRW,Custom Basket,MA4G28WXMWTHE803,False
GSCB_FLAGSHIP,Theme,Broad / Cross-sector,HF / Positioning Theme,Americas,GSTHVIPP,GS HF VIP vs VIP Short,USD,Custom Basket,MA4G9W2JB1H33MZ8,False
GSCB_FLAGSHIP,Other / Review,Broad / Cross-sector,,Americas,GSXUCYCL,GS US Cyclicals,USD,Custom Basket,MA4G9Y964SAH2YHJ,True
GSCB_FLAGSHIP,Other / Review,Health Care,,Americas,GSSIHCEP,Goldman Sachs Health Care Equipment Sector Basket,USD,Custom Basket,MA4GTJKZCBCQ0DKZ,True
GSCB_FLAGSHIP,Other / Review,Broad / Cross-sector,,Americas,GSSZMSDC,Domestic Cyclicals (AeJ),USD,Research Basket,MA4GYR1RJZ2G0733,True
GSCB_FLAGSHIP,Sector Factor,Industrials,Leverage,Americas,GSINBFLS,GS US INL Leverage Short,USD,Custom Basket,MA4HK32V50Q6K2NA,False
GSCB_FLAGSHIP,Other / Review,Broad / Cross-sector,,Americas,GSXANUCP,GS APAC Nuclear Power,USD,Custom Basket,MA4HWFPKBFZ423KE,True
GSCB_FLAGSHIP,Other / Review,Broad / Cross-sector,,Asia,GSXAAUHO,GS Australia Housing,AUD,Custom Basket,MA4HZNWCZFMQP470,True
GSCB_FLAGSHIP,Sector Factor,Financials,Growth,Americas,GSFINGRS,GS FIN US Growth Short,USD,Custom Basket,MA4JAF88FTVWBSAT,False
GSCB_FLAGSHIP,Factor,Broad / Cross-sector,Growth,Europe,GSSTHGIR,EU High Growth Invest,EUR,Research Basket,MA4JR4AJS34V4JB1,False
GSCB_FLAGSHIP,Factor,Broad / Cross-sector,Profitability,Europe,GSXEBFPS,EU Pure Lo Profitability,EUR,Custom Basket,MA4KQC3QX9F8MSYW,False
GSCB_FLAGSHIP,Other / Review,Broad / Cross-sector,,Europe,GSCBFOLU,GS Saudi FOL USD,USD,Custom Basket,MA4M3WGMP6DMFMES,True
GSCB_FLAGSHIP,Other / Review,Broad / Cross-sector,,Americas,GSSIPUBL,Goldman Sachs Publishing Sector Basket,USD,Custom Basket,MA4MEAPKAXFE090A,True
GSCB_FLAGSHIP,Sector Factor,Health Care,Momentum,Americas,GSPUHLCM,GS US HC Momo Pair,USD,Custom Basket,MA4MTAJRJZV3EX9V,False
GSCB_FLAGSHIP,Other / Review,Financials,,Europe,GSXEEUFN,GS EU Rates Sensi Fins,EUR,Custom Basket,MA4MXRK07HWK97FV,True
GSCB_FLAGSHIP,Other / Review,Broad / Cross-sector,,Asia,GSCBJTXS,GS JP TSE non-R X-Shareh,JPY,Custom Basket,MA4NGJCZEGNAAN3J,True
GSCB_FLAGSHIP,Other / Review,Broad / Cross-sector,,Asia,GSXATWDL,GS Strong TWD Losers,TWD,Custom Basket,MA4NPFSR8F0XEHZR,True
GSCB_FLAGSHIP,Other / Review,Broad / Cross-sector,,Asia,GSJPCYCL,GS Japan Cyclicals,JPY,Research Basket,MA4PZPC563MNHP2M,True
GSCB_FLAGSHIP,Factor,Broad / Cross-sector,Size,Europe,GSXEMFSL,GS EU Size Long 1,EUR,Custom Basket,MA4QAM0TDBYNRZ5S,False
GSCB_FLAGSHIP,Theme,Broad / Cross-sector,China / Supply Chain,Asia,GSCBSMIH,GS China-H SMID,HKD,Custom Basket,MA4R64F1JMBDTSTE,False
GSCB_FLAGSHIP,Other / Review,Broad / Cross-sector,,Europe,GSXEOILS,GS EU Oil Services,EUR,Custom Basket,MA4RM9BGMPRM0HDV,True
GSCB_FLAGSHIP,Other / Review,Broad / Cross-sector,,Europe,GSCMMTXH,GS MTU Aero Hedge,EUR,Custom Basket,MA4S28ZGYC03F6MD,True
GSCB_FLAGSHIP,Other / Review,Broad / Cross-sector,,Americas,GSCMSPY5,Top 500 ex. Top 5,USD,Custom Basket,MA4STTXPEJBD26B7,True
GSCB_FLAGSHIP,Other / Review,Financials,,Americas,GSFINCAP,GS Fins Cap Markets Exp,USD,Custom Basket,MA4SWP9FCZG0SHFR,True
GSCB_FLAGSHIP,Factor,Broad / Cross-sector,Dividend / Yield,Europe,GSXEBFES,EU Pure Low Earn Yield,EUR,Custom Basket,MA4T7B35SW9K1DSB,False
GSCB_FLAGSHIP,Other / Review,Broad / Cross-sector,,Asia,GSPCKSUB,GS Korea Subsidiaries,KRW,Custom Basket,MA4TRGB39S13NZBF,True
GSCB_FLAGSHIP,Other / Review,Financials,,Americas,GSXUFINA,GS US Financials,USD,Custom Basket,MA4V18HGS36S7NH3,True
GSCB_FLAGSHIP,Sector Factor,TMT / Tech,Growth,Americas,GSTMTGRS,GS TMT US Growth Short,USD,Custom Basket,MA4V7NZRCB4DYK9V,False
GSCB_FLAGSHIP,Other / Review,Broad / Cross-sector,,Americas,GSRHOILX,Oil Input Cost Exposure,USD,Research Basket,MA4W070G2EJPCEP4,True
GSCB_FLAGSHIP,Factor,Broad / Cross-sector,Liquidity,Asia,GSXACLIM,GS China Mid. Liquidity,CNH,Custom Basket,MA4W7X34YQ16JYNH,False
GSCB_FLAGSHIP,Other / Review,Broad / Cross-sector,,Europe,GSXEUIRA,GS EU IRA Beneficiaries,EUR,Custom Basket,MA4W7XB9GFVFNZ57,True
GSCB_FLAGSHIP,Other / Review,Broad / Cross-sector,,Europe,GSCBECRE,GS EU Commercial Real E,EUR,Custom Basket,MA4WBBXKW23KMMSJ,True
GSCB_FLAGSHIP,Theme,Broad / Cross-sector,China / Supply Chain,Americas,GSCBCLSO,GS China Local SOEs,USD,Custom Basket,MA4WC043DT7593AJ,False
GSCB_FLAGSHIP,Other / Review,Broad (US),,Americas,GSPUBASI,,USD,Custom Basket,MA4WJ5MJYGB4DM49,True
GSCB_FLAGSHIP,Other / Review,Broad / Cross-sector,,Europe,GSCMOSXX,GS Optimized EU Top,EUR,Custom Basket,MA4WJAA8Q1NHJRBH,True
GSCB_FLAGSHIP,Other / Review,Broad / Cross-sector,,Americas,GSEMMFOW,EM Mutual Fund OW,USD,Research Basket,MA4XFNY9N7CV3W2S,True
GSCB_FLAGSHIP,Other / Review,Broad / Cross-sector,,Europe,GSXFWUSD,GS EM Weak USD Beneficia,USD,Custom Basket,MA4XFRH7BTY6KWHG,True
GSCB_FLAGSHIP,Other / Review,Broad / Cross-sector,,Europe,GSCMITMH,GS ITM Power Basket,EUR,Custom Basket,MA4XVJMY153R9HGD,True
GSCB_FLAGSHIP,Other / Review,Financials,,Americas,GSCBCYXF,GS US Cyclicals ex-Fins,USD,Custom Basket,MA4YCYGXJD5NKENZ,True
GSCB_FLAGSHIP,Other / Review,Broad / Cross-sector,,Asia,GSXAJAGM,GS Japan Low AGM Rating,JPY,Custom Basket,MA4YS8QBHH9R5C5S,True
GSCB_FLAGSHIP,Other / Review,Health Care,,Asia,GSCBIHHC,GS HK Healthcare,HKD,Custom Basket,MA4YTM5TCT9NSTGA,True
GSCB_FLAGSHIP,Other / Review,Broad / Cross-sector,,Europe,GSCMDHLH,GS DHL Hedge,EUR,Custom Basket,MA4Z8XG9WBJ4SGYN,True
GSCB_FLAGSHIP,Factor,Broad (US),Momentum,Americas,GSPUMFMO,GS US Axioma Momentum,USD,Custom Basket,MA4ZHZZPG8TSNMTV,False
GSCB_FLAGSHIP,Factor,Broad / Cross-sector,Growth,Americas,GSXAPEGL,GS APeJC Growth Long,USD,Custom Basket,MA4ZMMZ6RWNK5YNT,False
GSCB_FLAGSHIP,Theme,Broad / Cross-sector,Inflation / Pricing Power,Americas,GSQI5YIL,US 5y Inflation Exp,USD,Custom Basket,MA4ZMPGC9M6QSGMH,False
GSCB_FLAGSHIP,Factor,Broad / Cross-sector,Momentum,Asia,GSXACBML,GS China Barra MOMO Long,CNH,Custom Basket,MA50RKHR0P3T9TAK,False
GSCB_FLAGSHIP,Other / Review,Broad / Cross-sector,,Europe,GSXEGRAN,GS EU GRANOLAS,EUR,Custom Basket,MA52DMGY7VTBJNQX,True
GSCB_FLAGSHIP,Factor,Broad / Cross-sector,Quality,Europe,GSXEHQLT,GS EU High Quality,EUR,Custom Basket,MA5399XPHHVQ3DZQ,False
GSCB_FLAGSHIP,Other / Review,Broad / Cross-sector,,Americas,GSXAGAME,GS Asia Gaming,USD,Custom Basket,MA53QADD7KVQNBSK,True
GSCB_FLAGSHIP,Factor,Broad / Cross-sector,Size,Europe,GSXEUKLG,UK Reactive Large Size,GBP,Custom Basket,MA53QJYAS92VF537,False
GSCB_FLAGSHIP,Other / Review,Real Estate,,Americas,GSFINHLR,GS Fins High Lev REIT,USD,Custom Basket,MA55TGMRK3QXDPDX,True
GSCB_FLAGSHIP,Other / Review,Energy,,Americas,GSCBMSEN,Energy Most Short,USD,Custom Basket,MA56PS28QC6VYCJM,True
GSCB_FLAGSHIP,Theme,Broad / Cross-sector,China / Supply Chain,Americas,GSWHCHPW,China Power,USD,Custom Basket,MA56PV3G79MT3BZW,False
GSCB_FLAGSHIP,Factor,Broad / Cross-sector,Growth,Americas,GSCBSGRL,GS Vol Opt Sec Growth,USD,Custom Basket,MA56RE06E2ESQJ9R,False
GSCB_FLAGSHIP,Other / Review,Broad / Cross-sector,,Americas,GSSIFDSR,Goldman Sachs Food & Staples Retailing Sector Basket,USD,Custom Basket,MA56YRDMMV2G3WV8,True
GSCB_FLAGSHIP,Theme,Broad / Cross-sector,AI,Europe,GSXEXXAI,GS Europe ex AI,EUR,Custom Basket,MA57EMRTJDXJBTXR,False
GSCB_FLAGSHIP,Other / Review,Broad (US),,Americas,GSPULTRV,GS US Barra LT Reversal,USD,Custom Basket,MA57JSQ3QJG01TDK,True
GSCB_FLAGSHIP,Sector Factor,Consumer,Leverage,Americas,GSCNBFLL,GS US Cons Leverage Long,USD,Custom Basket,MA58SZ40W317AY4C,False
GSCB_FLAGSHIP,Sector Factor,Health Care,Growth,Americas,GSHCBFGL,GS US HC Growth Long,USD,Custom Basket,MA59R0DD23AHG8BS,False
GSCB_FLAGSHIP,Factor,Broad / Cross-sector,Size,Asia,GSXAJBSS,GS Japan Barra Size Shor,JPY,Custom Basket,MA5A0YGXS7MNCVZQ,False
GSCB_FLAGSHIP,Theme,Broad / Cross-sector,China / Supply Chain,Asia,GSJPCHCS,GS Jpn China-consumption,JPY,Research Basket,MA5A5C8TGPGDFFTM,False
GSCB_FLAGSHIP,Other / Review,Broad / Cross-sector,,Europe,GSCMEDPR,GS EDPR Hedge,EUR,Custom Basket,MA5AA4PZTT59ZY3Q,True
GSCB_FLAGSHIP,Other / Review,Broad / Cross-sector,,Asia,GSXAJNCR,GS JP Non-core Real Est.,JPY,Custom Basket,MA5AH3SWV0RFZQVG,True
GSCB_FLAGSHIP,Other / Review,Broad / Cross-sector,,Europe,GSCBESBK,GS EU Spanish Banks,EUR,Custom Basket,MA5AWK81F6843DRG,True
GSCB_FLAGSHIP,Other / Review,Broad / Cross-sector,,Americas,GSSISPST,GS Specialty Retail,USD,Custom Basket,MA5B6E2K0HZY3JAX,True
GSCB_FLAGSHIP,Other / Review,Broad / Cross-sector,,Americas,GSSIHTRR,Goldman Sachs Hotel & Resort REITs Sector Basket,USD,Custom Basket,MA5BA6DPS1Q55M5J,True
GSCB_FLAGSHIP,Theme,Financials,Rates Sensitivity,Asia,GSXAJRAT,GS JP Rate Sensitive Fin,JPY,Custom Basket,MA5BE7ZSXYV3SXK7,False
GSCB_FLAGSHIP,Factor,Broad / Cross-sector,Value,Asia,GSXAJBVS,GS JP Barra Value Short,JPY,Custom Basket,MA5C4DQXF0WM5MKZ,False
GSCB_FLAGSHIP,Other / Review,Broad / Cross-sector,,Americas,GSXUISMW,ISM Levered,USD,Custom Basket,MA5C6HBXX13FNJZ9,True
GSCB_FLAGSHIP,Other / Review,Broad / Cross-sector,,Americas,GSCMOPEN,GPU Hedge,USD,Custom Basket,MA5CMC3FP3SQXX9Q,True
GSCB_FLAGSHIP,Sector Factor,Energy,Momentum,Americas,GSENEMOM,GS US Energy Momo Pair,USD,Custom Basket,MA5CYZDD2CBBBQ3V,False
GSCB_FLAGSHIP,Theme,Broad / Cross-sector,China / Supply Chain,Asia,GSCB500P,GS China Basket,CNY,Custom Basket,MA5D0T5FQHF3D616,False
GSCB_FLAGSHIP,Theme,Broad / Cross-sector,China / Supply Chain,Americas,GSCBCHSE,China Sales Exposure,USD,Custom Basket,MA5DKTWBCKQXVRP8,False
GSCB_FLAGSHIP,Theme,Broad / Cross-sector,China / Supply Chain,Americas,GSXACUEX,GS China US Exposed,USD,Custom Basket,MA5DP3FHH1KTE5W6,False
GSCB_FLAGSHIP,Theme,Broad / Cross-sector,China / Supply Chain,Asia,GSXAJCHE,GS Japan China Exposure,JPY,Custom Basket,MA5DY97YRQVH4XZC,False
GSCB_FLAGSHIP,Sector Factor,Financials,Momentum,Europe,GSXEBMSF,EU Financials Momo Short,EUR,Custom Basket,MA5E2D8E9B9FZYZK,False
GSCB_FLAGSHIP,Theme,Broad / Cross-sector,Reopening / Reflation,Global,GSXAAURO,GS Australia Reopening,AUD,Custom Basket,MA5E2QDC3YVGF4RP,False
GSCB_FLAGSHIP,Other / Review,Broad / Cross-sector,,Americas,GSSIMRET,Goldman Sachs Multiline Retail Sector Basket,USD,Custom Basket,MA5E53H0PN8XH90J,True
GSCB_FLAGSHIP,Theme,Broad / Cross-sector,Inflation / Pricing Power,Americas,GSXU1970,GS US Inflation Comeback,USD,Custom Basket,MA5EHM7MA7NCX0SJ,False
GSCB_FLAGSHIP,Other / Review,Financials,,Europe,GSXEFINC,GS EU Fin Private Credit,EUR,Custom Basket,MA5EQP9YSXAWQS9T,True
GSCB_FLAGSHIP,Other / Review,Broad / Cross-sector,,Americas,GSXUREPL,GS Rep Policy Outperform,USD,Custom Basket,MA5FCH3DDY4Y7VXX,True
GSCB_FLAGSHIP,Sector Factor,Financials,Profitability,Americas,GSFIPROF,GS US Financials Prof,USD,Custom Basket,MA5FDK6XT69HH7M4,False
GSCB_FLAGSHIP,Theme,Broad / Cross-sector,China / Supply Chain,Americas,GSXAIMCN,GS Enhanced China Index,USD,Custom Basket,MA5HVHSMRXBAS3M5,False
GSCB_FLAGSHIP,Theme,TMT / Tech,AI,Asia,GSXAJXAI,GS Japan ex AI/Semis,JPY,Custom Basket,MA5JSEE41A7Z32HY,False
GSCB_FLAGSHIP,Factor,Broad (US),Profitability,Americas,GSPUBGPF,GS US GEMLT Prof Pair,USD,Custom Basket,MA5K3SBW9E2DJWB9,False
GSCB_FLAGSHIP,Other / Review,Broad / Cross-sector,,Europe,GSSBHOLR,EU Hospitality & Leisure,EUR,Research Basket,MA5KGFG35NSBT9H4,True
GSCB_FLAGSHIP,Other / Review,Broad / Cross-sector,,Europe,GSCMELUX,GS Electrolux Hedge,SEK,Custom Basket,MA5KJ6Y7PSVHQ4YK,True
GSCB_FLAGSHIP,Other / Review,Broad / Cross-sector,,Global,GSPAJBSZ,.GSPAJBSZ,JPY,Custom Basket,MA5M9EGH176E2KWS,True
GSCB_FLAGSHIP,Other / Review,Broad / Cross-sector,,Europe,GSPWGNDF,GS Custom Global New Def,USD,Custom Basket,MA5MFXW7V9FFPC18,True
GSCB_FLAGSHIP,Other / Review,Broad / Cross-sector,,Europe,GSQIEFXL,EUR USD Long,EUR,Custom Basket,MA5N1X0KY28JNA9V,True
GSCB_FLAGSHIP,Sector Factor,Financials,Momentum,Americas,GSFIBFML,GS US Fin Momo Long,USD,Custom Basket,MA5N7Y93TEV7G7SH,False
GSCB_FLAGSHIP,Sector Factor,TMT / Tech,Growth vs Value,Americas,GSTMTGVP,GS US TMT Gro vs Val,USD,Custom Basket,MA5NJM88VAGX1MF4,False
GSCB_FLAGSHIP,Other / Review,Broad / Cross-sector,,Americas,GSXUDRIV,GS US Autos,USD,Custom Basket,MA5P4C2YSEMSYRMN,True
GSCB_FLAGSHIP,Other / Review,Broad / Cross-sector,,Asia,GSCBGXH1,Corp Gov & Def: XH1,JPY,Custom Basket,MA5PE8NNQAAFVTMB,True
GSCB_FLAGSHIP,Other / Review,Broad / Cross-sector,,Asia,GSCBHKBA,GS HK Banks,HKD,Custom Basket,MA5PEEZRM4JS0YE4,True
GSCB_FLAGSHIP,Theme,Consumer,China / Supply Chain,Americas,GSXACCOG,GS China Consumer Goods,USD,Custom Basket,MA5Q63D00JEP2NXW,False
GSCB_FLAGSHIP,Other / Review,Broad / Cross-sector,,Europe,GSCMEVRH,GS Evraz Hedge,GBP,Custom Basket,MA5Q8RZQS72D175M,True
GSCB_FLAGSHIP,Other / Review,Broad / Cross-sector,,Asia,GSCBHCEI,GS Custom HK,HKD,Custom Basket,MA5QEE7AAPNECQ0H,True
GSCB_FLAGSHIP,Sector Factor,Financials,Volatility,Americas,GSFIRSVL,GS US Financials Res Vol,USD,Custom Basket,MA5QV4H1G1D5CPCN,False
GSCB_FLAGSHIP,Other / Review,Broad / Cross-sector,,Europe,GSCMHCVC,GS Global CVC Hedge,EUR,Custom Basket,MA5R1JGDRTFZ6Y22,True
GSCB_FLAGSHIP,Theme,TMT / Tech,Software,Americas,GSCBSF8X,SOFTWARE 8X EV/ SALES,USD,Custom Basket,MA5RYHEDMD2Z0SA8,False
GSCB_FLAGSHIP,Other / Review,Broad / Cross-sector,,Europe,GSXEOILX,GS EU Oil Input Cost,EUR,Custom Basket,MA5S27RHFMW9NWX0,True
GSCB_FLAGSHIP,Other / Review,Broad / Cross-sector,,Asia,GSCBGAG1,Corp Gov & Def: Low AGM,JPY,Custom Basket,MA5SZ0YPA7VFYBR5,True
GSCB_FLAGSHIP,Theme,TMT / Tech,AI,Americas,GSTMTDAT,AI Data Centers,USD,Custom Basket,MA5T5KHHZC5JDRFC,False
GSCB_FLAGSHIP,Other / Review,Broad / Cross-sector,,Asia,GSXAJPDF,GS Japan Defense,JPY,Custom Basket,MA5TD1F3J424ZGHP,True
GSCB_FLAGSHIP,Factor,Broad / Cross-sector,Beta,Asia,GSXACBBS,GS China Barra Beta Shor,CNH,Custom Basket,MA5TJCK5X1PV8D9H,False
GSCB_FLAGSHIP,Sector Factor,Health Care,Value,Americas,GSHCVALU,GS US Health Care Value,USD,Custom Basket,MA5TMZRDK2BHEGQ6,False
GSCB_FLAGSHIP,Other / Review,Broad / Cross-sector,,Americas,GSSIINBK,Goldman Sachs Investment Banking/Diversified Cap Markets Sector Basket,USD,Custom Basket,MA5TVKVB38S224EV,True
GSCB_FLAGSHIP,Theme,Broad / Cross-sector,China / Supply Chain,Asia,GSCBICSC,GS China Small Cap,CNH,Custom Basket,MA5V0SVSV637FTPZ,False
GSCB_FLAGSHIP,Other / Review,Financials,,Europe,GSXEMNAF,GS EU M&A Financials,EUR,Custom Basket,MA5VP249AX8RY5E0,True
GSCB_FLAGSHIP,Other / Review,Broad / Cross-sector,,Europe,GSCMADPH,GS Aeroports SA Hedge,EUR,Custom Basket,MA5VPXEWF6KFQNP2,True
GSCB_FLAGSHIP,Other / Review,Broad / Cross-sector,,Asia,GSCBJXHO,GS Japan X-Share Holders,JPY,Custom Basket,MA5VQR5Z4E6X7EQN,True
GSCB_FLAGSHIP,Other / Review,Broad / Cross-sector,,Asia,GSXAHBDS,GS Hong Kong DBeta Short,HKD,Custom Basket,MA5VXBFZEMDBCH2F,True
GSCB_FLAGSHIP,Factor,Broad / Cross-sector,Size,Europe,GSXEUKSL,UK Reactive Small Size,GBP,Custom Basket,MA5WA6YDA01SC75A,False
GSCB_FLAGSHIP,Other / Review,Broad / Cross-sector,,Americas,GSBZOFFI,GS Brazil Off Index,BRL,Custom Basket,MA5WK65QNDGQAMW0,True
GSCB_FLAGSHIP,Other / Review,Broad / Cross-sector,,Asia,GSXAJMIN,GS Japan Miners,JPY,Custom Basket,MA5WRZNRA14XKYN1,True
GSCB_FLAGSHIP,Other / Review,Broad / Cross-sector,,Europe,GSSBMEPU,EU Media - Publishers,EUR,Research Basket,MA5WVQGYB4VF88VE,True
GSCB_FLAGSHIP,Factor,Broad / Cross-sector,Growth,Europe,GSSTGROW,EU Pure Growth,EUR,Research Basket,MA5X6X8AC77NQ64Q,False
GSCB_FLAGSHIP,Other / Review,Broad / Cross-sector,,Americas,GS24REPS,GS24 Rep Pol Undrperform,USD,Custom Basket,MA5XC2A1V2HT9QA6,True
GSCB_FLAGSHIP,Other / Review,Broad / Cross-sector,,Europe,GSCMDARK,GS Darktrace Hedge,GBP,Custom Basket,MA5XEMMSSQQA50JD,True
GSCB_FLAGSHIP,Other / Review,Broad / Cross-sector,,Americas,GSIPPBRL,Price / Book Long,USD,Research Basket,MA5XFD49YQXNRM0B,True
GSCB_FLAGSHIP,Other / Review,Broad / Cross-sector,,Americas,GSXFBZDF,GS BZ Defensives (BRL),BRL,Custom Basket,MA5YDAC0BN4STN93,True
GSCB_FLAGSHIP,Other / Review,Broad / Cross-sector,,Asia,GSXAJSOS,GS Japan CorpGov Winners,JPY,Custom Basket,MA5Z5S5QKEF59M60,True
GSCB_FLAGSHIP,Other / Review,Broad / Cross-sector,,Europe,GSCMADEH,GS Adevinta Hedge,NOK,Custom Basket,MA5ZQX09XRXFAYSX,True
GSCB_FLAGSHIP,Other / Review,Broad / Cross-sector,,Europe,GSCMDSVH,GS DSV Hedge,DKK,Custom Basket,MA5ZYBP69H6AVEHX,True
GSCB_FLAGSHIP,Other / Review,Broad / Cross-sector,,Americas,GSXACOMM,GS APAC Communacopia,USD,Custom Basket,MA60EQ6DMPF9EPQQ,True
GSCB_FLAGSHIP,Other / Review,Broad / Cross-sector,,Europe,GSCMACXH,GS Acerinox Hedge,EUR,Custom Basket,MA60K89BH8RGSR9G,True
GSCB_FLAGSHIP,Factor,Broad (US),Volatility,Americas,GSPUBGRV,GS US GEMLT Res Vol Pair,USD,Custom Basket,MA60M9S3XYBJ9DXH,False
GSCB_FLAGSHIP,Other / Review,Broad / Cross-sector,,Americas,GSTHHAIR,High Asset Intensity,USD,Research Basket,MA60YX6JWJBYFMWS,True
GSCB_FLAGSHIP,Other / Review,Broad / Cross-sector,,Asia,GSCBJBAN,GS Japan Banks,JPY,Custom Basket,MA613QGF9BXCDX3E,True
GSCB_FLAGSHIP,Factor,Broad / Cross-sector,Momentum,Americas,GSXUWFML,GS US Wolfe Hi Momentum,USD,Custom Basket,MA619KYW73DB7WJM,False
GSCB_FLAGSHIP,Other / Review,Broad / Cross-sector,,Europe,GSCMINWH,GS INW IM Hedge,EUR,Custom Basket,MA61AFSJCKEMVV6Z,True
GSCB_FLAGSHIP,HF Positioning,HF Positioning,VIP vs Short,Americas,GSPRHIMO,GS US High Beta Momo,USD,Custom Basket,MA61CCW0GWZVAY4Y,False
GSCB_FLAGSHIP,Other / Review,Broad / Cross-sector,,Europe,GSCMASCH,GS Ascential Hedge,GBP,Custom Basket,MA61DKJW4ZE8FAVH,True
GSCB_FLAGSHIP,Other / Review,Broad (US),,Americas,GSPUMOXX,.GSPUMOXX,USD,Custom Basket,MA61VT7GVF5B5NG6,True
GSCB_FLAGSHIP,Other / Review,Broad / Cross-sector,,Asia,GSCBJXHE,GS Japan X-Held,JPY,Custom Basket,MA624ZBZ7SFRG5A4,True
GSCB_FLAGSHIP,Other / Review,Broad / Cross-sector,,Americas,GSCBAFCF,GS Asia High FCF Commods,USD,Custom Basket,MA62NWV9F6QNAY90,True
GSCB_FLAGSHIP,Other / Review,Broad / Cross-sector,,Asia,GSCBINUW,GS India Mutual Fund UW,INR,Custom Basket,MA62T3X0SK5X5JCZ,True
GSCB_FLAGSHIP,Other / Review,Broad / Cross-sector,,Europe,GSCMEDRH,GS Edreams Hedge,EUR,Custom Basket,MA63D9HQ772N43NS,True
GSCB_FLAGSHIP,Theme,Financials,China / Supply Chain,Asia,GSCBAHFH,GS China AH Fin. H-Line,HKD,Custom Basket,MA63SP12FSRQVARH,False
GSCB_FLAGSHIP,Other / Review,Broad / Cross-sector,,Americas,GSXAELEV,GS Asia Electric Vehicle,USD,Custom Basket,MA63Y3TFYX2BECW3,True
GSCB_FLAGSHIP,Other / Review,Broad / Cross-sector,,Asia,GSCBITMO,GS Custom Japan Mother,JPY,Custom Basket,MA64CQ6TXZ5Z70MC,True
GSCB_FLAGSHIP,Other / Review,Broad / Cross-sector,,Americas,GSXULTAX,Low Tax Basket,USD,Custom Basket,MA64GKKZPTA0RPBE,True
GSCB_FLAGSHIP,Other / Review,Broad / Cross-sector,,Americas,GSSIDIVM,Goldman Sachs Aluminim/Diversified Metals Sector Basket,USD,Custom Basket,MA64PTTXACEAF2KP,True
GSCB_FLAGSHIP,Sector Factor,TMT / Tech,Crowding,Americas,GSTMWFCS,GS US TMT Crowding Short,USD,Custom Basket,MA65WBZ67ZGDFPGQ,False
GSCB_FLAGSHIP,Sector Factor,Industrials,Growth,Americas,GSINLGRS,GS INL US Growth Short,USD,Custom Basket,MA65WKYE55JFK2G1,False
GSCB_FLAGSHIP,Other / Review,Broad / Cross-sector,,Asia,GSCBJDFH,GS Japan Defense Hedge,JPY,Custom Basket,MA6698V8EJSBMVN9,True
GSCB_FLAGSHIP,Other / Review,Broad / Cross-sector,,Americas,GSIPROCS,ROCE Short,USD,Research Basket,MA681DJXY4YAW0RX,True
GSCB_FLAGSHIP,Other / Review,Broad / Cross-sector,,Europe,GSCMAUTN,GS Auto Trader Hedge,NOK,Custom Basket,MA68ATHSJQ6XD2RK,True
GSCB_FLAGSHIP,Other / Review,Broad / Cross-sector,,Americas,GSXUCOOL,GS US Liquid Cooling Eq.,USD,Custom Basket,MA68F6YSDCJ34S9N,True
GSCB_FLAGSHIP,Theme,Broad / Cross-sector,China / Supply Chain,Asia,GSXAHSOE,GS China-H SOEs,JPY,Custom Basket,MA6936PMKE6Z31A7,False
GSCB_FLAGSHIP,Other / Review,Broad / Cross-sector,,Americas,GSCMYSWY,Convenience Hedge,USD,Custom Basket,MA69KD86ZJVXCT5N,True
GSCB_FLAGSHIP,Other / Review,Broad / Cross-sector,,Europe,GSCMLHAH,GS Lufthansa Hedge,EUR,Custom Basket,MA69X0R2XHK5RPF8,True
GSCB_FLAGSHIP,Other / Review,Broad / Cross-sector,,Asia,GSCB2616,GS HK Hedge,HKD,Custom Basket,MA6A36252NW1ZKX4,True
GSCB_FLAGSHIP,Other / Review,Broad / Cross-sector,,Europe,GSCBIFEX,GS EU Infra CAPEX,EUR,Custom Basket,MA6A64ZWTQFAMZ7E,True
GSCB_FLAGSHIP,Other / Review,Broad / Cross-sector,,Europe,GSSBTRAA,EU Airlines,EUR,Research Basket,MA6A8NB43EGWC1VX,True
GSCB_FLAGSHIP,Other / Review,Broad / Cross-sector,,Americas,GSXUAMER,GS US Domestic Sales,USD,Custom Basket,MA6AAP9JQRB780RS,True
GSCB_FLAGSHIP,Other / Review,Broad / Cross-sector,,Americas,GSXUXBIO,GS US Biotechnology,USD,Custom Basket,MA6ABB3WHJ9A6C6T,True
GSCB_FLAGSHIP,Other / Review,Broad / Cross-sector,,Americas,GSXUSHGM,High Stable Gross Margin,USD,Custom Basket,MA6B1MD8GKFW48RS,True
GSCB_FLAGSHIP,Other / Review,Broad / Cross-sector,,Europe,GSCMMORH,GS Morphosys Hedge,EUR,Custom Basket,MA6B2AVZWRPK6AD4,True
GSCB_FLAGSHIP,Factor,Broad / Cross-sector,Growth,Europe,GSXECSGR,GS EU China Sec. Growth,EUR,Custom Basket,MA6BAE4EVEWBTB8X,False
GSCB_FLAGSHIP,Other / Review,Broad / Cross-sector,,Americas,GSSUSES2,GS SUSTAIN E&S Qntle 2,USD,Research Basket,MA6BDNQDYXJFXRFD,True
GSCB_FLAGSHIP,Other / Review,Broad / Cross-sector,,Asia,GSCBJTRO,GS JP TSE non-R Low ROE,JPY,Custom Basket,MA6BZ98S7VAEJK7W,True
GSCB_FLAGSHIP,Other / Review,Broad / Cross-sector,,Americas,GSSIREMT,Goldman Sachs Mortgage REITs Sector Basket,USD,Custom Basket,MA6CCVBMABZ9J1HS,True
GSCB_FLAGSHIP,Other / Review,Broad / Cross-sector,,Americas,GSBRDILG,GS Brazil DI Corr. Long,BRL,Custom Basket,MA6CHCYAGGEVA20M,True
GSCB_FLAGSHIP,Other / Review,Financials,,Americas,GSFINTRD,GS Fins Trad Asset Mgrs,USD,Custom Basket,MA6CVVZNJF4RYYKY,True
GSCB_FLAGSHIP,Other / Review,Broad / Cross-sector,,Americas,GSSIREDV,Goldman Sachs Diversified REITs Sector Basket,USD,Custom Basket,MA6CX2M8FDYCWCQZ,True
GSCB_FLAGSHIP,Other / Review,Broad / Cross-sector,,Americas,GSCMUNPH,GS UNP Hedge,USD,Custom Basket,MA6D0W3R60151ZQQ,True
GSCB_FLAGSHIP,Other / Review,Broad / Cross-sector,,Europe,GSCBGOUT,GS EU Go Outside,EUR,Custom Basket,MA6D2Z1DD2P8MXW4,True
GSCB_FLAGSHIP,Factor,Broad / Cross-sector,Momentum,Americas,GSXUHMO3,US 3M Momentum Long,USD,Custom Basket,MA6DAK7Q05KNGXTS,False
GSCB_FLAGSHIP,Other / Review,Broad / Cross-sector,,Europe,GSSTDEFS,EU Defensives,EUR,Research Basket,MA6DCZDET51X8QH7,True
GSCB_FLAGSHIP,Other / Review,Broad / Cross-sector,,Europe,GSCBCE3B,GS Custom CE3 Banks,USD,Custom Basket,MA6DDYCEHZ0VSJEH,True
GSCB_FLAGSHIP,Other / Review,Broad / Cross-sector,,Europe,GSCMMOWH,GS Mowi Hedge,NOK,Custom Basket,MA6DJCMTYR8B8Z1B,True
GSCB_FLAGSHIP,Other / Review,Broad / Cross-sector,,Europe,GSCBBPHG,GS BP Hedge,GBP,Custom Basket,MA6DX48SV3N9WQ18,True
GSCB_FLAGSHIP,Theme,Broad / Cross-sector,China / Supply Chain,Asia,GSXACVIP,GS China A VIPs,CNH,Custom Basket,MA6E3ASWVK52F2W2,False
GSCB_FLAGSHIP,Factor,Broad / Cross-sector,Momentum,Americas,GSCBLMOM,High Beta Momentum Short,USD,Custom Basket,MA6EMHG3XXYSFGNA,False
GSCB_FLAGSHIP,Other / Review,Broad / Cross-sector,,Asia,GSXAJDEF,GS Japan Defensives,JPY,Custom Basket,MA6F44TXJ3W8J8PF,True
GSCB_FLAGSHIP,Other / Review,Broad / Cross-sector,,Americas,GSXACHDR,GS ADR Only,USD,Custom Basket,MA6FFDDNEMXDMYFD,True
GSCB_FLAGSHIP,Other / Review,Broad / Cross-sector,,Europe,GSCMTWEK,GS Tweka Group Hedge,EUR,Custom Basket,MA6FK1JQXRR44ZJH,True
GSCB_FLAGSHIP,Sector Factor,TMT / Tech,Growth,Americas,GSCBOSQT,GS TMT Secular Growth,USD,Custom Basket,MA6FK7A8XZKQ9W7M,False
GSCB_FLAGSHIP,Other / Review,Health Care,,Americas,GSSIHCSU,Goldman Sachs Health Care Supplies Sector Basket,USD,Custom Basket,MA6GFGQVX6JMCAAF,True
GSCB_FLAGSHIP,Other / Review,Broad / Cross-sector,,Europe,GSCMKMAH,GS Kongsberg Mari Hedge,NOK,Custom Basket,MA6GS5FR6CRCQMMC,True
GSCB_FLAGSHIP,Other / Review,Broad / Cross-sector,,Europe,GSCMABIH,GS ABI BB Hedge,EUR,Custom Basket,MA6HAVHJ7C00685D,True
GSCB_FLAGSHIP,Other / Review,Broad / Cross-sector,,Europe,GSCMABOS,GS ABO Basket,EUR,Custom Basket,MA6HCWD30K6ZHZEN,True
GSCB_FLAGSHIP,Other / Review,Financials,,Americas,GSFINHOM,GS Fins Housing,USD,Custom Basket,MA6HHK4M1EGQ5V5E,True
GSCB_FLAGSHIP,Other / Review,Health Care,,Americas,GSHCWFIS,GS US HC Short Int Short,USD,Custom Basket,MA6J1AGY0QGQ7QFA,True
GSCB_FLAGSHIP,Sector Factor,Financials,Value,Americas,GSFIBFVS,GS US Fin Value Short,USD,Custom Basket,MA6JDE6J38XADT8B,False
GSCB_FLAGSHIP,Other / Review,Broad / Cross-sector,,Asia,GSCBKRFA,GS Korea Retail Favs,KRW,Custom Basket,MA6K2SBGX9A12Y74,True
GSCB_FLAGSHIP,Other / Review,Broad / Cross-sector,,Europe,GSCMRUST,GS Rusta Hedge,SEK,Custom Basket,MA6KMBRCCJPN8YAE,True
GSCB_FLAGSHIP,Other / Review,Broad / Cross-sector,,Europe,GSCMSGOH,GS SGO FP Hedge,EUR,Custom Basket,MA6M9D0ABW5GWTFS,True
GSCB_FLAGSHIP,Other / Review,Broad / Cross-sector,,Global,GSXAAUMI,GS Australia Miners,AUD,Custom Basket,MA6MAQW6E3GFH44H,True
GSCB_FLAGSHIP,Other / Review,Health Care,,Americas,GSHLCDOG,GS HC Diagnostics,USD,Custom Basket,MA6NTWVT02EXB6SE,True
GSCB_FLAGSHIP,Other / Review,Broad / Cross-sector,,Europe,GSCMCNAL,GS Centrica Hedge Basket,GBP,Custom Basket,MA6P89Z9ZFRG7HHB,True
GSCB_FLAGSHIP,Factor,Broad / Cross-sector,Dividend / Yield,Americas,GSTHLACF,Low Adjusted FCF Yield,USD,Research Basket,MA6P8XZ5MGEEMZ8N,False
GSCB_FLAGSHIP,Other / Review,Broad / Cross-sector,,Europe,GSCMPOLI,GS Bank Hapoalim Hedge,ILS,Custom Basket,MA6PPK61KBJ5D02Y,True
GSCB_FLAGSHIP,HF Positioning,Consumer,VIP vs Short,Americas,GSPRVSCD,GS US Cons VIP vs Short,USD,Custom Basket,MA6PQ5JYMCMHVDJ0,False
GSCB_FLAGSHIP,Other / Review,Broad / Cross-sector,,Europe,GSXESTAP,GS EU Staples,EUR,Custom Basket,MA6PQS2VQZFJ1B36,True
GSCB_FLAGSHIP,Other / Review,Industrials,,Americas,GSSIREID,Goldman Sachs Industrial REITs Sector Basket,USD,Custom Basket,MA6PVH3STQF7AJR0,True
GSCB_FLAGSHIP,Other / Review,Broad / Cross-sector,,Europe,GSCMHAGH,GS Hensoldt Hedge,EUR,Custom Basket,MA6Q0MC2ZD35QHB8,True
GSCB_FLAGSHIP,Sector Factor,Consumer,Leverage,Americas,GSCNLEVG,GS US Consumer Leverage,USD,Custom Basket,MA6Q1QDV69J25TTM,False
GSCB_FLAGSHIP,Other / Review,Broad / Cross-sector,,Europe,GSCMGLEN,GS Glencore Hedge,GBP,Custom Basket,MA6QD7EPGHSPXK1M,True
GSCB_FLAGSHIP,Factor,Broad / Cross-sector,Beta,Europe,GSXEBFBL,EU Pure Hi Beta,EUR,Custom Basket,MA6QDQ6EZP7WP04E,False
GSCB_FLAGSHIP,Sector Factor,Health Care,Value,Americas,GSHCBFVS,GS US HC Value Short,USD,Custom Basket,MA6RVEVVFKDZB91T,False
GSCB_FLAGSHIP,Other / Review,Broad / Cross-sector,,Americas,GSXASBAL,GS Asia Strong B/S,USD,Custom Basket,MA6SR1RPQSG5A1D5,True
GSCB_FLAGSHIP,Factor,Broad / Cross-sector,Volatility,Americas,GSXUMFWL,GS US Volatility Long,USD,Custom Basket,MA6STXERNV4D9MS1,False
GSCB_FLAGSHIP,Other / Review,Broad (US),,Americas,GSPUMFVO,GS US Axioma Vol,USD,Custom Basket,MA6SYQAEQFKP6FK1,True
GSCB_FLAGSHIP,Theme,Broad / Cross-sector,Rates Sensitivity,Europe,GSXELDUR,GS EU Long Duration,EUR,Custom Basket,MA6TMS5F8Q23WC60,False
GSCB_FLAGSHIP,Theme,TMT / Tech,Software,Americas,GSXUSF8X,GS US Expensive Software,USD,Custom Basket,MA6TVMFWZVDPYV05,False
GSCB_FLAGSHIP,Other / Review,Industrials,,Americas,GSIDLOLX,GS IND Oil&Gas Feedstock,USD,Custom Basket,MA6VPG9ZPH0R01RE,True
GSCB_FLAGSHIP,Other / Review,Broad / Cross-sector,,Europe,GSXEMFWS,GS EU Vol Short,EUR,Custom Basket,MA6W7G4NWR9XMHPE,True
GSCB_FLAGSHIP,Other / Review,Broad / Cross-sector,,Europe,GSCMUKMA,GS UK M&A Targets,GBP,Custom Basket,MA6WY7R29SHGSPQY,True
GSCB_FLAGSHIP,Other / Review,Broad / Cross-sector,,Asia,GSXAKDFV,GS Korea Defensives,KRW,Custom Basket,MA6WZ1B7M4Q7HH7C,True
GSCB_FLAGSHIP,Factor,Broad / Cross-sector,Beta,Europe,GSCBMIBL,EU Midcap Beta Long,EUR,Custom Basket,MA6X8AAS2827XVQS,False
GSCB_FLAGSHIP,Other / Review,Broad (US),,Americas,GSPUBASZ,,USD,Custom Basket,MA6X8BGTN76RTE3F,True
GSCB_FLAGSHIP,Other / Review,Broad / Cross-sector,,Europe,GSXEECMP,GS Electrification Cmpdr,EUR,Custom Basket,MA6XHZ65WDATRSFX,True
GSCB_FLAGSHIP,Other / Review,Broad / Cross-sector,,Americas,GSXU100D,Accelerated Depreciation,USD,Custom Basket,MA6XJXVST9RP4ZWN,True
GSCB_FLAGSHIP,Other / Review,Broad / Cross-sector,,Global,GSPAJBFS,.GSPAJBFS,JPY,Custom Basket,MA6Y2TMJPY3V4DRY,True
GSCB_FLAGSHIP,Other / Review,Broad / Cross-sector,,Europe,GSXEHEAT,GS EU HVAC Players,EUR,Custom Basket,MA6YA64QQ1JJHV9P,True
GSCB_FLAGSHIP,Factor,Broad / Cross-sector,Size,Europe,GSXEMISS,EU Rctv Low Midcap Size,EUR,Custom Basket,MA6YB6B3N0PR6ZCW,False
GSCB_FLAGSHIP,Other / Review,Financials,,Americas,GSFINALT,GS Alternative Managers,USD,Custom Basket,MA6YH0TJ2QP3QAMZ,True
GSCB_FLAGSHIP,Other / Review,TMT / Tech,,Asia,GSXAJNPT,GS Japan Non Profit Tech,JPY,Custom Basket,MA6YWF7BYXQ9HM4F,True
GSCB_FLAGSHIP,Other / Review,Broad / Cross-sector,,Europe,GSCMCOVH,GS Covestro Hedge,EUR,Custom Basket,MA6YY319C9MYK9YT,True
GSCB_FLAGSHIP,Factor,Broad / Cross-sector,Momentum,Asia,GSXACBMS,GS China Barra MOMO Shor,CNH,Custom Basket,MA6ZNJY5T29V7JV5,False
GSCB_FLAGSHIP,Other / Review,Broad / Cross-sector,,Americas,GSTHHTAX,High Tax,USD,Research Basket,MA6ZQHF3X52FRRQ8,True
GSCB_FLAGSHIP,Other / Review,Broad / Cross-sector,,Europe,GSCMFCTH,GS Fincantieri Spa Hedge,EUR,Custom Basket,MA6ZRNJ1CSP8FJFJ,True
GSCB_FLAGSHIP,Theme,Broad / Cross-sector,Clean Energy / ESG,Europe,GSXFSESG,GS South Africa ESG,ZAR,Custom Basket,MA70NCC2XEB6M18Y,False
GSCB_FLAGSHIP,Factor,Broad / Cross-sector,Growth,Americas,GSXFBZGS,Brazil Growth Short,BRL,Custom Basket,MA70R3FZ9KFCQYBJ,False
GSCB_FLAGSHIP,Factor,Broad / Cross-sector,Value,Europe,GSXELVAL,High Beta Expnsive Value,EUR,Custom Basket,MA7185K9726F4A8B,False
GSCB_FLAGSHIP,Other / Review,Materials,,Americas,GSXFBZMT,GS BZ Materials (USD),USD,Custom Basket,MA71C39PK4JVB7EE,True
GSCB_FLAGSHIP,Other / Review,Broad (US),,Americas,GSPUSTAG,GS Stagflation Pair,USD,Custom Basket,MA71D9KQ6GFXQP70,True
GSCB_FLAGSHIP,Sector Factor,Health Care,Volatility,Americas,GSHCBFRS,GS US HC Res Vol Short,USD,Custom Basket,MA71MJ25NZYT7ZJY,False
GSCB_FLAGSHIP,Other / Review,Broad / Cross-sector,,Asia,GSXATWDW,GS Strong TWD Winners,TWD,Custom Basket,MA723KADP82TZJ03,True
GSCB_FLAGSHIP,Other / Review,Broad / Cross-sector,,Americas,GSSZLMGN,APJ Low &Volatile Margin,USD,Research Basket,MA72QP5PX96HV1KN,True
GSCB_FLAGSHIP,Other / Review,Broad / Cross-sector,,Asia,GSXAKSUB,GS Korea Subs,KRW,Custom Basket,MA73XXYNYTCPE4YS,True
GSCB_FLAGSHIP,Factor,Broad / Cross-sector,Growth,Europe,GSXEMIGS,EU Rctv Lo Midcap Growth,EUR,Custom Basket,MA74DJE57PR5D54Z,False
GSCB_FLAGSHIP,Other / Review,Broad / Cross-sector,,Americas,GSSITEXA,"Goldman Sachs Textiles, Apparel & Luxury Goods Sector Basket",USD,Custom Basket,MA74MBKMWS1MY489,True
GSCB_FLAGSHIP,Other / Review,Broad / Cross-sector,,Europe,GSSBPAPE,EU Paper & Forest,EUR,Research Basket,MA74VYFPXZ9Q7WJ5,True
GSCB_FLAGSHIP,Other / Review,Broad / Cross-sector,,Americas,GSSIBRDC,GS Broadcasting Basket,USD,Custom Basket,MA74X8XWTHQGRT00,True
GSCB_FLAGSHIP,Factor,Broad / Cross-sector,Value,Americas,GSHLCVLL,GS HLC US Value Long,USD,Custom Basket,MA74Y8X548KT3NP8,False
GSCB_FLAGSHIP,Other / Review,Broad / Cross-sector,,Americas,GSSZADEF,APxJ Aerospace & Defense,USD,Research Basket,MA74ZAJZPRBMMYGM,True
GSCB_FLAGSHIP,Theme,Broad / Cross-sector,AI,Americas,GSXAAIBM,Asia AI Bottleneck MLCCs,USD,Custom Basket,MA75NN8NCYYNBMBJ,False
GSCB_FLAGSHIP,Factor,Broad / Cross-sector,Momentum,Asia,GSCBJMXC,GS Japan Momo x Corp Ref,JPY,Custom Basket,MA75NRXQXHW7KXX9,False
GSCB_FLAGSHIP,Other / Review,Industrials,,Americas,GSIDLTRC,GS Industrials Trucking,USD,Custom Basket,MA75PBQWY79B079H,True
GSCB_FLAGSHIP,Other / Review,Broad / Cross-sector,,Americas,GSXUMSAL,GS Liquid Most Short,USD,Custom Basket,MA760SZK9MCJYEV9,True
GSCB_FLAGSHIP,Other / Review,Broad / Cross-sector,,Europe,GSTROILX,EU Oil Cost exposure,EUR,Research Basket,MA76KHGBJVSKZFBG,True
GSCB_FLAGSHIP,Theme,Broad / Cross-sector,China / Supply Chain,Americas,GSXACTRA,GS China Trade Ins,USD,Custom Basket,MA77EK79WMN1DC9E,False
GSCB_FLAGSHIP,Other / Review,Broad / Cross-sector,,Europe,GSCMSHEL,GS Shell Hedge,EUR,Custom Basket,MA77K8Z0YR5D302B,True
GSCB_FLAGSHIP,Theme,TMT / Tech,Semiconductors,Americas,GSSISEEQ,Goldman Sachs Semiconductor Equipment Sector Basket,USD,Custom Basket,MA78227R2Y4HH56D,False
GSCB_FLAGSHIP,Other / Review,Materials,,Europe,GSXFCEMT,GS CEEMEA Materials ex m,USD,Custom Basket,MA783P5QSF74REQ7,True
GSCB_FLAGSHIP,Other / Review,Broad / Cross-sector,,Europe,GSSBBKRT,EU Banks - Retail,EUR,Research Basket,MA78564TE7ZB3S3T,True
GSCB_FLAGSHIP,Other / Review,Broad / Cross-sector,,Asia,GSXAKBIO,GS Korea Biotech,KRW,Custom Basket,MA78EEP5QG9KD45Y,True
GSCB_FLAGSHIP,Theme,TMT / Tech,Profitability Theme (Profitable vs Nonprofitable),Americas,GSCBNOPS,Non-Sec Non-Profit Tech,USD,Custom Basket,MA78PZ0XDX8SVVTD,False
GSCB_FLAGSHIP,Theme,Broad (US),AI,Americas,GSPUARTI,GS AI Pair,USD,Custom Basket,MA78VHWVMMHHT05W,False
GSCB_FLAGSHIP,Other / Review,Broad / Cross-sector,,Europe,GSCMBVIH,GS Bureau Veritas Hedge,EUR,Custom Basket,MA78Y4Z6DJT9J0S6,True
GSCB_FLAGSHIP,Theme,Broad / Cross-sector,China / Supply Chain,Asia,GSXACHXR,GS China Hardware x Rnew,CNH,Custom Basket,MA798WHPQQ4XXYJ2,False
GSCB_FLAGSHIP,Factor,Broad / Cross-sector,Growth,Americas,GSXUGRO2,GS Secular Growth ex Sft,USD,Custom Basket,MA79ANPNSQ45HFAD,False
GSCB_FLAGSHIP,Other / Review,Consumer,,Americas,GSCNBFMS,GS US Consumer Mo Short,USD,Custom Basket,MA79EYX87R261PVY,True
GSCB_FLAGSHIP,Other / Review,Broad / Cross-sector,,Asia,GSXAKWIN,GS Korea Greatest Hits,KRW,Custom Basket,MA79VDYDXASF85CR,True
GSCB_FLAGSHIP,Sector Factor,Financials,Growth,Americas,GSFIBFGS,GS US Fin Growth Short,USD,Custom Basket,MA7ARZ2XKTXSY8FX,False
GSCB_FLAGSHIP,Other / Review,Broad / Cross-sector,,Americas,GSXUINFS,GS Infrastructure,USD,Custom Basket,MA7AXT14SQBV0ESG,True
GSCB_FLAGSHIP,Theme,Broad / Cross-sector,China / Supply Chain,Europe,GSSTCHNA,EU China Exposure,EUR,Research Basket,MA7BVB2239BXZRFC,False
GSCB_FLAGSHIP,Factor,Broad / Cross-sector,Beta,Americas,GSXUBFBS,GS US Barra Low Beta,USD,Custom Basket,MA7C1PKXFYPSVQVQ,False
GSCB_FLAGSHIP,Other / Review,Broad / Cross-sector,,Asia,GSCBJTP1,GSCBJTP1,JPY,Custom Basket,MA7C3RW3FHTPZGC7,True
GSCB_FLAGSHIP,Other / Review,Broad / Cross-sector,,Asia,GSXAJPEQ,GS Japan Equal Basket,JPY,Custom Basket,MA7C59X3DRETG6KM,True
GSCB_FLAGSHIP,Factor,Broad / Cross-sector,Momentum,Americas,GSXACHMS,GS China MOMO Short,USD,Custom Basket,MA7C7Y8490MH78GF,False
GSCB_FLAGSHIP,Other / Review,Broad / Cross-sector,,Europe,GSCMSOBH,GS SOBI SS Hedge,SEK,Custom Basket,MA7CXWPK9RS9PM4Z,True
GSCB_FLAGSHIP,Factor,Broad / Cross-sector,Quality,Americas,GSXUBGQL,GS US GEMLT High Quality,USD,Custom Basket,MA7D4JDPY1YSN458,False
GSCB_FLAGSHIP,Other / Review,Broad / Cross-sector,,Europe,GSCB4TO3,GS Mobile Consolid Custm,EUR,Custom Basket,MA7DV6WVAQ1Z39KR,True
GSCB_FLAGSHIP,Other / Review,Broad / Cross-sector,,Europe,GSSTPEMU,EU Periphery Domestic,EUR,Research Basket,MA7DZE0SE01XJKZ0,True
GSCB_FLAGSHIP,Other / Review,Broad / Cross-sector,,Americas,GSCBDFXP,GS Defensives ex Policy,USD,Custom Basket,MA7EK31BV0Q41SZ4,True
GSCB_FLAGSHIP,Factor,Broad / Cross-sector,Size,Americas,GSRPESUP,GS RP Equity Size US Long/Short,USD,Custom Basket,MA7F4M6Q382GQTKX,False
GSCB_FLAGSHIP,Other / Review,Broad / Cross-sector,,Americas,GSCBMRGC,GS US Emergency,USD,Custom Basket,MA7F4TKX136HEBX7,True
GSCB_FLAGSHIP,Other / Review,Broad / Cross-sector,,Asia,GSCBIJBK,GS Custom Japan Banks,JPY,Custom Basket,MA7FBV076HD39YN5,True
GSCB_FLAGSHIP,Other / Review,Energy,,Europe,GSXEEEFI,GS EU Energy Efficiency,EUR,Custom Basket,MA7FYGAXAXG24KNE,True
GSCB_FLAGSHIP,Other / Review,Broad / Cross-sector,,Europe,GSCBCYXC,GS EU Cyclicals ex Commo,EUR,Custom Basket,MA7G70GC70FNXQ03,True
GSCB_FLAGSHIP,Theme,Broad / Cross-sector,China / Supply Chain,Americas,GSXACHIN,GS China Insurance,USD,Custom Basket,MA7GBCQ5N2JSA7CD,False
GSCB_FLAGSHIP,Other / Review,Broad / Cross-sector,,Americas,GSXUBFSS,GS US Barra Lo Sentiment,USD,Custom Basket,MA7GFQESPTB9V34R,True
GSCB_FLAGSHIP,Other / Review,Broad / Cross-sector,,Europe,GSCMUMIH,GS Umicore Hedge Basket,EUR,Custom Basket,MA7GG603D0ZTEXNJ,True
GSCB_FLAGSHIP,Other / Review,Broad / Cross-sector,,Europe,GSXEMOIN,GS EU Motor Insurance,EUR,Custom Basket,MA7GV4NWK2RQX2BK,True
GSCB_FLAGSHIP,Other / Review,Broad / Cross-sector,,Americas,GSXUBAIS,GS US Barra Lo Short Int,USD,Custom Basket,MA7H2HNZXV1XC6YK,True
GSCB_FLAGSHIP,Theme,Broad / Cross-sector,China / Supply Chain,Americas,GSXACCOA,GS China Coal,USD,Custom Basket,MA7HGB883BV0Y9J9,False
GSCB_FLAGSHIP,Other / Review,Broad / Cross-sector,,Europe,GSCMJUN3,GS Custom Hedge Basket,EUR,Custom Basket,MA7HGPY8PPC26NAS,True
GSCB_FLAGSHIP,Other / Review,Broad / Cross-sector,,Americas,GSXFBRCO,GS BZ Commodity Levered,BRL,Custom Basket,MA7HV8F4DV065XCN,True
GSCB_FLAGSHIP,Theme,Broad / Cross-sector,China / Supply Chain,Asia,GSXACBPS,GS China Profit Short,CNH,Custom Basket,MA7J1F1K1FT37QBC,False
GSCB_FLAGSHIP,Other / Review,Broad / Cross-sector,,Americas,GSSIOGST,Goldman Sachs Oil & Gas Storage & Transporta Sector Basket,USD,Custom Basket,MA7J58PWRZS65T10,True
GSCB_FLAGSHIP,Other / Review,Broad / Cross-sector,,Europe,GSXELBSI,GS EU Low SI 2,EUR,Custom Basket,MA7JD64CCJTNCA1V,True
GSCB_FLAGSHIP,Sector Factor,TMT / Tech,Momentum,Americas,GSTMBFML,GS US TMT Momentum Long,USD,Custom Basket,MA7JMPV3PWZQH1PN,False
GSCB_FLAGSHIP,Factor,Broad / Cross-sector,Quality,Americas,GSXUBGQS,GS US GEMLT Low Quality,USD,Custom Basket,MA7JPQHV118Q8MK8,False
GSCB_FLAGSHIP,Other / Review,Broad / Cross-sector,,Asia,GSCBHKSI,GS Custom HK,HKD,Custom Basket,MA7JSDZCJ6RAP4BG,True
GSCB_FLAGSHIP,Factor,Broad / Cross-sector,Momentum,Americas,GSXAPEML,GS APEJC MOMO Long,USD,Custom Basket,MA7K5SHAV0ZJPT2R,False
GSCB_FLAGSHIP,Other / Review,Financials,,Americas,GSFINADV,GS Fins Advisors,USD,Custom Basket,MA7KFFRD1K8762N6,True
GSCB_FLAGSHIP,Theme,Broad / Cross-sector,AI,Americas,GSXUINFR,GS US AI Inference,USD,Custom Basket,MA7KMNFBJP5XHAQ2,False
GSCB_FLAGSHIP,Theme,Health Care,AI,Americas,GSHLCAIP,US Health Care AI Basket,USD,Custom Basket,MA7M08GVPWZEWTND,False
GSCB_FLAGSHIP,Other / Review,Broad / Cross-sector,,Europe,GSCMADES,GS Ades Holding Hedge,USD,Custom Basket,MA7M5Q81BKFQD14W,True
GSCB_FLAGSHIP,Other / Review,Broad / Cross-sector,,Europe,GSXECHEM,GS EU Cyclical Chemicals,EUR,Custom Basket,MA7MN0VVV1774MGR,True
GSCB_FLAGSHIP,Theme,TMT / Tech,AI,Americas,GSTMTAIH,GS AI Hardware ex Power,USD,Custom Basket,MA7N1M51RZTAA25Q,False
GSCB_FLAGSHIP,Theme,Broad / Cross-sector,China / Supply Chain,Americas,GS24TRIM,GS 2024 Tariff Immune,USD,Custom Basket,MA7N53DAQY8Q6S44,False
GSCB_FLAGSHIP,Other / Review,Materials,,Americas,GSSICSTM,Goldman Sachs Construction Materials Sector Basket,USD,Custom Basket,MA7N9TRRTZ1CJXTH,True
GSCB_FLAGSHIP,Factor,Broad / Cross-sector,Momentum,Europe,GSCBMIML,EU Midcap Momentum Long,EUR,Custom Basket,MA7NCCK9ZF42WA34,False
GSCB_FLAGSHIP,Theme,TMT / Tech,Software,Americas,GSPUSFTX,GS Software Pair,USD,Custom Basket,MA7NVS765GGJ9RXK,False
GSCB_FLAGSHIP,Sector Factor,Consumer,Momentum,Americas,GSCNDMOP,GS US Cons Momo Pair,USD,Custom Basket,MA7NY6D4DY2S4ZJN,False
GSCB_FLAGSHIP,Other / Review,Broad / Cross-sector,,Americas,GSTHHFHI,High HF Concentration,USD,Research Basket,MA7PD90RSYZS83SB,True
GSCB_FLAGSHIP,Other / Review,Broad / Cross-sector,,Asia,GSJPAMRC,GS Japan America exposed,JPY,Research Basket,MA7PNYG69T6V8JRE,True
GSCB_FLAGSHIP,Sector Factor,Consumer,Crowding,Americas,GSCNCRWD,GS US Consumer Crowding,USD,Custom Basket,MA7Q3YEY7C1S24YC,False
GSCB_FLAGSHIP,Other / Review,Broad / Cross-sector,,Europe,GSCBREVO,GS Revolut Hedge,USD,Custom Basket,MA7QJZ4DD8E08R3K,True
GSCB_FLAGSHIP,Other / Review,Broad / Cross-sector,,Americas,GSSIMARI,Goldman Sachs Marine Sector Basket,USD,Custom Basket,MA7QXATQS8DXXSCV,True
GSCB_FLAGSHIP,Other / Review,Broad / Cross-sector,,Americas,GSBZLEFT,GSBZLEFT,BRL,Custom Basket,MA7R7HMGGGQB7F2B,True
GSCB_FLAGSHIP,Factor,Broad (US),Growth,Americas,GSPUVLSG,GS Value vs Sec Growth,USD,Custom Basket,MA7RMNFH3YR0H9T3,False
GSCB_FLAGSHIP,Factor,Broad / Cross-sector,Growth,Americas,GSCBAPGR,GS APAC Thematic Growth,USD,Custom Basket,MA7RN7MND8P8MKXD,False
GSCB_FLAGSHIP,Other / Review,Broad / Cross-sector,,Europe,GSCMAIBG,GS AIB Hedge,EUR,Custom Basket,MA7T5TDQFBJBZHRJ,True
GSCB_FLAGSHIP,Other / Review,Broad / Cross-sector,,Americas,GSXUHOME,GS US Housing,USD,Custom Basket,MA7TCJ0V9T5BCK3F,True
GSCB_FLAGSHIP,Factor,Broad / Cross-sector,Dividend / Yield,Americas,GSXUBFDS,GS US Barra Lo Div Yield,USD,Custom Basket,MA7TVY04QCXGE8B4,False
GSCB_FLAGSHIP,Factor,Broad / Cross-sector,Beta,Europe,GSXEHMOM,EU High Beta Momnt Long,EUR,Custom Basket,MA7V3MDQ1XVN29GJ,False
GSCB_FLAGSHIP,Other / Review,Industrials,,Americas,GSSIINDC,Goldman Sachs Industrial Conglomerates Sector Basket,USD,Custom Basket,MA7V5FQDDCC134XW,True
GSCB_FLAGSHIP,Other / Review,Broad / Cross-sector,,Europe,GSCMGBGH,GS GB Group Hedge,GBP,Custom Basket,MA7V8SV39F61P2NP,True
GSCB_FLAGSHIP,Other / Review,Health Care,,Americas,GSHLCTOO,GS HC Tools,USD,Custom Basket,MA7VFNH7J7NPZCYV,True
GSCB_FLAGSHIP,Other / Review,Broad / Cross-sector,,Asia,GSCBJPVC,GS Japan Low PB HighCash,JPY,Custom Basket,MA7W87WKBSCX1JG7,True
GSCB_FLAGSHIP,Other / Review,Broad / Cross-sector,,Europe,GSCBCMDS,GS EU CMD Basket,EUR,Custom Basket,MA7WE1GM9R3MGM1Z,True
GSCB_FLAGSHIP,Other / Review,Broad / Cross-sector,,Europe,GSCMVIVH,GS Vivendi Hldngs Hedge,EUR,Custom Basket,MA7YGTP7H7X01KTG,True
GSCB_FLAGSHIP,Sector Factor,TMT / Tech,Momentum,Americas,GSTMTMOM,GS US TMT Momo Pair,USD,Custom Basket,MA7YTR8MCQPEYR17,False
GSCB_FLAGSHIP,Other / Review,Broad / Cross-sector,,Europe,GSCMCNEL,GS Capricorn Hedge,GBP,Custom Basket,MA7Z9B79AYMWZFDN,True
GSCB_FLAGSHIP,Theme,Broad / Cross-sector,China / Supply Chain,Americas,GSP24TRF,GS Tariff Risk Pair,USD,Custom Basket,MA7ZNDDVQ9Q5TRZB,False
GSCB_FLAGSHIP,Other / Review,Broad / Cross-sector,,Americas,GSXUMRSK,GS US High Margin Risk,USD,Custom Basket,MA7ZZT8DY8XVATM9,True
GSCB_FLAGSHIP,Other / Review,Broad / Cross-sector,,Americas,GS24RLXC,GS Republican Long exCom,USD,Custom Basket,MA800TXQMPEDF9WE,True
GSCB_FLAGSHIP,Other / Review,Materials,,Americas,GSBRBSMT,GS BZ Materials (BRL),BRL,Custom Basket,MA808BBM9656E2CM,True
GSCB_FLAGSHIP,Theme,Broad / Cross-sector,China / Supply Chain,Asia,GSXACLOW,GS China Low Alt Economy,CNH,Custom Basket,MA80DJY8PD8BSX0C,False
GSCB_FLAGSHIP,Theme,Broad / Cross-sector,China / Supply Chain,Americas,GSXACHWS,GS China Volatlity Short,USD,Custom Basket,MA814Q29WETHY4DQ,False
GSCB_FLAGSHIP,Factor,Broad / Cross-sector,Leverage,Americas,GSXUBFLL,GS US Barra Hi Leverage,USD,Custom Basket,MA81A1ZYF0PEC8PC,False
GSCB_FLAGSHIP,Other / Review,Broad / Cross-sector,,Americas,GSXUCHAL,GS HK with ADR,USD,Custom Basket,MA81R838X6ZPQFRF,True
GSCB_FLAGSHIP,Other / Review,Broad / Cross-sector,,Americas,GSCMR2XE,GS SMID Cap ex-Commods,USD,Custom Basket,MA81SWK8551BQYV5,True
GSCB_FLAGSHIP,Other / Review,Broad / Cross-sector,,Asia,GSCBK198,GS Korea ex SEC & Hynix,KRW,Custom Basket,MA827X49X6C56FXZ,True
GSCB_FLAGSHIP,Other / Review,Broad / Cross-sector,,Americas,GSSZAPEU,EU exposed AEJ stocks,USD,Research Basket,MA82EJRWWB5EYGZR,True
GSCB_FLAGSHIP,Theme,Broad / Cross-sector,China / Supply Chain,Americas,GSCBCCSO,GS China Central SOEs,USD,Custom Basket,MA830G1BFCCDRX9W,False
GSCB_FLAGSHIP,Factor,Broad / Cross-sector,Growth,Asia,GSXATGRS,GS Taiwan Growth (HB) Sh,TWD,Custom Basket,MA831VT75WBQAR5E,False
GSCB_FLAGSHIP,Other / Review,Broad / Cross-sector,,Americas,GSXUBFIS,GS US Barra Lo Short Int,USD,Custom Basket,MA836GBRF47T8302,True
GSCB_FLAGSHIP,Other / Review,Real Estate,,Americas,GSFINSLR,GS Fins Short Lease REIT,USD,Custom Basket,MA836TGGQA7Q3XXB,True
GSCB_FLAGSHIP,Factor,Broad / Cross-sector,Volatility,Europe,GSRPEWEP,GS RP Equity Volatility EU Long/Short,EUR,Custom Basket,MA83D56HP5E8TF7Q,False
GSCB_FLAGSHIP,Factor,Broad / Cross-sector,Quality,Americas,GSXUMFQS,GS US Quality Short,USD,Custom Basket,MA84F758MQT5Z6N3,False
GSCB_FLAGSHIP,Theme,Broad / Cross-sector,HF / Positioning Theme,Americas,GSCBHVDS,HF VIP Con Discretionary,USD,Custom Basket,MA84N325Q31002K8,False
GSCB_FLAGSHIP,Other / Review,TMT / Tech,,Asia,GSCBHKBT,GS HK Big Tech,HKD,Custom Basket,MA84S8FYS568Y36G,True
GSCB_FLAGSHIP,Theme,Broad / Cross-sector,Reopening / Reflation,Americas,GSCBCHRO,GS China Reopening,USD,Custom Basket,MA852PCJ8XZZRY7K,False
GSCB_FLAGSHIP,Factor,Broad / Cross-sector,Value,Europe,GSXEDEVA,GS EU Defensive Value,EUR,Custom Basket,MA85TMS11YNTB6J4,False
GSCB_FLAGSHIP,Sector Factor,Financials,Momentum,Americas,GSFINMOL,GS FIN US Momentum Long,USD,Custom Basket,MA861JJ3K1CW02Z1,False
GSCB_FLAGSHIP,Other / Review,Broad / Cross-sector,,Europe,GSSTUKIE,UK Intl Exposure,GBP,Research Basket,MA867AQ84ZQ081VX,True
GSCB_FLAGSHIP,Other / Review,Broad / Cross-sector,,Americas,GSXUDEMS,Dem Policy Underperform,USD,Custom Basket,MA867B53KPYJKA1D,True
GSCB_FLAGSHIP,Factor,Broad / Cross-sector,Growth,Americas,GSCBHGLM,GS Hi Growth Lo Margin,USD,Custom Basket,MA86D7RS3A3KS6ZX,False
GSCB_FLAGSHIP,Other / Review,Broad / Cross-sector,,Europe,GSCMDB1H,GS Deutsche Boerse Hedge,EUR,Custom Basket,MA872GGEQ6VM8KYP,True
GSCB_FLAGSHIP,Other / Review,Consumer,,Americas,GSCNBFPS,GS US Cons Profit Short,USD,Custom Basket,MA8791BWWZRETGFW,True
GSCB_FLAGSHIP,Other / Review,Real Estate,,Americas,GSFINCRE,Commercial Real Estate,USD,Custom Basket,MA87SAXA0HK4WYV4,True
GSCB_FLAGSHIP,Theme,Broad / Cross-sector,Clean Energy / ESG,Americas,GSXGRNEW,GS Global Renewables,USD,Custom Basket,MA896V6YHCD7030N,False
GSCB_FLAGSHIP,Other / Review,Broad / Cross-sector,,Americas,GSSIOILE,Goldman Sachs Oil & Gas Equipment & Services Sector Basket,USD,Custom Basket,MA898FYZW51R2YYG,True
GSCB_FLAGSHIP,Other / Review,Broad / Cross-sector,,Europe,GSCMVPLA,GS Viaplay Hedge,SEK,Custom Basket,MA89M646NPDXS4RK,True
GSCB_FLAGSHIP,Factor,Broad / Cross-sector,Profitability,Americas,GSKOPROF,GS US Profitability EFMUSALTS,USD,Custom Basket,MA89NWV8XRKKR5DC,False
GSCB_FLAGSHIP,Other / Review,Broad / Cross-sector,,Europe,GSXEITIN,GS Italy Intl. Exposure,EUR,Custom Basket,MA89PX7VE82XP76D,True
GSCB_FLAGSHIP,Sector Factor,Financials,Momentum,Americas,GSFIBFMS,GS US Fin Momo Short,USD,Custom Basket,MA89S1ZN7CJCXYSE,False
GSCB_FLAGSHIP,Other / Review,Broad / Cross-sector,,Europe,GSCBPUSH,GS EU Power Laggards,EUR,Custom Basket,MA89YEZNRSK4547K,True
GSCB_FLAGSHIP,Other / Review,TMT / Tech,,Americas,GSXGITSV,GS Global IT Services,USD,Custom Basket,MA8AFGMETBH4S6MV,True
GSCB_FLAGSHIP,Other / Review,Broad / Cross-sector,,Europe,GSCMUBER,GS Uber Hedge,USD,Custom Basket,MA8AJVA1DXZNRB6C,True
GSCB_FLAGSHIP,Other / Review,Broad / Cross-sector,,Americas,GSXADATA,GS APAC Data Centers,USD,Custom Basket,MA8APBDBNMCKSC4Y,True
GSCB_FLAGSHIP,Other / Review,Broad / Cross-sector,,Americas,GSXUBFIL,GS US Barra Hi Short Int,USD,Custom Basket,MA8APRYCZ9CST27A,True
GSCB_FLAGSHIP,Other / Review,Broad / Cross-sector,,Europe,GSCMEUCR,GS Europcar Hedge,EUR,Custom Basket,MA8AV7YCS2ZMTSTV,True
GSCB_FLAGSHIP,Theme,Broad / Cross-sector,AI,Americas,GSCBAIBX,GS Asia AI Bottn ex CH,USD,Custom Basket,MA8AYKNS01C0C0WW,False
GSCB_FLAGSHIP,Other / Review,Broad / Cross-sector,,Asia,GSXAKHTS,GS KR High Treasury Shar,KRW,Custom Basket,MA8BQGMCYJV9F252,True
GSCB_FLAGSHIP,Other / Review,Broad / Cross-sector,,Europe,GSCMARC2,GS Aramco Hedge,USD,Custom Basket,MA8C71N8A9DS75KX,True
GSCB_FLAGSHIP,Other / Review,Broad / Cross-sector,,Americas,GSSZDOMC,APJ Domestic Consumption,USD,Research Basket,MA8CD9XMT1FF7E0C,True
GSCB_FLAGSHIP,Other / Review,Broad / Cross-sector,,Europe,GSCMBAYH,GS Bayer Hedge,EUR,Custom Basket,MA8CHRC5SQWEV7VV,True
GSCB_FLAGSHIP,Sector Factor,TMT / Tech,Value,Americas,GSTMBFVS,GS US TMT Value Short,USD,Custom Basket,MA8CJ3PBKJ3QQJ0F,False
GSCB_FLAGSHIP,Theme,Broad / Cross-sector,China / Supply Chain,Americas,GSXASUPR,GS China Superconductors,USD,Custom Basket,MA8CN5QCRV6X77J9,False
GSCB_FLAGSHIP,Theme,Broad / Cross-sector,China / Supply Chain,Asia,GSCB300P,GS China Basket,CNY,Custom Basket,MA8D3F51JP0123HC,False
GSCB_FLAGSHIP,Other / Review,Broad / Cross-sector,,Asia,GSXAKLIS,GS Korea Liq. (HB) Short,KRW,Custom Basket,MA8D46HBQPK1P5E3,True
GSCB_FLAGSHIP,Other / Review,Broad / Cross-sector,,Americas,GSSZWERV,AeJ WeakEarningsRevision,USD,Research Basket,MA8D51XGDYPAPV49,True
GSCB_FLAGSHIP,Other / Review,Broad / Cross-sector,,Americas,GS24REPL,GS24 Rep Pol Outperform,USD,Custom Basket,MA8EM68XET4ACXKG,True
GSCB_FLAGSHIP,Factor,Broad / Cross-sector,Beta,Europe,GSXEUKBS,UK Reactive Low Beta,GBP,Custom Basket,MA8EPQKT8VG415J9,False
GSCB_FLAGSHIP,Other / Review,Broad / Cross-sector,,Asia,GSXAJRAR,GS Japan Rare Earth,JPY,Custom Basket,MA8EYNWVSM46BF59,True
GSCB_FLAGSHIP,Other / Review,Financials,,Americas,GSXUMREF,GS US Margin Risk ex Fin,USD,Custom Basket,MA8F2VC58CCZ1Q1X,True
GSCB_FLAGSHIP,Other / Review,Broad / Cross-sector,,Asia,GSXAICON,GS India Construction M.,INR,Custom Basket,MA8FX8CEHDYP05JP,True
GSCB_FLAGSHIP,Theme,Broad / Cross-sector,China / Supply Chain,Asia,GSXACBPL,GS China Profit Long,CNH,Custom Basket,MA8G732AFEHM2Z5R,False
GSCB_FLAGSHIP,Factor,Broad (US),Momentum,Americas,GSPUBGMO,GS US GEMLT Momo Pair,USD,Custom Basket,MA8GBG3Z8WH45XJ0,False
GSCB_FLAGSHIP,Other / Review,Financials,,Americas,GSFINCYC,GS US Cyclical Financial,USD,Custom Basket,MA8GN108G7DCG5B7,True
GSCB_FLAGSHIP,Other / Review,Broad / Cross-sector,,Europe,GSSBGERE,EU General Retail,EUR,Research Basket,MA8H6NS03EHGZDNP,True
GSCB_FLAGSHIP,Other / Review,Broad / Cross-sector,,Europe,GSXEJAPN,GS EU Japan Exposed,EUR,Custom Basket,MA8HA2JY8NW2B9GD,True
GSCB_FLAGSHIP,Other / Review,Broad / Cross-sector,,Americas,GSSZMSCC,Commodity Cyclicals AeJ,USD,Research Basket,MA8HR5CCYFHAXV73,True
GSCB_FLAGSHIP,Other / Review,Broad / Cross-sector,,Americas,GSSIAMGT,Goldman Sachs Asset Management & Custody Bank Sector Basket,USD,Custom Basket,MA8HVJPQRA62BDXB,True
GSCB_FLAGSHIP,Other / Review,Utilities,,Americas,GSSIMUTI,Goldman Sachs Multi-Utilities Sector Basket,USD,Custom Basket,MA8J5SJKC2PKKSQ0,True
GSCB_FLAGSHIP,Theme,Broad / Cross-sector,HF / Positioning Theme,Americas,GSEMVIPP,"GS EM ""VIP""",USD,Research Basket,MA8KR53GENV7DN5N,False
GSCB_FLAGSHIP,Other / Review,Broad / Cross-sector,,Americas,GSHLCGLP,GS Global HLC GLP Risk,USD,Custom Basket,MA8KX72C46XBRPWS,True
GSCB_FLAGSHIP,Factor,Broad (US),Growth vs Value,Americas,GSPUGRVA,GS Growth vs Value,USD,Custom Basket,MA8MZG4ENC16TVNR,False
GSCB_FLAGSHIP,Theme,Broad / Cross-sector,Clean Energy / ESG,Americas,GSSZEVMT,Asia Environ& Renewables,USD,Research Basket,MA8N63CTYKDSFMEN,False
GSCB_FLAGSHIP,Theme,Consumer,China / Supply Chain,Asia,GSXACCNE,GS China Cons & Engg,CNH,Custom Basket,MA8NGNFNTF2Z7EW4,False
GSCB_FLAGSHIP,Other / Review,Broad / Cross-sector,,Americas,GSCBRGBK,Liquid Regional Banks,USD,Custom Basket,MA8PBZKW25T233TM,True
GSCB_FLAGSHIP,Other / Review,Broad / Cross-sector,,Europe,GSXEFRIN,GS French Intl Exposure,EUR,Custom Basket,MA8PG4F37XMVZB9N,True
GSCB_FLAGSHIP,Other / Review,Consumer,,Americas,GSPUSVGD,GS Cons Services v Goods,USD,Custom Basket,MA8PK99K5Z285MDG,True
GSCB_FLAGSHIP,Factor,Broad / Cross-sector,Beta,Europe,GSCBMIBS,EU Midcap Beta Short,EUR,Custom Basket,MA8PS6TXAKR08E0S,False
GSCB_FLAGSHIP,HF Positioning,Real Estate,VIP vs Short,Americas,GSPRVSRE,GS US RE VIP vs Short,USD,Custom Basket,MA8Q74R1XF000W14,False
GSCB_FLAGSHIP,Other / Review,Energy,,Americas,GSENREFS,GS Energy Refiners,USD,Custom Basket,MA8QPK88F8F42TQ7,True
GSCB_FLAGSHIP,Factor,Broad (US),Quality,Americas,GSPUQUAL,GS US Quality Pair,USD,Custom Basket,MA8R7BY1JTPQG84D,False
GSCB_FLAGSHIP,Factor,Broad / Cross-sector,Volatility,Americas,GSXUMFWS,GS US Volatility Short,USD,Custom Basket,MA8RVX28J06H69B7,False
GSCB_FLAGSHIP,Other / Review,Broad / Cross-sector,,Americas,GSXUDFNS,GS US Defense,USD,Custom Basket,MA8RW35M9KV3PNRA,True
GSCB_FLAGSHIP,Other / Review,Broad / Cross-sector,,Europe,GSCMREYH,GS Reply SpA Hedge,EUR,Custom Basket,MA8TF5H8HXAXAC48,True
GSCB_FLAGSHIP,Other / Review,Broad / Cross-sector,,Europe,GSCMALEG,GS Allegro Hedge,PLN,Custom Basket,MA8TH828Y5MCDTB2,True
GSCB_FLAGSHIP,Factor,Broad / Cross-sector,Quality,Americas,GSXUBFNS,GS US Lo Earnings Qual,USD,Custom Basket,MA8THJFZ79T8SAG9,False
GSCB_FLAGSHIP,Theme,Broad / Cross-sector,AI,Americas,GSCBAILC,GS US Large Cap AI,USD,Custom Basket,MA8TVMCYBPWBG7QQ,False
GSCB_FLAGSHIP,Other / Review,Broad / Cross-sector,,Europe,GSCMHALE,GS Haleon Hedge,GBP,Custom Basket,MA8TWC3BXEY3CRB4,True
GSCB_FLAGSHIP,Other / Review,Broad / Cross-sector,,Europe,GSXEBFWL,EU Pure Hi News Senti,EUR,Custom Basket,MA8V17NKYBW8H4V0,True
GSCB_FLAGSHIP,Other / Review,Broad / Cross-sector,,Europe,GSCMHEXH,GS Hexagon Hedge,SEK,Custom Basket,MA8V3GZP6DMSJ1YY,True
GSCB_FLAGSHIP,Sector Factor,Health Care,Crowding,Americas,GSHCWFCL,GS US HC Crowding Long,USD,Custom Basket,MA8VBGPK9QJJ0XG9,False
GSCB_FLAGSHIP,Sector Factor,Financials,Value,Americas,GSFINVLS,GS FIN US Value Short,USD,Custom Basket,MA8VC3QMJRWFE777,False
GSCB_FLAGSHIP,Other / Review,Broad / Cross-sector,,Americas,GSXGBIOP,Global Bioprocessing,USD,Custom Basket,MA8VG6161YJYAX1D,True
GSCB_FLAGSHIP,Other / Review,Broad / Cross-sector,,Americas,GSXGUKRA,Global Ukraine Rebuild,USD,Custom Basket,MA8VJKEH9FBHKE15,True
GSCB_FLAGSHIP,Factor,Broad / Cross-sector,Momentum,Asia,GSXATMOL,GS Taiwan MOMO (HB) Long,TWD,Custom Basket,MA8VQK4QD6KCCHGQ,False
GSCB_FLAGSHIP,Other / Review,Broad / Cross-sector,,Europe,GSCMNGLH,GS National Grid Hedge,GBP,Custom Basket,MA8VS211GDZ24JT6,True
GSCB_FLAGSHIP,Other / Review,Broad / Cross-sector,,Americas,GSXADIRC,GS APAC Directors' Cut,USD,Custom Basket,MA8VV83Y16DQX5CR,True
GSCB_FLAGSHIP,Other / Review,Broad / Cross-sector,,Europe,GSCMCBKG,GS Commerzbank Hedge,EUR,Custom Basket,MA8VY0YCR4GKYWQQ,True
GSCB_FLAGSHIP,Factor,Broad / Cross-sector,Growth,Europe,GSXEBFGS,EU Low Growth (Barra),EUR,Custom Basket,MA8W776SMC7JWG1P,False
GSCB_FLAGSHIP,Other / Review,Broad / Cross-sector,,Europe,GSCMIAGL,GS IAG LN Hedge,GBP,Custom Basket,MA8X1AW77TYW8GX7,True
GSCB_FLAGSHIP,Other / Review,Broad / Cross-sector,,Europe,GSXECEMU,GS EU Core EU Exposure,EUR,Custom Basket,MA8X1X88JY22HQ1E,True
GSCB_FLAGSHIP,Other / Review,Broad / Cross-sector,,Europe,GSSBMANG,EU Asset Management,EUR,Research Basket,MA8X26AJXG9NCSAJ,True
GSCB_FLAGSHIP,Theme,Real Estate,HF / Positioning Theme,Americas,GSCBHVRE,HF VIP Real Estate,USD,Custom Basket,MA8X3A97VSS60V4G,False
GSCB_FLAGSHIP,Other / Review,Broad / Cross-sector,,Americas,GSXUTRVL,GS Travel ex Gaming,USD,Custom Basket,MA8XK5T1RWMCF0ET,True
GSCB_FLAGSHIP,Other / Review,Broad / Cross-sector,,Europe,GSCMMKSH,GS Marks & Spencer Hedge,GBP,Custom Basket,MA8Y6E3P244MYG5W,True
GSCB_FLAGSHIP,Other / Review,Broad / Cross-sector,,Europe,GSSTWOMN,EU Womenomics,EUR,Research Basket,MA8YA2YB32VGMWXE,True
GSCB_FLAGSHIP,Other / Review,Broad / Cross-sector,,Americas,GSXAGENZ,GS Asia Gen-Z Spending,USD,Custom Basket,MA8YAKEZ4Q56AAWF,True
GSCB_FLAGSHIP,Factor,Broad / Cross-sector,Growth,Americas,GSXUBGGS,GS US GEMLT Low Growth,USD,Custom Basket,MA8ZA9G3XPS5M9GD,False
GSCB_FLAGSHIP,Other / Review,Broad / Cross-sector,,Europe,GSCMDOCS,GS Dr Martens Hedge,GBP,Custom Basket,MA8ZHKRQYSB46V9N,True
GSCB_FLAGSHIP,Theme,Broad / Cross-sector,AI,Americas,GSXUPROD,GS US AI Productivity,USD,Custom Basket,MA8ZT5CTF7GTZDZF,False
GSCB_FLAGSHIP,Other / Review,Broad / Cross-sector,,Europe,GSCBADNC,GS Custom Basket,USD,Custom Basket,MA8ZV2QCCR08PMDX,True
GSCB_FLAGSHIP,Other / Review,Broad / Cross-sector,,Europe,GSXEFSTK,GS French Govt Held,EUR,Custom Basket,MA906TQ55577M8C1,True
GSCB_FLAGSHIP,Other / Review,Broad (US),,Americas,GSPUINFS,GS Infrastructure Pair,USD,Custom Basket,MA90KVBXX671PD1S,True
GSCB_FLAGSHIP,Other / Review,Broad / Cross-sector,,Americas,GSEMINTL,EM Intl Exposure,USD,Research Basket,MA90WPS1GEWDBGM1,True
GSCB_FLAGSHIP,Other / Review,Broad / Cross-sector,,Europe,GSCMHBXH,GS HBX Group Hedge,EUR,Custom Basket,MA91VPD7T4RB440D,True
GSCB_FLAGSHIP,Other / Review,Broad / Cross-sector,,Americas,GSSIAUTR,Goldman Sachs Automotive Retail Sector Basket,USD,Custom Basket,MA91W980XSJNB623,True
GSCB_FLAGSHIP,Factor,Broad / Cross-sector,Volatility,Americas,GSXUBFRS,GS US Barra Low Res Vol,USD,Custom Basket,MA91Y5X1GWFTTERD,False
GSCB_FLAGSHIP,Factor,Broad / Cross-sector,Momentum,Europe,GSXELMSA,GS Saudi Arabia Low Momo,SAR,Custom Basket,MA92A08X765SAFJQ,False
GSCB_FLAGSHIP,Other / Review,Broad / Cross-sector,,Americas,GSHLCBIO,GS Biotechnology,USD,Custom Basket,MA92E3VS6TEM4E2A,True
GSCB_FLAGSHIP,Theme,Broad / Cross-sector,AI,Americas,GSCBBOTL,GS AI Bottlenecks,USD,Custom Basket,MA92M2JVNYCY4X6Q,False
GSCB_FLAGSHIP,Other / Review,Broad / Cross-sector,,Europe,GSSBPERS,EU Personal Care,EUR,Research Basket,MA92WNQER636J965,True
GSCB_FLAGSHIP,Factor,Broad / Cross-sector,Value,Americas,GSXACHVS,GS China Value Short,USD,Custom Basket,MA93P33FD922HD6R,False
GSCB_FLAGSHIP,Other / Review,Broad / Cross-sector,,Asia,GSXAJBTS,GS JP Barra Sentiment Sh,JPY,Custom Basket,MA93TP0TKH64RNR2,True
GSCB_FLAGSHIP,Factor,Broad / Cross-sector,Growth,Americas,GSXACWIN,GS China Growth Winners,USD,Custom Basket,MA945EH3DHQ422RQ,False
GSCB_FLAGSHIP,Factor,Broad / Cross-sector,Growth,Americas,GSXAPEGS,GS APeJC Growth Short,USD,Custom Basket,MA945N5B7END0DV4,False
GSCB_FLAGSHIP,Other / Review,Broad / Cross-sector,,Europe,GSXEPBAN,GS Periphery EU Banks,EUR,Custom Basket,MA9585H857S8772H,True
GSCB_FLAGSHIP,Other / Review,Broad / Cross-sector,,Europe,GSXECEMA,GS EU CEEMEA Exposure,EUR,Custom Basket,MA95DER601TD5N22,True
GSCB_FLAGSHIP,Other / Review,Broad / Cross-sector,,Europe,GSCMAZEH,GS Azelis Hedge,EUR,Custom Basket,MA963HFS07HG6S42,True
GSCB_FLAGSHIP,Factor,Broad / Cross-sector,Momentum,Americas,GSXUBFML,GS US Barra Hi Momentum,USD,Custom Basket,MA96T82QWM9G775F,False
GSCB_FLAGSHIP,Other / Review,Broad / Cross-sector,,Americas,GSCBFOWN,GS US Foreign Ownership,USD,Custom Basket,MA9709702NZPCN3W,True
GSCB_FLAGSHIP,Other / Review,Broad / Cross-sector,,Europe,GSCMLSEL,GS LSEG Hedge,GBP,Custom Basket,MA972K96BH7WQS6B,True
GSCB_FLAGSHIP,Other / Review,Broad / Cross-sector,,Europe,GSXEBFAS,EU Pure Lo Earn Variabil,EUR,Custom Basket,MA978JN1ZQSX2PNA,True
GSCB_FLAGSHIP,Other / Review,Broad / Cross-sector,,Europe,GSXEBOIL,GS EU Big Oil (USD),USD,Custom Basket,MA97ATA365GVY045,True
GSCB_FLAGSHIP,Factor,Broad / Cross-sector,Value,Americas,GSHLCVLS,GS HLC US Value Short,USD,Custom Basket,MA97BRAHVXW13CCY,False
GSCB_FLAGSHIP,Other / Review,Broad / Cross-sector,,Americas,GSEMDOME,EM Domestic Exposure,USD,Research Basket,MA97NS8918M1NRB1,True
GSCB_FLAGSHIP,Other / Review,Broad / Cross-sector,,Asia,GSJPMFOW,JP Foreign Funds OW,JPY,Research Basket,MA97T034YYBXB6MN,True
GSCB_FLAGSHIP,Other / Review,Materials,,Americas,GSXUMATR,GS US Materials,USD,Custom Basket,MA98V2MWEV46QP3D,True
GSCB_FLAGSHIP,Other / Review,Broad / Cross-sector,,Americas,GSIPEVCL,EV / DACF Long,USD,Research Basket,MA99JZHZ1Y5E17XF,True
GSCB_FLAGSHIP,Factor,Broad / Cross-sector,Liquidity,Americas,GSTHLLIQ,Low Liquidity,USD,Research Basket,MA99Z4P700WCMDW9,False
GSCB_FLAGSHIP,Factor,Broad / Cross-sector,Quality,Europe,GSXELQLT,GS EU Low Quality,EUR,Custom Basket,MA9A0H1BMWA683S3,False
GSCB_FLAGSHIP,Other / Review,Broad / Cross-sector,,Americas,GSSZTOPB,AeJ Consensus Buy,USD,Research Basket,MA9A6J9Q54K3V5ZE,True
GSCB_FLAGSHIP,Other / Review,Broad / Cross-sector,,Europe,GSCBTRYD,GS Turkey Domestics TRY,TRY,Custom Basket,MA9AW057HYHXBPF1,True
GSCB_FLAGSHIP,Theme,Broad / Cross-sector,China / Supply Chain,Asia,GSCBSHCB,GS China-H Brokerages,HKD,Custom Basket,MA9B1043H94C3EFH,False
GSCB_FLAGSHIP,Other / Review,Broad / Cross-sector,,Americas,GSXFBZHQ,Brazil HQ Domestics,BRL,Custom Basket,MA9B8TFYVF67D7MS,True
GSCB_FLAGSHIP,Other / Review,Broad / Cross-sector,,Americas,GSXUSTAY,GS US Stay at Home,USD,Custom Basket,MA9B9TEMQ2RW16K9,True
GSCB_FLAGSHIP,Factor,Broad / Cross-sector,Growth,Americas,GSIPGROP,GS Investment Profile (IP) Growth Factor Pair,USD,Custom Basket,MA9BC65DCME3H4MT,False
GSCB_FLAGSHIP,Factor,Broad (US),Volatility,Americas,GSPUWVOL,Wolfe Volatility Pair,USD,Custom Basket,MA9BMEE3K3A52YN8,False
GSCB_FLAGSHIP,Other / Review,Broad / Cross-sector,,Asia,GSCB500N,GS Optimized CN Basket,CNY,Custom Basket,MA9BY5975T74ES7M,True
GSCB_FLAGSHIP,Theme,Broad / Cross-sector,China / Supply Chain,Asia,GSCBCROH,GS China-H Robotics,HKD,Custom Basket,MA9BYEAF2H4XPVW8,False
GSCB_FLAGSHIP,Theme,Broad / Cross-sector,China / Supply Chain,Asia,GSXACMEM,GS China Memory,CNH,Custom Basket,MA9CA2749GPSQ6AM,False
GSCB_FLAGSHIP,Other / Review,Broad / Cross-sector,,Europe,GSCBGERM,DAX ex-GSXEGFSC,EUR,Custom Basket,MA9CXHFDF3D380CH,True
GSCB_FLAGSHIP,Theme,Broad (US),China / Supply Chain,Americas,GSPUSHOR,GS Onshoring Pair,USD,Custom Basket,MA9D972NSDATGCC3,False
GSCB_FLAGSHIP,Other / Review,Broad / Cross-sector,,Americas,GSXUHIFL,GS High Floating Rt Debt,USD,Custom Basket,MA9DAVJA3G1K40VK,True
GSCB_FLAGSHIP,Other / Review,Broad / Cross-sector,,Europe,GSXEBFXS,EU Pure Lo x-EU Eco Expo,EUR,Custom Basket,MA9DWYJ2W6G3MZB4,True
GSCB_FLAGSHIP,Factor,Broad / Cross-sector,Leverage,Americas,GSXUWFLL,GS US Wolfe Hi Leverage,USD,Custom Basket,MA9E1FSZ616H9B11,False
GSCB_FLAGSHIP,Other / Review,Broad / Cross-sector,,Americas,GSSIPROP,Goldman Sachs Property & Casualty Insurance Sector Basket,USD,Custom Basket,MA9ERA4MFC6QA16F,True
GSCB_FLAGSHIP,Theme,Broad / Cross-sector,Reopening / Reflation,Americas,GSXFOPEN,GS EM (xChina) Reopening,USD,Custom Basket,MA9F8JAA2YQGQDAA,False
GSCB_FLAGSHIP,Other / Review,Broad / Cross-sector,,Europe,GSCBVIVH,GS Vivendi Hedge,EUR,Custom Basket,MA9FHHWV1920MMPV,True
GSCB_FLAGSHIP,Theme,Broad / Cross-sector,Healthcare Innovation,Europe,GSXEPHAR,GS EU Pharmaceuticals,EUR,Custom Basket,MA9FN8M9DYF28ATY,False
GSCB_FLAGSHIP,Other / Review,Broad / Cross-sector,,Americas,GSSIDPOS,Goldman Sachs Data Processing & Outsourced S Sector Basket,USD,Custom Basket,MA9FYQ4AJVNFZCP3,True
GSCB_FLAGSHIP,Other / Review,Broad / Cross-sector,,Europe,GSXFCEXM,GS CEEMEA ex MENA Banks,USD,Custom Basket,MA9GP6NDECHQ8ZSX,True
GSCB_FLAGSHIP,Sector Factor,TMT / Tech,Quality,Americas,GSTMTQUA,GS Quality Tech,USD,Custom Basket,MA9GSQ4KMCWHFZXX,False
GSCB_FLAGSHIP,Other / Review,Broad / Cross-sector,,Global,GSCBAUSM,GS Australia SMID,AUD,Custom Basket,MA9HE570P3JF9W4M,True
GSCB_FLAGSHIP,Other / Review,Broad / Cross-sector,,Europe,GSCMHFER,GS Ferrari Hedge,EUR,Custom Basket,MA9HHCZ5TADXD1YE,True
GSCB_FLAGSHIP,Other / Review,Broad / Cross-sector,,Europe,GSCMCVSH,GS CVS Group Hedge,GBP,Custom Basket,MA9HT61WSTZ0WPDC,True
GSCB_FLAGSHIP,Other / Review,Broad / Cross-sector,,Asia,GSCBKRMS,GS Korea Hedge,KRW,Custom Basket,MA9HZNVS6Q60QHQG,True
GSCB_FLAGSHIP,Other / Review,Broad / Cross-sector,,Europe,GSCBAUMF,GS EU Auto Manufacturers,EUR,Custom Basket,MA9HZYPZ2PBV6HRF,True
GSCB_FLAGSHIP,Other / Review,Broad / Cross-sector,,Americas,GSEMEURO,EM Europe Sales Exposure,USD,Research Basket,MA9JN0XAPWG3KEXT,True
GSCB_FLAGSHIP,Other / Review,Broad / Cross-sector,,Europe,GSCBTRYE,GS Turkey Exporters TRY,TRY,Custom Basket,MA9JWPA97KHJQN8S,True
GSCB_FLAGSHIP,Other / Review,Real Estate,,Europe,GSCBSSRE,GS Sweden Real Estate,EUR,Custom Basket,MA9K5N1R8PZCPEXA,True
GSCB_FLAGSHIP,Theme,Broad / Cross-sector,China / Supply Chain,Asia,GSCBHAIH,GS China Hedge,HKD,Custom Basket,MA9K5WZSVNCY8050,False
GSCB_FLAGSHIP,Other / Review,Broad / Cross-sector,,Americas,GSXUHYPR,GS US Hyperscalers,USD,Custom Basket,MA9KGZ6VSCBDGFP0,True
GSCB_FLAGSHIP,Factor,Broad / Cross-sector,Growth,Europe,GSXFCEGR,GS CEEMEA Dom Growth,USD,Custom Basket,MA9MMHPN42N1M0P8,False
GSCB_FLAGSHIP,Other / Review,Broad / Cross-sector,,Europe,GSCMMAER,GS Maersk Hedge,EUR,Custom Basket,MA9MNEQ4Y8FP1RSB,True
GSCB_FLAGSHIP,Other / Review,Consumer,,Americas,GSSZREVL,APJ Cons Revision Loser,USD,Research Basket,MA9NCA16GPKS7T9T,True
GSCB_FLAGSHIP,Other / Review,Consumer,,Americas,GSXUSTAP,GS US Consumer Staples,USD,Custom Basket,MA9NJ1TMYHWFRPDE,True
GSCB_FLAGSHIP,Other / Review,Broad / Cross-sector,,Americas,GSSZMSFR,Rate-sensitives (AeJ),USD,Research Basket,MA9NNQ4ZTG6MQZY2,True
GSCB_FLAGSHIP,Theme,Broad / Cross-sector,AI,Americas,GSXAAIPH,GS APAC Physical AI,USD,Custom Basket,MA9PB8N8RHXM6E20,False
GSCB_FLAGSHIP,Factor,Broad / Cross-sector,Size,Europe,GSXEBFZS,GS EU Size Short 2,EUR,Custom Basket,MA9PFQEK3B0QS7QR,False
GSCB_FLAGSHIP,Other / Review,Broad / Cross-sector,,Europe,GSCMEQTH,GS EQT Hedge,SEK,Custom Basket,MA9PGD5H5NKET9KP,True
GSCB_FLAGSHIP,Other / Review,Broad / Cross-sector,,Asia,GSXAKAUT,GS Korea Autos,KRW,Custom Basket,MA9Q25BJEQNYH3PE,True
GSCB_FLAGSHIP,Sector Factor,Consumer,Momentum,Americas,GSCNBFML,GS US Consumer Momo Long,USD,Custom Basket,MA9Q3X9NJEJJATB2,False
GSCB_FLAGSHIP,Other / Review,Broad / Cross-sector,,Europe,GSCBCYUK,GS Custom UK Cyclicals,GBP,Custom Basket,MA9QARKH4FGPCJVP,True
GSCB_FLAGSHIP,Other / Review,Broad / Cross-sector,,Europe,GSXECOMO,GS EU Commods (ex Gold),EUR,Custom Basket,MA9QB4Z0F1X3EKNH,True
GSCB_FLAGSHIP,Factor,Broad / Cross-sector,Growth,Americas,GSIPGROL,Growth Factor Long,USD,Research Basket,MA9QFSS7XMQ5V9GN,False
GSCB_FLAGSHIP,Other / Review,Broad / Cross-sector,,Europe,GSCMSKFH,GS SKF Hedge,SEK,Custom Basket,MA9R00A5DP35KBV2,True
GSCB_FLAGSHIP,Theme,Broad / Cross-sector,China / Supply Chain,Asia,GSXACSMS,GS China Smartphone Sup.,CNH,Custom Basket,MA9R04YN2ZZE9FXZ,False
GSCB_FLAGSHIP,Sector Factor,Consumer,Momentum,Europe,GSXEBMSC,EU Consumer Momo Short,EUR,Custom Basket,MA9RH2WSHWSHSDXF,False
GSCB_FLAGSHIP,Theme,Broad / Cross-sector,Reopening / Reflation,Europe,GSXEREFL,GS EU Reflation,EUR,Custom Basket,MA9RHGBCGE9G5VHW,False
GSCB_FLAGSHIP,Other / Review,Broad / Cross-sector,,Europe,GSCMCLNH,GS Cellnex Hedge,EUR,Custom Basket,MA9RKW4TWS51WMX1,True
GSCB_FLAGSHIP,HF Positioning,HF Positioning,VIP vs Short,Americas,GSPRMUTL,GS MF OW vs UW,USD,Custom Basket,MA9S51P2C6HQ32SN,False
GSCB_FLAGSHIP,Other / Review,Broad / Cross-sector,,Americas,GSCMSPY7,Top 500 ex Top 7,USD,Custom Basket,MA9S65MGARGEN40Q,True
GSCB_FLAGSHIP,Theme,Broad / Cross-sector,Buybacks / Capital Return,Americas,GSTHREPO,Buyback (US),USD,Research Basket,MA9T73S7SSG51JZH,False
GSCB_FLAGSHIP,Other / Review,Broad / Cross-sector,,Asia,GSXAHK7S,GS Hong Kong 7s,HKD,Custom Basket,MA9TH4EA1935JCVZ,True
GSCB_FLAGSHIP,Factor,Broad / Cross-sector,Growth,Americas,GSCBHGHM,GS Hi Growth Hi Margin,USD,Custom Basket,MA9V0P0Q6MGR127F,False
GSCB_FLAGSHIP,Other / Review,Broad / Cross-sector,,Asia,GSXAKCOO,GS Cool Korea,KRW,Custom Basket,MA9V8JAA62XZD9ES,True
GSCB_FLAGSHIP,Other / Review,Energy,,Americas,GSENEERC,GS US Energy ERCOT Exp.,USD,Custom Basket,MA9VNY07EREF425D,True
GSCB_FLAGSHIP,Other / Review,Broad / Cross-sector,,Europe,GSCMAIRH,GS Airbus Hedge,EUR,Custom Basket,MA9VRCDF5WYF0ZJ7,True
GSCB_FLAGSHIP,Factor,Broad / Cross-sector,Momentum,Americas,GSCBMXAL,GS Asia MOMO Long ex AI,USD,Custom Basket,MA9WQ0820F72K55Q,False
GSCB_FLAGSHIP,Factor,Broad / Cross-sector,Dividend / Yield,Americas,GSIPDIVL,Dividend Yield Long,USD,Research Basket,MA9X0D2X6ZV5RRZF,False
GSCB_FLAGSHIP,Other / Review,Broad / Cross-sector,,Americas,GSCMDFSH,Flagship Hedge Basket,USD,Custom Basket,MA9X5ZYPQN9W3G8T,True
GSCB_FLAGSHIP,Theme,Energy,Clean Energy / ESG,Europe,GSWDRNEW,Global Renewable Energy,USD,Research Basket,MA9X9ZF6DF3QYVY0,False
GSCB_FLAGSHIP,Other / Review,Broad / Cross-sector,,Americas,GSCMNVEI,Flagship NVEI Hedge,USD,Custom Basket,MA9XNJ12WE5YDKN5,True
GSCB_FLAGSHIP,Factor,Broad / Cross-sector,Momentum,Americas,GSXULMOM,High Beta Momentum Short,USD,Custom Basket,MA9XXQFSTDJ1GYXM,False
GSCB_FLAGSHIP,Sector Factor,Industrials,Volatility,Americas,GSINRSVL,GS US Industrial Residual Volatility,USD,Custom Basket,MA9Y34DM1TKR748Q,False
GSCB_FLAGSHIP,Theme,Broad / Cross-sector,China / Supply Chain,Asia,GSXACSOH,GS China SOE - CNH,CNH,Custom Basket,MA9Y4PYAY1TBK9DN,False
GSCB_FLAGSHIP,Other / Review,Broad / Cross-sector,,Europe,GSCMANEH,GS Acciona Hedge,EUR,Custom Basket,MA9Y6F1YEXRBVXB8,True
GSCB_FLAGSHIP,Other / Review,Broad / Cross-sector,,Asia,GSXATPOW,GS Taiwan Power Up,TWD,Custom Basket,MA9ZENQ86923S408,True
GSCB_FLAGSHIP,Factor,Broad / Cross-sector,Growth,Americas,GSSZGROW,AeJ High Growth,USD,Research Basket,MA9ZF3T77RDXJ9N0,False
GSCB_FLAGSHIP,Other / Review,Broad / Cross-sector,,Europe,GSCMLIST,EU Relisting Candidates,EUR,Custom Basket,MA9ZKGFC1RW8PESY,True
GSCB_FLAGSHIP,Factor,Broad / Cross-sector,Growth,Americas,GSXUWFGL,GS US Wolfe High Growth,USD,Custom Basket,MAA0038RJEY22N64,False
GSCB_FLAGSHIP,Other / Review,Broad / Cross-sector,,Americas,GSXAROBO,GS APAC Robots,USD,Custom Basket,MAA098JTXVAB4FDG,True
GSCB_FLAGSHIP,HF Positioning,HF Positioning,VIP vs Short,Global,GSPRUCIT,GS China vs US Internet,USD,Custom Basket,MAA1431PX2ER9T4Q,False
GSCB_FLAGSHIP,Other / Review,Broad / Cross-sector,,Europe,GSCMIOSH,GS Ionos Hedge,EUR,Custom Basket,MAA1EYH0RAYSBB7J,True
GSCB_FLAGSHIP,Other / Review,Broad / Cross-sector,,Europe,GSCMBREH,GS Brembo Hedge,EUR,Custom Basket,MAA1GZAMP75EBDG0,True
GSCB_FLAGSHIP,Other / Review,Broad / Cross-sector,,Asia,GSXAHKBI,GS Hong Kong BioTech,HKD,Custom Basket,MAA1X6JJV6H0PP7J,True
GSCB_FLAGSHIP,Theme,Broad / Cross-sector,China / Supply Chain,Asia,GSXABASC,GS China BABA Sply Chain,CNH,Custom Basket,MAA28AANE8FXVZNW,False
GSCB_FLAGSHIP,Other / Review,Energy,,Europe,GSCMENRH,GS Siemens Energy Hedge,EUR,Custom Basket,MAA29Y0B17GVWBC0,True
GSCB_FLAGSHIP,Theme,Broad / Cross-sector,China / Supply Chain,Asia,GSXACHAM,GS China-H Auto Manufact,HKD,Custom Basket,MAA2P51HNCP1DWGM,False
GSCB_FLAGSHIP,Theme,Real Estate,China / Supply Chain,Americas,GSCBCRSP,GS Sol China Real Estate,USD,Custom Basket,MAA2QQ2SS2M33CK7,False
GSCB_FLAGSHIP,Other / Review,Financials,,Americas,GSFINRMA,GS Fins Reg Bank M&A,USD,Custom Basket,MAA2XHCAWBR8PPF0,True
GSCB_FLAGSHIP,Other / Review,Broad / Cross-sector,,Europe,GSCMIDRH,GS Indra Sistemas Hedge,EUR,Custom Basket,MAA3EMJ1YQZ6CN1V,True
GSCB_FLAGSHIP,Theme,Health Care,HF / Positioning Theme,Americas,GSCBHVHC,HF VIP Healthcare,USD,Custom Basket,MAA3TQ8KP5P68J22,False
GSCB_FLAGSHIP,Other / Review,Broad / Cross-sector,,Europe,GSCMABGH,GS Absa Hedge,ZAR,Custom Basket,MAA4HR6T509VTN6Q,True
GSCB_FLAGSHIP,Theme,Broad / Cross-sector,Rates Sensitivity,Europe,GSCBLDUR,GS EU Long Duration Cust,EUR,Custom Basket,MAA4KCY1ASF1FDWT,False
GSCB_FLAGSHIP,Other / Review,Broad / Cross-sector,,Americas,GSSIELEQ,Electrical Equipment CB,USD,Custom Basket,MAA4Y256X0C9SJFH,True
GSCB_FLAGSHIP,Theme,Broad / Cross-sector,Reopening / Reflation,Americas,GSXUREFL,GS Reflation,USD,Custom Basket,MAA51T5GQZWZQW0C,False
GSCB_FLAGSHIP,Theme,Broad / Cross-sector,Reopening / Reflation,Americas,GSCBCNRO,GS Custom CN Reopening,USD,Custom Basket,MAA5CDB4M4AJRGCW,False
GSCB_FLAGSHIP,Other / Review,Broad / Cross-sector,,Asia,GSXATSTL,GS Taiwan Satellites,TWD,Custom Basket,MAA5DADVTZTH5EM6,True
GSCB_FLAGSHIP,Other / Review,Broad / Cross-sector,,Europe,GSCMBARC,GS Barclays Global Hedge,GBP,Custom Basket,MAA5EFJ9RVZYWSKF,True
GSCB_FLAGSHIP,Factor,Broad / Cross-sector,Dividend / Yield,Americas,GSXUBFES,GS US Lo Earnings Yield,USD,Custom Basket,MAA5KQCWPK1VV5Q6,False
GSCB_FLAGSHIP,Other / Review,Broad / Cross-sector,,Americas,GSCMRALT,GS Ralliant Hedge,USD,Custom Basket,MAA658C88XT8BM47,True
GSCB_FLAGSHIP,Other / Review,Energy,,Americas,GSENMLPH,GS MLP Hedge,USD,Custom Basket,MAA66F3YRGF5PYB6,True
GSCB_FLAGSHIP,Other / Review,Broad / Cross-sector,,Americas,GSCBMSDS,Discretionary Most Short,USD,Custom Basket,MAA68F848EMHXKWQ,True
GSCB_FLAGSHIP,Other / Review,Broad (US),,Americas,GSPUBGEY,GS US GEMLT Earning Pair,USD,Custom Basket,MAA6AA9T3F6A8ETK,True
GSCB_FLAGSHIP,Theme,Energy,AI,Europe,GSCBBOTX,AI Bottlenecks ex Energy,USD,Custom Basket,MAA6M9NADRGS68X4,False
GSCB_FLAGSHIP,Other / Review,Financials,,Americas,GSFINTEC,GS Fintech Basket,USD,Custom Basket,MAA6THR05ZCCCET8,True
GSCB_FLAGSHIP,Other / Review,TMT / Tech,,Americas,GSTMTPAY,GS US Payments,USD,Custom Basket,MAA8TCMCGZ53E8YM,True
GSCB_FLAGSHIP,Other / Review,Broad / Cross-sector,,Americas,GSXUBFTS,GS US Barra Low LTR,USD,Custom Basket,MAA8W3ZMK7CT23TB,True
GSCB_FLAGSHIP,Other / Review,Broad / Cross-sector,,Europe,GSCMCOFH,GS Cofinimmo Hedge,EUR,Custom Basket,MAA9171AGJY2QDAQ,True
GSCB_FLAGSHIP,Other / Review,Broad / Cross-sector,,Europe,GSCMNWGL,GS Natwest Hedge,GBP,Custom Basket,MAA9HZ8ZXKJ5FMVP,True
GSCB_FLAGSHIP,Other / Review,Broad / Cross-sector,,Americas,GSSIAUTC,Goldman Sachs Auto Compo,USD,Custom Basket,MAA9KHCQ8VY49H19,True
GSCB_FLAGSHIP,Factor,Broad / Cross-sector,Growth,Americas,GSXUBGGL,GS US GEMLT High Growth,USD,Custom Basket,MAA9VH0P27GNZWHA,False
GSCB_FLAGSHIP,Theme,Broad / Cross-sector,Reopening / Reflation,Americas,GSXARCOV,GS Asia Recovery,USD,Custom Basket,MAA9VZF9WX6YN0Y6,False
GSCB_FLAGSHIP,Other / Review,Broad / Cross-sector,,Americas,GSTHVISP,HF Very Important Shorts,USD,Research Basket,MAAB9K3SPS202CRS,True
GSCB_FLAGSHIP,Theme,Broad / Cross-sector,Retail / Meme,Americas,GSXURFAV,Retail Favorites,USD,Custom Basket,MAABPSREDV5RX4R7,False
GSCB_FLAGSHIP,Other / Review,Industrials,,Americas,GSSIINDM,Goldman Sachs Industrial Machinery Sector Basket,USD,Custom Basket,MAACHRQTA7B4N28H,True
GSCB_FLAGSHIP,Factor,Broad / Cross-sector,Liquidity,Europe,GSXEBFLS,EU Pure Low Liquidity,EUR,Custom Basket,MAACS38FS0K9HCM3,False
GSCB_FLAGSHIP,Other / Review,Broad / Cross-sector,,Americas,GSCBLITH,Lithium Miners,USD,Custom Basket,MAAD1C78NB1639ZB,True
GSCB_FLAGSHIP,Other / Review,Broad / Cross-sector,,Europe,GSXESWIN,GS Swedish International,SEK,Custom Basket,MAAD24EG8EGVJFS3,True
GSCB_FLAGSHIP,Other / Review,Broad / Cross-sector,,Global,GSPAJBRV,.GSPAJBRV,JPY,Custom Basket,MAAD87Y1QXQFPA7J,True
GSCB_FLAGSHIP,Other / Review,Broad / Cross-sector,,Europe,GSXEITBK,GS Italian Banks,EUR,Custom Basket,MAAD9SFC5K02D4Z2,True
GSCB_FLAGSHIP,Theme,Broad / Cross-sector,China / Supply Chain,Americas,GSXACHDE,GS China Defense,USD,Custom Basket,MAADC2ND4Z4RAC69,False
GSCB_FLAGSHIP,Other / Review,Broad / Cross-sector,,Americas,GSSILSTS,Goldman Sachs Life Sciences Tools & Services Sector Basket,USD,Custom Basket,MAADPFATHT5S3K8W,True
GSCB_FLAGSHIP,Other / Review,Consumer,,Europe,GSXEFEST,GS German Consumer Exp,EUR,Custom Basket,MAADXZXPEKWNAFX2,True
GSCB_FLAGSHIP,Other / Review,Consumer,,Americas,GSXUCOND,GS US Consumer Disc.,USD,Custom Basket,MAAE5S2GSCW1YSVW,True
GSCB_FLAGSHIP,Theme,Broad / Cross-sector,China / Supply Chain,Americas,GSXACSRE,GS China Sharehol Return,USD,Custom Basket,MAAEE3G8F3RE2HYC,False
GSCB_FLAGSHIP,Theme,TMT / Tech,Software,Europe,GSSBSFTW,EU Software,EUR,Research Basket,MAAERMXKWTBF9S42,False
GSCB_FLAGSHIP,Other / Review,Broad / Cross-sector,,Europe,GSXGCRIM,GS Critical Minerals,USD,Custom Basket,MAAF2RDS3KS47BNY,True
GSCB_FLAGSHIP,Other / Review,Broad / Cross-sector,,Americas,GSP24REP,GS Republican Pair,USD,Custom Basket,MAAFE3WP97V9DHWA,True
GSCB_FLAGSHIP,Theme,Broad / Cross-sector,China / Supply Chain,Americas,GSXACRNW,GS China Renewables,USD,Custom Basket,MAAH2XV00PAXEJ70,False
GSCB_FLAGSHIP,Other / Review,Broad / Cross-sector,,Americas,GSXAAIRL,GS APAC Airlines,USD,Custom Basket,MAAHM8X6VT5C14CW,True
GSCB_FLAGSHIP,Factor,Broad / Cross-sector,Volatility,Asia,GSCBCENV,GS CH Energ Sec Low Vol,CNH,Custom Basket,MAAJJ0VVSSKJX8DT,False
GSCB_FLAGSHIP,Other / Review,Broad / Cross-sector,,Americas,GS24REP2,GS Republican ex Commods,USD,Custom Basket,MAAJTQQ5CPHDBA6K,True
GSCB_FLAGSHIP,Other / Review,Broad / Cross-sector,,Asia,GSCBTREI,GS Japan REITs,JPY,Custom Basket,MAAJTZR4NZ5PE0KY,True
GSCB_FLAGSHIP,Factor,Broad / Cross-sector,Momentum,Americas,GSXUMFMS,GS US Momentum Short,USD,Custom Basket,MAAJW2CFPN2YKTXJ,False
GSCB_FLAGSHIP,Sector Factor,Health Care,Size,Americas,GSHCSIZE,GS US Health Care Size,USD,Custom Basket,MAAK44VMVJYTWY86,False
GSCB_FLAGSHIP,Other / Review,Broad (US),,Americas,GSPUMFBP,GS US Axioma Mkt Sens,USD,Custom Basket,MAAM9RGA5VXTT8SS,True
GSCB_FLAGSHIP,Factor,Broad / Cross-sector,Momentum,Europe,GSXELMO3,EU 3M Momo (Losers),EUR,Custom Basket,MAAMGVMFY0QES8CK,False
GSCB_FLAGSHIP,Other / Review,Broad / Cross-sector,,Asia,GSCBJXAB,GS JP Corp Gov. Trifecta,JPY,Custom Basket,MAANVCN0D5HP9XFV,True
GSCB_FLAGSHIP,Other / Review,Broad (US),,Americas,GSPUHLCN,.GSPUHLCN,USD,Custom Basket,MAANYREVBHJBHNVE,True
GSCB_FLAGSHIP,Other / Review,Broad / Cross-sector,,Americas,GSXUMFTS,GS Short-Term Low Mo,USD,Custom Basket,MAAP4ZHCH7HMBYBT,True
GSCB_FLAGSHIP,Theme,TMT / Tech,AI,Americas,GSTMTAIS,GS AI Software,USD,Custom Basket,MAAP9KS5YJZBCMRZ,False
GSCB_FLAGSHIP,Factor,Broad / Cross-sector,Growth,Americas,GSTHHGIR,High Growth Invest Ratio,USD,Research Basket,MAAPGSRP981GJYF8,False
GSCB_FLAGSHIP,Factor,Broad / Cross-sector,Quality,Americas,GSXULOWQ,GS US Low Quality,USD,Custom Basket,MAAPNMVXJKX6YKGB,False
GSCB_FLAGSHIP,Factor,Broad / Cross-sector,Beta,Americas,GSXUBABS,GS US Barra Low Beta,USD,Custom Basket,MAAQFT0R7KAT2GPZ,False
GSCB_FLAGSHIP,Other / Review,Broad / Cross-sector,,Americas,GSCBBZEX,BZ Enhanced ex HTB,BRL,Custom Basket,MAAQMRG709HMV8X3,True
GSCB_FLAGSHIP,Sector Factor,Industrials,Momentum,Americas,GSINLMOP,GS US Indus Momo Pair,USD,Custom Basket,MAAQMX1B46JJGQ1Q,False
GSCB_FLAGSHIP,Theme,Broad / Cross-sector,China / Supply Chain,Americas,GSXACPRO,GS China Prosperity,USD,Custom Basket,MAARXDCJY8DAKXVR,False
GSCB_FLAGSHIP,Other / Review,Broad / Cross-sector,,Americas,GSSZLAHO,Asia Capital Light,USD,Research Basket,MAAS5SEVCPMT9AD5,True
GSCB_FLAGSHIP,Other / Review,Broad / Cross-sector,,Americas,GSSITOBA,Goldman Sachs Tobacco Sector Basket,USD,Custom Basket,MAAS7TKN7E3BQ5PN,True
GSCB_FLAGSHIP,Other / Review,Financials,,Americas,GSFINLIF,GS Fins Life Insurance,USD,Custom Basket,MAATAZYP53EGD3DG,True
GSCB_FLAGSHIP,Factor,Broad / Cross-sector,Growth,Asia,GSXACBGS,GS China Barra Growth Sh,CNH,Custom Basket,MAATHA2H95N6H1S0,False
GSCB_FLAGSHIP,Other / Review,Health Care,,Europe,GSXEPHCP,GS EU Public Health Care,EUR,Custom Basket,MAATPF0WHTFPMK3S,True
GSCB_FLAGSHIP,Other / Review,Broad / Cross-sector,,Europe,GSCMTABH,GS Tab Gida Sanayi Hedge,TRY,Custom Basket,MAAV6HFVFV694RPE,True
GSCB_FLAGSHIP,Theme,Broad / Cross-sector,Reopening / Reflation,Americas,GSXAREFL,GS Asia Reflation,USD,Custom Basket,MAAVAEER3SYSNEY9,False
GSCB_FLAGSHIP,Other / Review,Broad / Cross-sector,,Europe,GSXGSEED,GS Global Ag Seed & Fert,USD,Custom Basket,MAAVCP8YYRMP5MRZ,True
GSCB_FLAGSHIP,Other / Review,Financials,,Americas,GSFINDEF,GS US Fins Defensives,USD,Custom Basket,MAAWACP9GWSBTGFP,True
GSCB_FLAGSHIP,Other / Review,Broad / Cross-sector,,Europe,GSCMSWMH,GS Swedish Match Hedge,SEK,Custom Basket,MAAWGE5KS3SNGGK9,True
GSCB_FLAGSHIP,Other / Review,Broad / Cross-sector,,Europe,GSCMSILT,GS Siltronic Hedge,EUR,Custom Basket,MAAX3965XA2FRK41,True
GSCB_FLAGSHIP,Other / Review,Broad / Cross-sector,,Asia,GSCBJBSW,GS Japan Weak B/S,JPY,Custom Basket,MAAX62FYXVMT639M,True
GSCB_FLAGSHIP,Other / Review,Broad / Cross-sector,,Americas,GSSISPCH,Goldman Sachs Specialty Chemicals Sector Basket,USD,Custom Basket,MAAXQJVRAH9XRX48,True
GSCB_FLAGSHIP,Other / Review,Broad / Cross-sector,,Europe,GSXESBAL,GS EU Strong B/S,EUR,Custom Basket,MAAY6SJ74DQ52WHN,True
GSCB_FLAGSHIP,Sector Factor,Industrials,Value,Americas,GSINLVLL,GS INL US Value Long,USD,Custom Basket,MAAY7CBW0KTYJCS5,False
GSCB_FLAGSHIP,Other / Review,Broad / Cross-sector,,Asia,GSXAJPAM,GS JP Auto Manufacturers,JPY,Custom Basket,MAAYQTTGXMHH1GCS,True
GSCB_FLAGSHIP,Other / Review,Broad / Cross-sector,,Europe,GSCMGXIH,GS Gerresheimer Hedge,EUR,Custom Basket,MAAZGBRND6RP0N4K,True
GSCB_FLAGSHIP,Sector Factor,Consumer,Growth,Americas,GSCNBFGL,GS US Cons Growth Long,USD,Custom Basket,MAAZN61RFQV50GTA,False
GSCB_FLAGSHIP,Other / Review,Consumer,,Americas,GSCNSLWI,GS Consumer Low-Income,USD,Custom Basket,MAAZPP2E2JQ0G3XN,True
GSCB_FLAGSHIP,Theme,Consumer,China / Supply Chain,Americas,GSCNHVIP,GS China-H VIP Basket,USD,Research Basket,MAB0E7ZNJGDS127N,False
GSCB_FLAGSHIP,Other / Review,Broad / Cross-sector,,Europe,GSCMENGF,GS Engie Hedge,EUR,Custom Basket,MAB0GPZ6PV6CB7DZ,True
GSCB_FLAGSHIP,Other / Review,Broad / Cross-sector,,Europe,GSCBGLLI,GS Global Lithium,USD,Custom Basket,MAB0R8GC8530YMWY,True
GSCB_FLAGSHIP,Other / Review,Broad / Cross-sector,,Europe,GSCMSGEH,GS Sage Group Hedge,GBP,Custom Basket,MAB0W3F70WZS21ZS,True
GSCB_FLAGSHIP,Factor,Broad / Cross-sector,Value,Americas,GSXAPEVL,GS APEJC Value Long,USD,Custom Basket,MAB0WN5SFNQAJ0X6,False
GSCB_FLAGSHIP,Factor,Broad / Cross-sector,Profitability,Americas,GSXUBFPS,GS US Barra Low Prof,USD,Custom Basket,MAB17YCJPQTF8Y2S,False
GSCB_FLAGSHIP,Other / Review,Broad / Cross-sector,,Europe,GSSBAUCO,EU Auto Components,EUR,Research Basket,MAB1DF860Q1261NB,True
GSCB_FLAGSHIP,Theme,Broad / Cross-sector,China / Supply Chain,Americas,GSXACINO,GS China Innovation,USD,Custom Basket,MAB1MTBYXWE1PZ3E,False
GSCB_FLAGSHIP,Factor,Broad / Cross-sector,Leverage,Americas,GSXUWFLS,GS US Wolfe Low Leverage,USD,Custom Basket,MAB1SK6MT4V23FR8,False
GSCB_FLAGSHIP,Factor,Broad / Cross-sector,Volatility,Americas,GSIPVOLS,Volatility Factor Short,USD,Research Basket,MAB1W6GVV9K91CJK,False
GSCB_FLAGSHIP,Other / Review,Broad / Cross-sector,,Global,GSCBAUMH,GS AU Mining Hedge,AUD,Custom Basket,MAB2C72Q4SW569FH,True
GSCB_FLAGSHIP,Other / Review,Energy,,Americas,GSENEPWH,GS US Power Hedge,USD,Custom Basket,MAB2QKSBEFFBCHAP,True
GSCB_FLAGSHIP,Other / Review,Consumer,,Europe,GSSBCHCO,EU Chemicals Cons/Mixed,EUR,Research Basket,MAB393XQ0FG5J0BJ,True
GSCB_FLAGSHIP,Other / Review,Broad / Cross-sector,,Europe,GSSBOILR,EU Oil & Gas Refining,EUR,Research Basket,MAB3T9996ZN95DQC,True
GSCB_FLAGSHIP,Other / Review,Real Estate,,Asia,GSCBIJRE,GS Custom JP Real Estate,JPY,Custom Basket,MAB4DD060AQ04V9V,True
GSCB_FLAGSHIP,Factor,Broad / Cross-sector,Momentum,Asia,GSXAHBML,GS Hong Kong MOMO Long,HKD,Custom Basket,MAB4NBW35E99KPPG,False
GSCB_FLAGSHIP,Other / Review,Broad / Cross-sector,,Americas,GSXUBGEL,GS US GEMLT Hi Earnings,USD,Custom Basket,MAB5T7SYWF40S4EA,True
GSCB_FLAGSHIP,Factor,Broad / Cross-sector,Value,Americas,GSXAPEVS,GS APEJC Value Short,USD,Custom Basket,MAB5VFZHSGNY97Z4,False
GSCB_FLAGSHIP,Theme,Broad / Cross-sector,China / Supply Chain,Asia,GSSRCNLG,GS China Little Giants,CNY,Research Basket,MAB5W82789WEAAQR,False
GSCB_FLAGSHIP,Factor,Broad / Cross-sector,Beta,Asia,GSCBJLOB,GS Japan Low Beta,JPY,Custom Basket,MAB5ZFJDA7H91554,False
GSCB_FLAGSHIP,Other / Review,Broad / Cross-sector,,Americas,GSXGEVBA,GS EV & Battery Basket,USD,Custom Basket,MAB65287JCRP4A95,True
GSCB_FLAGSHIP,Factor,Broad / Cross-sector,Growth,Americas,GSXUMFGS,GS US Growth Short,USD,Custom Basket,MAB6ADFX36VRQF6J,False
GSCB_FLAGSHIP,Other / Review,Broad / Cross-sector,,Europe,GSXEUKFI,GS UK Fiscal Stimulus,GBP,Custom Basket,MAB6AEJ2E2A6K3W2,True
GSCB_FLAGSHIP,Sector Factor,Financials,Beta,Americas,GSFIBFBS,GS US Fin Beta Short,USD,Custom Basket,MAB6AFRXZHP1KMNS,False
GSCB_FLAGSHIP,Theme,Financials,China / Supply Chain,Asia,GSXACHFI,GS China-H Fins ex Banks,HKD,Custom Basket,MAB6AM7ZAC7VCC1E,False
GSCB_FLAGSHIP,Other / Review,Broad / Cross-sector,,Americas,GSXUDFLT,GS Hi Prob of Default,USD,Custom Basket,MAB6MCP3AY89JXAG,True
GSCB_FLAGSHIP,Theme,Broad / Cross-sector,Balance Sheet Strength,Americas,GSIPBALL,Balance Sheet Long,USD,Research Basket,MAB6TMW5W8YDME4Y,False
GSCB_FLAGSHIP,Other / Review,Broad / Cross-sector,,Americas,GSSIAPRE,GS Apparel Retail,USD,Custom Basket,MAB867A3H08RCE3N,True
GSCB_FLAGSHIP,Other / Review,Broad / Cross-sector,,Americas,GSSZMSDF,Defensives (AeJ),USD,Research Basket,MAB89NQQFC44XK9Y,True
GSCB_FLAGSHIP,Other / Review,Broad / Cross-sector,,Americas,GSTHAINT,Domestic Sales,USD,Research Basket,MAB8BNR7EM0DM933,True
GSCB_FLAGSHIP,Sector Factor,TMT / Tech,Growth,Americas,GSTMGRWT,GS US TMT Growth,USD,Custom Basket,MAB8SV3SAPFMMQM1,False
GSCB_FLAGSHIP,Factor,Broad / Cross-sector,Momentum,Asia,GSXAMFMS,GS Japan Momentum Short,JPY,Custom Basket,MAB8VV465MCS7WDT,False
GSCB_FLAGSHIP,Theme,Broad / Cross-sector,China / Supply Chain,Americas,GSXACHEU,GS China CHEERS,USD,Custom Basket,MAB92DB3P98YPW2H,False
GSCB_FLAGSHIP,Theme,Broad / Cross-sector,China / Supply Chain,Asia,GSXACHHD,GS China High Divs,CNH,Custom Basket,MAB9BK6HYG8D90Q1,False
GSCB_FLAGSHIP,Other / Review,Health Care,,Americas,GSHLCONC,GS HC Oncology,USD,Custom Basket,MABA3B1KFP8DFMBD,True
GSCB_FLAGSHIP,Other / Review,Health Care,,Americas,GSHCWFIL,GS US HC Short Int Long,USD,Custom Basket,MABAG3KFCYV2AWA7,True
GSCB_FLAGSHIP,Other / Review,Broad / Cross-sector,,Europe,GSSBBKIB,EU Investment Banks,EUR,Research Basket,MABAHJ9CRHZF4XAM,True
GSCB_FLAGSHIP,Factor,Broad (US),Growth,Americas,GSPUGROW,GS US Barra Growth Pair,USD,Custom Basket,MABASVVW2C3ZX4ET,False
GSCB_FLAGSHIP,Factor,Broad / Cross-sector,Profitability,Americas,GSXUBGPL,GS US GEMLT High Prof,USD,Custom Basket,MABAZ5RVQ4PRB4XC,False
GSCB_FLAGSHIP,Factor,Broad / Cross-sector,Value,Europe,GSCBMIVL,EU Midcap Value Long,EUR,Custom Basket,MABBET476ZY6V9YB,False
GSCB_FLAGSHIP,Other / Review,Broad / Cross-sector,,Asia,GSCBTSMH,GS TSMC Hedge,TWD,Custom Basket,MABBHHSY5P23K72D,True
GSCB_FLAGSHIP,Sector Factor,Consumer,Growth,Americas,GSCNGRWT,GS US Consumer Growth,USD,Custom Basket,MABC9BDJH8DJRCEA,False
GSCB_FLAGSHIP,Other / Review,Broad / Cross-sector,,Americas,GSSZMFUW,AeJ Mutual Fund UW,USD,Research Basket,MABCFP2RYK7BKR45,True
GSCB_FLAGSHIP,HF Positioning,Health Care,VIP vs Short,Americas,GSPFVSHC,GS US HC VIP vs Short,USD,Custom Basket,MABDDBVNN3GC0R9Z,False
GSCB_FLAGSHIP,Sector Factor,Energy,Growth,Americas,GSENEGRL,GS ENE US Growth Long,USD,Custom Basket,MABDDT50XVQDJ7D8,False
GSCB_FLAGSHIP,Other / Review,Broad / Cross-sector,,Americas,GSXUDREG,GS DeRegulation Benefit.,USD,Custom Basket,MABDH38CRZ3AMCG8,True
GSCB_FLAGSHIP,Sector Factor,Health Care,Crowding,Americas,GSHCBT50,GS Most Crowded Biotech,USD,Custom Basket,MABDYYSVSNXBTT9F,False
GSCB_FLAGSHIP,Other / Review,Broad / Cross-sector,,Europe,GSCBDEDC,GS German Dom Cyclicals,EUR,Custom Basket,MABEW5PF877DR375,True
GSCB_FLAGSHIP,Theme,Broad / Cross-sector,China / Supply Chain,Americas,GSXGTRIM,Global Tariff Immune,USD,Custom Basket,MABFK125YT397YMD,False
GSCB_FLAGSHIP,Other / Review,Broad / Cross-sector,,Americas,GSIPEVEL,EV / EBITDA Long,USD,Research Basket,MABFS9RNGSAFBCC1,True
GSCB_FLAGSHIP,Factor,Broad / Cross-sector,Leverage,Americas,GSXUBGLS,GS US GEMLT Lo Leverage,USD,Custom Basket,MABGMW7RWR9BJ49E,False
GSCB_FLAGSHIP,Factor,Broad / Cross-sector,Momentum,Americas,GSXULMO6,US 6M Momentum Short,USD,Custom Basket,MABGTQQB7419MXM6,False
GSCB_FLAGSHIP,Theme,Broad / Cross-sector,AI,Americas,GSXUR2XX,GS Small Caps ex AI,USD,Custom Basket,MABHFTSJNWB8ZH39,False
GSCB_FLAGSHIP,Other / Review,Broad / Cross-sector,,Europe,GSXETURK,GS EU Turkish Exposure,EUR,Custom Basket,MABHQTY0QPS93NK6,True
GSCB_FLAGSHIP,Theme,Broad (US),China / Supply Chain,Americas,GSPUCADR,China HK vs ADR only,USD,Custom Basket,MABJFVJJ7A315HFG,False
GSCB_FLAGSHIP,Sector Factor,TMT / Tech,Value,Americas,GSTMTVLL,GS TMT US Value Long,USD,Custom Basket,MABJMB5R0QQPVX08,False
GSCB_FLAGSHIP,Other / Review,Broad / Cross-sector,,Asia,GSCBSMHS,GS HK SMID,HKD,Custom Basket,MABK4038V450QEHP,True
GSCB_FLAGSHIP,Other / Review,Broad / Cross-sector,,Europe,GSXEDEFS,GS EU Defensives,EUR,Custom Basket,MABK7K3DVYKTA12N,True
GSCB_FLAGSHIP,Other / Review,Broad / Cross-sector,,Asia,GSXATONE,GS Taiwan CPOs,TWD,Custom Basket,MABKATTV6ZKHVRZ2,True
GSCB_FLAGSHIP,Other / Review,Broad / Cross-sector,,Americas,GSCMAXNX,GS AXNX Hedge,USD,Custom Basket,MABKKDK223TAM07V,True
GSCB_FLAGSHIP,Other / Review,Financials,,Americas,GSCBMSFN,Financials Most Short,USD,Custom Basket,MABKMPNB8NHP6R26,True
GSCB_FLAGSHIP,Other / Review,Broad / Cross-sector,,Americas,GSSZGARP,APJ GARP,USD,Research Basket,MABKSHNXAYKXJ14X,True
GSCB_FLAGSHIP,Other / Review,Broad / Cross-sector,,Americas,GSSILIFE,Goldman Sachs Life & Health Insurance Sector Basket,USD,Custom Basket,MABKV532MFKZDQHF,True
GSCB_FLAGSHIP,Other / Review,Broad / Cross-sector,,Americas,GSXUNEOC,GS US NeoCloud Providers,USD,Custom Basket,MABM222VJANBN51N,True
GSCB_FLAGSHIP,Theme,TMT / Tech,AI,Americas,GSTMTLCX,GS Large Cap Tech ex AI,USD,Custom Basket,MABM5A24C390XFM5,False
GSCB_FLAGSHIP,Other / Review,Broad / Cross-sector,,Europe,GSCMVWSH,GS Vestas Hedge,EUR,Custom Basket,MABM9E9RQ5VFGRXP,True
GSCB_FLAGSHIP,Other / Review,Broad / Cross-sector,,Europe,GSSTGRTH,EU Stable Growers,EUR,Research Basket,MABMM3Z0HDMW7E7V,True
GSCB_FLAGSHIP,Other / Review,Broad / Cross-sector,,Europe,GSCMWIEH,GS Wienerberger Hedge,EUR,Custom Basket,MABNGK704KRJB1XV,True
GSCB_FLAGSHIP,Theme,Broad / Cross-sector,Clean Energy / ESG,Europe,GSXELESG,GS EU Low ESG 2,EUR,Custom Basket,MABP0BPPJJCESGBJ,False
GSCB_FLAGSHIP,Other / Review,Broad / Cross-sector,,Americas,GSSZNUCL,GS Asia Nuclear Power,USD,Research Basket,MABP2XEGMF4ZZVMJ,True
GSCB_FLAGSHIP,Other / Review,Broad / Cross-sector,,Americas,GSCBMSAL,Most Short Rolling,USD,Custom Basket,MABP3MFBX5JTNAAH,True
GSCB_FLAGSHIP,Other / Review,Broad / Cross-sector,,Americas,GSXUBFWL,GS US Barra High Liquid,USD,Custom Basket,MABP42E3XWJ809TV,True
GSCB_FLAGSHIP,Theme,Broad / Cross-sector,China / Supply Chain,Americas,GSXACNIF,GS China New Infra,USD,Custom Basket,MABPEZ65AFTHQBN1,False
GSCB_FLAGSHIP,Other / Review,Broad / Cross-sector,,Asia,GSXAKDEF,GS Korea Defense,KRW,Custom Basket,MABQ3M741XWYAVGR,True
GSCB_FLAGSHIP,Sector Factor,TMT / Tech,Beta,Americas,GSTMBFBL,GS US TMT Beta Long,USD,Custom Basket,MABQENVKDNFWSXBT,False
GSCB_FLAGSHIP,Other / Review,Consumer,,Americas,GSPULOHO,Low Inc Cons vs Housing,USD,Custom Basket,MABQMR581X7E2M5V,True
GSCB_FLAGSHIP,Other / Review,Utilities,,Americas,GSBRUTIL,GS Brazil Utilities,BRL,Custom Basket,MABQNXHAR5M6S60N,True
GSCB_FLAGSHIP,Other / Review,Industrials,,Americas,GSINWFIL,GS US INL High SI,USD,Custom Basket,MABQVD06PHMKNEYX,True
GSCB_FLAGSHIP,Other / Review,Broad / Cross-sector,,Americas,GSXUQNTM,GS US Quantum Computing,USD,Custom Basket,MABRG5QPV4J8JGGF,True
GSCB_FLAGSHIP,Theme,Broad / Cross-sector,Clean Energy / ESG,Asia,GSCBTESG,GS Thai ESG Custom,THB,Custom Basket,MABSAMJ3JW1DJQDE,False
GSCB_FLAGSHIP,Other / Review,Broad / Cross-sector,,Europe,GSCMINIO,GS Innio Hedge,USD,Custom Basket,MABSKMVJC1MB16MM,True
GSCB_FLAGSHIP,Other / Review,Broad / Cross-sector,,Europe,GSCMGBGL,GS GB Group Hedge,GBP,Custom Basket,MABSX9BC91NWBYJJ,True
GSCB_FLAGSHIP,Theme,Broad / Cross-sector,Clean Energy / ESG,Americas,GSXUSOLR,GS US Domestic Solar,USD,Custom Basket,MABTYBN82ES74QHD,False
GSCB_FLAGSHIP,Other / Review,Broad / Cross-sector,,Europe,GSCMBARH,GS Barry Callebaut Hedge,CHF,Custom Basket,MABV1XPSPQFE01CA,True
GSCB_FLAGSHIP,Theme,Broad / Cross-sector,China / Supply Chain,Americas,GSXACHME,GS China Mining & Ener,USD,Custom Basket,MABVGY324CJBZKWH,False
GSCB_FLAGSHIP,Other / Review,Broad / Cross-sector,,Asia,GSXAIAGR,GS India Agriculture,INR,Custom Basket,MABVQ6A8N5H2P861,True
GSCB_FLAGSHIP,Theme,Broad / Cross-sector,Clean Energy / ESG,Europe,GSCBGRRN,GS German Exp Renewables,EUR,Custom Basket,MABVSEY5MYZ450G4,False
GSCB_FLAGSHIP,Theme,Broad / Cross-sector,China / Supply Chain,Americas,GSXFSOEX,GS EM SOEs ex-China,USD,Custom Basket,MABW2T6Q2NNRDKVN,False
GSCB_FLAGSHIP,Theme,Broad / Cross-sector,China / Supply Chain,Asia,GSCBCHB4,GS China Big 4 Banks,HKD,Custom Basket,MABW67VC6CCBE547,False
GSCB_FLAGSHIP,Theme,TMT / Tech,Software,Americas,GSCBSFVL,Software GARP,USD,Custom Basket,MABW8DZ6946Q8K2Y,False
GSCB_FLAGSHIP,Other / Review,Broad / Cross-sector,,Americas,GSSIOILR,Oil & Gas Refining,USD,Custom Basket,MABWDEKCCY7145MG,True
GSCB_FLAGSHIP,Other / Review,Broad / Cross-sector,,Europe,GSXEUKPH,GS UK Physical Assets,GBP,Custom Basket,MABWK21ENHNG5Q7K,True
GSCB_FLAGSHIP,Other / Review,Broad / Cross-sector,,Americas,GSXAOILX,GS APAC Oil Input Cost,USD,Custom Basket,MABWPA4AZJEFM4B2,True
GSCB_FLAGSHIP,Factor,Broad / Cross-sector,Momentum,Americas,GSXUWFMS,GS US Wolfe Low Momentum,USD,Custom Basket,MABXQRMS3AT4ENAY,False
GSCB_FLAGSHIP,Theme,TMT / Tech,TMT,Americas,GSXUSBCL,Low TMT Stock Based Cmp,USD,Custom Basket,MABY0FQ2FP5ZMJH6,False
GSCB_FLAGSHIP,Factor,Broad / Cross-sector,Momentum,Americas,GSHLCMOL,GS HLC US Momentum Long,USD,Custom Basket,MABY5K0AB20D68S4,False
GSCB_FLAGSHIP,Other / Review,TMT / Tech,,Europe,GSXEXETC,GS EU Ex Tech Compound,EUR,Custom Basket,MABYAFFEHZX5H5DW,True
GSCB_FLAGSHIP,Other / Review,Broad / Cross-sector,,Asia,GSXASLPB,GS SG Low PB High Divs,SGD,Custom Basket,MABYQV8XD6B8GR6G,True
GSCB_FLAGSHIP,Other / Review,Broad / Cross-sector,,Europe,GSCMSCHH,GS Schibsted Hedge,NOK,Custom Basket,MABYYJ6RS8J3T6FA,True
GSCB_FLAGSHIP,Other / Review,Broad / Cross-sector,,Europe,GSCMAMSL,GS Advanced Medical Hdge,GBP,Custom Basket,MABZG3MB2618ZBF7,True
GSCB_FLAGSHIP,Factor,Broad / Cross-sector,Value,Americas,GSXUBGVL,GS US GEMLT High Value,USD,Custom Basket,MABZPHGVJHF7559X,False
GSCB_FLAGSHIP,Other / Review,Broad / Cross-sector,,Europe,GSXEUKRA,GS Ukraine Rebuild,EUR,Custom Basket,MABZTB938NXGJPWV,True
GSCB_FLAGSHIP,Sector Factor,TMT / Tech,Short Interest,Americas,GSTMSHRT,GS US TMT Short Interest,USD,Custom Basket,MAC0EABM7Q1QFPY6,False
GSCB_FLAGSHIP,Other / Review,Broad / Cross-sector,,Americas,GSSIAERO,GS Aero & Defense Sector,USD,Custom Basket,MAC0H9KCTEAQBXQ2,True
GSCB_FLAGSHIP,Factor,Broad / Cross-sector,Crowding,Europe,GSXECRWL,GS EU Crowded Longs,EUR,Custom Basket,MAC1JQ7BK2NDVH6G,False
GSCB_FLAGSHIP,Other / Review,Broad / Cross-sector,,Americas,GSSIHOTL,Goldman Sachs Hotels/Leisure ex Restaurants Sector Basket,USD,Custom Basket,MAC1MC3B1ZH3EE24,True
GSCB_FLAGSHIP,Factor,Broad (US),Growth vs Value,Americas,GSPUMFGV,GS US Axioma Gro vs Val,USD,Custom Basket,MAC24QXNWXD6Y4EW,False
GSCB_FLAGSHIP,Other / Review,Broad / Cross-sector,,Americas,GSCBPRH2,GSCBPRH2,USD,Custom Basket,MAC2H0E3W25V7RXC,True
GSCB_FLAGSHIP,Other / Review,Broad / Cross-sector,,Europe,GSCMBOLH,GS Bolt Hedge,USD,Custom Basket,MAC3EEKRJPYBPZ85,True
GSCB_FLAGSHIP,Other / Review,Broad / Cross-sector,,Americas,GSXUCOMO,GS US Commodity Basket,USD,Custom Basket,MAC4VVZT1EH1682P,True
GSCB_FLAGSHIP,Theme,TMT / Tech,TMT,Americas,GSTMTMID,GS TMT Mid Cap,USD,Custom Basket,MAC4XS7JMBGYV5PF,False
GSCB_FLAGSHIP,Theme,Energy,Clean Energy / ESG,Europe,GSSBRNEW,EU Renewable Energy,EUR,Research Basket,MAC51826RY9AYEW3,False
GSCB_FLAGSHIP,Other / Review,Broad / Cross-sector,,Americas,GSXGDFNS,GS Global Defense,USD,Custom Basket,MAC5Z4F3SNWSX6JD,True
GSCB_FLAGSHIP,Factor,Broad / Cross-sector,Value,Europe,GSXEHVAL,High Beta Cheap Value,EUR,Custom Basket,MAC5ZXKJX2VC6BC4,False
GSCB_FLAGSHIP,Other / Review,Telecom / Comm Svcs,,Americas,GSSITELS,Goldman Sachs Telecommunication Services Sector Basket,USD,Custom Basket,MAC6B3M4PJVJNPMD,True
GSCB_FLAGSHIP,Factor,Broad / Cross-sector,Value,Americas,GSXFBZVL,GS BZ Value Long,BRL,Custom Basket,MAC6TW9SCP2F2NE9,False
GSCB_FLAGSHIP,Other / Review,Broad / Cross-sector,,Americas,GSSUSES1,GS SUSTAIN E&S Top Qntle,USD,Research Basket,MAC6YH78R7RAVWSD,True
GSCB_FLAGSHIP,Other / Review,Broad / Cross-sector,,Americas,GSXUEURO,US High European Sales,USD,Custom Basket,MAC79XHKC6H27JW1,True
GSCB_FLAGSHIP,Other / Review,Financials,,Americas,GSFINEQM,GS Fins Eq Mkt Sensitive,USD,Custom Basket,MAC89FS7N5PTXVZD,True
GSCB_FLAGSHIP,Other / Review,Broad / Cross-sector,,Asia,GSXAIAFL,GS India Affluent,INR,Custom Basket,MAC89KB60XC42B5R,True
GSCB_FLAGSHIP,Sector Factor,Industrials,Momentum,Americas,GSINBFML,GS US INL Momentum Long,USD,Custom Basket,MAC8FY3KHFWFN4G8,False
GSCB_FLAGSHIP,Factor,Broad / Cross-sector,Leverage,Americas,GSTHOPLO,Low Operating Leverage,USD,Research Basket,MAC8MX9FBYWCTF73,False
GSCB_FLAGSHIP,Other / Review,Broad / Cross-sector,,Asia,GSJPDFSE,GS Japan Defense Basket,JPY,Research Basket,MAC8NZ50XPM86G8G,True
GSCB_FLAGSHIP,Other / Review,Broad / Cross-sector,,Americas,GSSZSHOR,AeJ Most Shorted Stocks,USD,Research Basket,MAC9K723THDVW28D,True
GSCB_FLAGSHIP,Other / Review,Broad / Cross-sector,,Americas,GSXUBRCK,GS Brick & Mortar Retail,USD,Custom Basket,MAC9N8DSYA85TMVM,True
GSCB_FLAGSHIP,Other / Review,Broad / Cross-sector,,Europe,GSCMAZMH,GS Azimut Hedge,EUR,Custom Basket,MAC9P7GGKKT20KAF,True
GSCB_FLAGSHIP,Other / Review,Broad / Cross-sector,,Europe,GSXGPLAT,GS Platinum Miners,USD,Custom Basket,MAC9RZ1T50VR1M4J,True
GSCB_FLAGSHIP,Factor,Broad / Cross-sector,Momentum,Europe,GSXEUKMS,UK Reactive Low Momo,GBP,Custom Basket,MACB34TVYXFPTQ75,False
GSCB_FLAGSHIP,Other / Review,Broad / Cross-sector,,Americas,GSCBHFDH,Hi Flt Rt Debt Hedge,USD,Custom Basket,MACB8BN134KYRKDT,True
GSCB_FLAGSHIP,Other / Review,Broad / Cross-sector,,Europe,GSCMBNRH,GS Brenntag Hedge,EUR,Custom Basket,MACB8XS73ASYA16Z,True
GSCB_FLAGSHIP,Other / Review,Real Estate,,Americas,GSSIMDRE,Goldman Sachs Real Estate Management & Devel Sector Basket,USD,Custom Basket,MACBARG5HAJ74DPV,True
GSCB_FLAGSHIP,Other / Review,Utilities,,Europe,GSSBUTRE,EU Utilities Regulated,EUR,Research Basket,MACBEYNHRFYNP0FA,True
GSCB_FLAGSHIP,Theme,Broad / Cross-sector,China / Supply Chain,Asia,GSCBCEXH,GS China-H Exporters,HKD,Custom Basket,MACC7F3YQS2ABYE6,False
GSCB_FLAGSHIP,Other / Review,Energy,,Americas,GSENPERM,GS Energy Permian,USD,Custom Basket,MACCD3J5Y44RYY4E,True
GSCB_FLAGSHIP,Other / Review,Broad / Cross-sector,,Europe,GSCMEDPH,GS EDP Hedge,EUR,Custom Basket,MACCD3XQ57V8J47D,True
GSCB_FLAGSHIP,Other / Review,Broad / Cross-sector,,Europe,GSCMADID,GS Adidas Hedge,EUR,Custom Basket,MACCV4AX1WMVKW9T,True
GSCB_FLAGSHIP,Theme,TMT / Tech,AI,Americas,GSTMTAIL,GS AI Leaders,USD,Custom Basket,MACDM30KE29KJX16,False
GSCB_FLAGSHIP,Other / Review,Broad / Cross-sector,,Americas,GSXUMFBS,Low Market Sensitivity,USD,Custom Basket,MACEFN8XZWMVGC2K,True
GSCB_FLAGSHIP,Other / Review,Broad / Cross-sector,,Asia,GSJPEURP,GS Japan Europe Exposed,JPY,Research Basket,MACF8TNS7AZ739F2,True
GSCB_FLAGSHIP,Other / Review,Broad / Cross-sector,,Asia,GSXAAUBK,GS Australia Banks,AUD,Custom Basket,MACFHV9RKCXXD4Q7,True
GSCB_FLAGSHIP,Other / Review,Broad / Cross-sector,,Americas,GSXUCHDR,GS ADR Only,USD,Custom Basket,MACGJG368Z6D7Q28,True
GSCB_FLAGSHIP,Factor,Broad / Cross-sector,Growth,Asia,GSSZSTGR,Japan Stable Growth,JPY,Research Basket,MACGKHEA8D772A0X,False
GSCB_FLAGSHIP,Other / Review,Industrials,,Americas,GSIDLAGR,GS IND Agriculture,USD,Custom Basket,MACGWX511Y7TB2A8,True
GSCB_FLAGSHIP,Other / Review,Broad / Cross-sector,,Americas,GSXUREPS,Rep Policy Underperform,USD,Custom Basket,MACH1926W60MRHQ8,True
GSCB_FLAGSHIP,Sector Factor,Energy,Value,Americas,GSENEVLL,GS ENE US Value Long,USD,Custom Basket,MACHJAQFC46KG9DD,False
GSCB_FLAGSHIP,Factor,Broad / Cross-sector,Momentum,Asia,GSXAJBML,GS Japan Barra MOMO Long,JPY,Custom Basket,MACJ574VWMFKCT6X,False
GSCB_FLAGSHIP,Theme,Broad / Cross-sector,China / Supply Chain,Americas,GSXACFYP,GS China 15th FYP,USD,Custom Basket,MACJCS8FJ0KJW4FJ,False
GSCB_FLAGSHIP,Factor,Broad / Cross-sector,Beta,Asia,GSXAKR98,GS Korea Beta,KRW,Custom Basket,MACJD9DNZK3WDVCE,False
GSCB_FLAGSHIP,Factor,Broad / Cross-sector,Beta,Europe,GSXEMIBS,EU Rctv Low Midcap Beta,EUR,Custom Basket,MACJGPXD0Q0GT32E,False
GSCB_FLAGSHIP,Sector Factor,Consumer,Beta,Americas,GSCNBFBS,GS US Cons Beta Short,USD,Custom Basket,MACJTZHGFB4Z24EJ,False
GSCB_FLAGSHIP,Sector Factor,Health Care,Volatility,Americas,GSHCRSVL,GS US Health Care Residual Volatility,USD,Custom Basket,MACKX99PS81G6NMA,False
GSCB_FLAGSHIP,Other / Review,TMT / Tech,,Asia,GSJPCRTT,GS JP Critical Tech,JPY,Research Basket,MACM3YEYSE658E6T,True
GSCB_FLAGSHIP,Other / Review,Broad / Cross-sector,,Asia,GSXACHAL,GS HK with ADR,HKD,Custom Basket,MACMMYKX9C312N8N,True
GSCB_FLAGSHIP,Sector Factor,Consumer,Size,Americas,GSCNSIZE,GS US Consumer Size,USD,Custom Basket,MACNPN9T0BFTJXZQ,False
GSCB_FLAGSHIP,Other / Review,Broad / Cross-sector,,Americas,GSIPREVL,Revision Factor Long,USD,Research Basket,MACP2PRYXJY6G645,True
GSCB_FLAGSHIP,HF Positioning,Financials,VIP vs Short,Americas,GSPRVSFN,GS US Fins VIP vs Short,USD,Custom Basket,MACPG3FCFXD8XE7G,False
GSCB_FLAGSHIP,Other / Review,Broad / Cross-sector,,Europe,GSCMGEAH,GS Gea Group Hedge,EUR,Custom Basket,MACPGKXJBMY5F77J,True
GSCB_FLAGSHIP,Other / Review,Broad / Cross-sector,,Americas,GSIPROES,ROE Short,USD,Research Basket,MACPT2CMT20H71MC,True
GSCB_FLAGSHIP,Other / Review,Broad / Cross-sector,,Asia,GSXASTAR,GS STAR Board Basket,CNY,Custom Basket,MACQ0P0CVGJ8B4TV,True
GSCB_FLAGSHIP,Other / Review,Broad / Cross-sector,,Europe,GSXESTGS,GS EU Stagflation Short,EUR,Custom Basket,MACQ29D2V3XY3CN6,True
GSCB_FLAGSHIP,Other / Review,Broad / Cross-sector,,Europe,GSCMPIRH,GS Pirelli Spa Hedge,EUR,Custom Basket,MACQRVGBBACHXGTG,True
GSCB_FLAGSHIP,Other / Review,Broad / Cross-sector,,Europe,GSXEPEMU,GS EU Periph Europe Expo,EUR,Custom Basket,MACR7KWM0GGMFH38,True
GSCB_FLAGSHIP,Other / Review,Broad / Cross-sector,,Europe,GSSBMLIN,EU Multi-line,EUR,Research Basket,MACRJH12QT6A3A2C,True
GSCB_FLAGSHIP,Other / Review,Broad / Cross-sector,,Europe,GSCMESFP,GS Esso Hedge,EUR,Custom Basket,MACRS821YK00GMA2,True
GSCB_FLAGSHIP,Theme,Broad / Cross-sector,Labor / Wage,Americas,GSXUWAGH,GS Labor Hedge Basket,USD,Custom Basket,MACRXMGJ3SY5GJHN,False
GSCB_FLAGSHIP,Other / Review,Broad / Cross-sector,,Europe,GSCMRIHE,GS Pernod Ricard Hedge,EUR,Custom Basket,MACSPJ8JA9XCSX9V,True
GSCB_FLAGSHIP,Other / Review,Broad / Cross-sector,,Americas,GSCBM5XG,GS US Mag5 ex Google,USD,Custom Basket,MACT3M2WXMVBM83J,True
GSCB_FLAGSHIP,Other / Review,Broad / Cross-sector,,Americas,GSCBMNAT,GS US M&A Candidates,USD,Custom Basket,MACTR0FRVZSJ3324,True
GSCB_FLAGSHIP,Theme,Broad / Cross-sector,Balance Sheet Strength,Americas,GSXFBZSB,BZ Strong Balance Sheet,BRL,Custom Basket,MACTR33YZ25QW38P,False
GSCB_FLAGSHIP,Factor,Broad (US),Value,Americas,GSPUMFVA,GS US Axioma Value Pair,USD,Custom Basket,MACV8AP04C338NWK,False
GSCB_FLAGSHIP,Other / Review,Broad / Cross-sector,,Europe,GSXECLFF,GS EU Debt Rfncing Needs,EUR,Custom Basket,MACVKH7TQX8XQNGN,True
GSCB_FLAGSHIP,Theme,Broad / Cross-sector,Reopening / Reflation,Europe,GSSTRCOV,EU Recovery,EUR,Research Basket,MACWHAH2BAJ1YP4B,False
GSCB_FLAGSHIP,Factor,Broad / Cross-sector,Profitability,Europe,GSXEHPRW,EU Reactive Hi Profitabl,EUR,Custom Basket,MACWY87PPFRYQGWB,False
GSCB_FLAGSHIP,Other / Review,Broad / Cross-sector,,Europe,GSCMHSSE,GS SSE Hedge,GBP,Custom Basket,MACX8VQEXNEDCEK8,True
GSCB_FLAGSHIP,Other / Review,Broad / Cross-sector,,Americas,GSXUMFTL,GS Short-Term Hi Mo,USD,Custom Basket,MACX9GXRR4HJTK2Y,True
GSCB_FLAGSHIP,Other / Review,Broad / Cross-sector,,Global,GSPAJBLE,.GSPAJBLE,JPY,Custom Basket,MACYKF965WDC8TM3,True
GSCB_FLAGSHIP,Factor,Broad (US),Value,Americas,GSPUWVAL,Wolfe Value Pair,USD,Custom Basket,MACZ1DHB2NAB6RR0,False
GSCB_FLAGSHIP,Factor,Broad / Cross-sector,Value,Asia,GSXATVAL,GS Taiwan (HB) Value Lon,TWD,Custom Basket,MAD02K9VMV6M68RK,False
GSCB_FLAGSHIP,Other / Review,Broad / Cross-sector,,Americas,GSQICFXL,USD CNH Long,USD,Custom Basket,MAD03570PDWSJ0AV,True
GSCB_FLAGSHIP,Other / Review,Broad / Cross-sector,,Americas,GSXUFLOW,ECM Flow Hedge,USD,Custom Basket,MAD0AT4ADNDEQG68,True
GSCB_FLAGSHIP,Other / Review,Broad / Cross-sector,,Asia,GSXAKRSC,GS Korea Small Cap,KRW,Custom Basket,MAD0BW0GVNER0N45,True
GSCB_FLAGSHIP,Theme,Broad / Cross-sector,China / Supply Chain,Asia,GSCBC50N,GS China Basket,CNY,Custom Basket,MAD0GDA82ABXCKBG,False
GSCB_FLAGSHIP,Factor,Broad / Cross-sector,Profitability,Europe,GSXEBFPL,EU Pure Hi Profitability,EUR,Custom Basket,MAD0GQPCV0DSN1K5,False
GSCB_FLAGSHIP,Other / Review,Broad / Cross-sector,,Asia,GSCBIHKT,GS Custom HK Technology,HKD,Custom Basket,MAD0TMPK5RQ6ASAC,True
GSCB_FLAGSHIP,Other / Review,Broad / Cross-sector,,Europe,GSCMNESH,GS Nestle Hedge,CHF,Custom Basket,MAD12DR00W2XMP2M,True
GSCB_FLAGSHIP,HF Positioning,Materials,VIP vs Short,Americas,GSPRVSMA,GS US Mats VIP vs Short,USD,Custom Basket,MAD1K7QVX3KZWWQB,False
GSCB_FLAGSHIP,Factor,Broad / Cross-sector,Growth,Americas,GSTHDIVG,Dividend Growth (US),USD,Research Basket,MAD2A3CA3PMCRFGW,False
GSCB_FLAGSHIP,Other / Review,Broad / Cross-sector,,Europe,GSCBDFXC,GS EU Defensive ex Commo,EUR,Custom Basket,MAD2B2CP2D6HNC6C,True
GSCB_FLAGSHIP,Theme,Broad / Cross-sector,AI,Americas,GSXABOXM,Asia AI Bottle ex Memory,USD,Custom Basket,MAD2FVJT93GMD7NY,False
GSCB_FLAGSHIP,Other / Review,Broad / Cross-sector,,Europe,GSCMDUFR,GS Dufry Hedge,CHF,Custom Basket,MAD31E5FBHMS76E6,True
GSCB_FLAGSHIP,Other / Review,Energy,,Americas,GSENINTO,GS Energy Integrated Oil,USD,Custom Basket,MAD363NX26B3ZR1J,True
GSCB_FLAGSHIP,Sector Factor,Industrials,Crowding,Americas,GSINCRWD,GS US Industrial Crowding,USD,Custom Basket,MAD3G0459XXGFRPS,False
GSCB_FLAGSHIP,Other / Review,Broad / Cross-sector,,Asia,GSCBITWX,GS Taiwan Basket,TWD,Custom Basket,MAD3KXF53X7DFCBD,True
GSCB_FLAGSHIP,Other / Review,Broad / Cross-sector,,Asia,GSCBINFF,GS India Foreign Fav.,INR,Custom Basket,MAD3SQ1VHRBGS7HJ,True
GSCB_FLAGSHIP,Other / Review,Broad / Cross-sector,,Asia,GSCBTDIF,GS Taiwan High Divs Flow,TWD,Custom Basket,MAD3XM6ZA8G1ZZ90,True
GSCB_FLAGSHIP,Other / Review,Broad / Cross-sector,,Asia,GSCBTPSM,GS Custom JP Small Caps,JPY,Custom Basket,MAD40VTWT0D2BX8W,True
GSCB_FLAGSHIP,Other / Review,Broad / Cross-sector,,Asia,GSCBGAC1,Corp Gov & Def: Activist,JPY,Custom Basket,MAD536PFWYJ4Y6TC,True
GSCB_FLAGSHIP,Other / Review,Broad / Cross-sector,,Europe,GSCMSPMH,GS Saipem Hedge,EUR,Custom Basket,MAD5SCFR4X0GEQ96,True
GSCB_FLAGSHIP,Other / Review,Broad / Cross-sector,,Americas,GSKODIVD,GS US Div Yld EFMUSALTS,USD,Custom Basket,MAD63FHMSEWM6N45,True
GSCB_FLAGSHIP,Theme,TMT / Tech,AI,Asia,GSCBCAIT,GS China-A Tech AI Benef,CNH,Custom Basket,MAD654ZKA67E9631,False
GSCB_FLAGSHIP,Factor,Broad / Cross-sector,Value,Americas,GSIPVALS,Value Factor Short,USD,Research Basket,MAD69VQ116Y1H5JY,False
GSCB_FLAGSHIP,Theme,Broad / Cross-sector,China / Supply Chain,Asia,GSXACHLR,GS China H/ADR H-Line,HKD,Custom Basket,MAD6R4BKQZ6F7X5J,False
GSCB_FLAGSHIP,Theme,Broad / Cross-sector,Rates Sensitivity,Americas,GSTHUSTY,Interest Rate Sensitive,USD,Research Basket,MAD6Y6MVBW2XX29R,False
GSCB_FLAGSHIP,Theme,Broad / Cross-sector,China / Supply Chain,Asia,GSXAPEBY,GS China Pets & Babies,CNH,Custom Basket,MAD7J94MFG19WQD1,False
GSCB_FLAGSHIP,Theme,Broad / Cross-sector,Buybacks / Capital Return,Americas,GSCBNREP,Non-Buyback,USD,Custom Basket,MAD7ZXPQTYTE2FPE,False
GSCB_FLAGSHIP,Factor,Broad / Cross-sector,Momentum,Europe,GSXEMIML,EU Rctv Hi Midcap Momo,EUR,Custom Basket,MAD8BF79QWC1T9VX,False
GSCB_FLAGSHIP,Other / Review,Broad / Cross-sector,,Europe,GSCMITVH,GS Itv Hedge,GBP,Custom Basket,MAD8CEZ9A0Y9D3PD,True
GSCB_FLAGSHIP,Theme,Broad / Cross-sector,China / Supply Chain,Americas,GSXACLIG,GS China Little Giants,USD,Custom Basket,MAD9H8FM1HFYVR53,False
GSCB_FLAGSHIP,Other / Review,Broad / Cross-sector,,Asia,GSCBIJMR,GS Japan Mart.,JPY,Custom Basket,MADA7W0FJB30RYXR,True
GSCB_FLAGSHIP,Other / Review,Broad / Cross-sector,,Europe,GSCMWERH,GS Weir Hedge,GBP,Custom Basket,MADAM241WFKMH62K,True
GSCB_FLAGSHIP,Other / Review,Broad / Cross-sector,,Global,GSPAJPVO,GS Japan Volality,JPY,Custom Basket,MADBRMDCFFZ9JHP9,True
GSCB_FLAGSHIP,Other / Review,Consumer,,Europe,GSCBGECO,GS German Consumer Exp,EUR,Custom Basket,MADCQ5QYRZSJMD7W,True
GSCB_FLAGSHIP,Other / Review,Broad / Cross-sector,,Americas,GSSIWIRE,GS Tele-Comm Serv Basket,USD,Custom Basket,MADCTQG6J8B9DM8D,True
GSCB_FLAGSHIP,Theme,Broad / Cross-sector,China / Supply Chain,Americas,GSXACINV,GS China Anti Involution,USD,Custom Basket,MADD4NXWZ33NN9R0,False
GSCB_FLAGSHIP,Theme,Broad / Cross-sector,Rates Sensitivity,Americas,GSSZSDUR,APJ Short Duration,USD,Research Basket,MADDDTR81851ABVW,False
GSCB_FLAGSHIP,Theme,Broad / Cross-sector,Inflation / Pricing Power,Europe,GSCBWPPR,GS EU Weak Pricing Power,EUR,Custom Basket,MADE8KGC7AF3HMXP,False
GSCB_FLAGSHIP,Other / Review,Broad / Cross-sector,,Europe,GSSHBVIF,BVI FP Hedge,EUR,Custom Basket,MADENK5CC2W24PBR,True
GSCB_FLAGSHIP,Other / Review,Financials,,Americas,GSFINCRD,GS US Credit Cards,USD,Custom Basket,MADFA0MJT3QNEFPW,True
GSCB_FLAGSHIP,Other / Review,Broad / Cross-sector,,Asia,GSXAJESC,GS Japan Economic Sec.,JPY,Custom Basket,MADFDTK4A26XEEBH,True
GSCB_FLAGSHIP,Other / Review,Broad / Cross-sector,,Europe,GSXESXX1,GS EU Top 600 Excl 11,EUR,Custom Basket,MADFDV19T0P3Q6S0,True
GSCB_FLAGSHIP,Other / Review,Broad / Cross-sector,,Europe,GSSBBKDU,EU Banks - Domestic UK,GBP,Research Basket,MADFHCCPYGAGVJZ6,True
GSCB_FLAGSHIP,Other / Review,Broad / Cross-sector,,Europe,GSCBPIPE,GS Custom Basket,USD,Custom Basket,MADFM4CT81RE1TXK,True
GSCB_FLAGSHIP,Other / Review,Broad / Cross-sector,,Americas,GSXAAEXP,GS APAC US Exporters,USD,Custom Basket,MADGCJJ03HJABMRV,True
GSCB_FLAGSHIP,Other / Review,Broad / Cross-sector,,Europe,GSXEMADE,GS EU Made in USA,EUR,Custom Basket,MADGSG3HFWRHBF45,True
GSCB_FLAGSHIP,Other / Review,Broad / Cross-sector,,Europe,GSCMIVGI,GS Iveco Hedge,EUR,Custom Basket,MADGSWPCGHS740BG,True
GSCB_FLAGSHIP,Other / Review,Broad / Cross-sector,,Europe,GSCBLGST,GS EU Logistics Custom,EUR,Custom Basket,MADGZ7NHD5D3HXVS,True
GSCB_FLAGSHIP,Theme,TMT / Tech,Software,Americas,GSSIINSS,Goldman Sachs Internet Software & Services Sector Basket,USD,Custom Basket,MADH88VQ2TASWNWS,False
GSCB_FLAGSHIP,Other / Review,TMT / Tech,,Americas,GSTMTMED,GS Media Basket,USD,Custom Basket,MADHQ41VMYHGAGJB,True
GSCB_FLAGSHIP,Other / Review,Broad / Cross-sector,,Europe,GSCMBEIH,GS Beijer Ref Hedge,SEK,Custom Basket,MADHWFZCS7BF6QQC,True
GSCB_FLAGSHIP,Other / Review,Broad / Cross-sector,,Americas,GSXUWFOS,GS US Wolfe Lo Oil Price,USD,Custom Basket,MADJJAMV8XV3B10H,True
GSCB_FLAGSHIP,Sector Factor,Health Care,Value,Americas,GSHCBFVL,GS US HC Value Long,USD,Custom Basket,MADK091A684192HG,False
GSCB_FLAGSHIP,Other / Review,Broad / Cross-sector,,Americas,GSIDLARO,GS US Aerospace,USD,Custom Basket,MADK2H88APK98E81,True
GSCB_FLAGSHIP,Factor,Broad / Cross-sector,Profitability,Americas,GSXUWFPL,GS US Wolfe High Prof,USD,Custom Basket,MADKBKJS6KSP7MTM,False
GSCB_FLAGSHIP,Factor,Broad / Cross-sector,Quality,Americas,GSTHQUAL,High Quality Stock (US),USD,Research Basket,MADKPEMQ5SWDT77J,False
GSCB_FLAGSHIP,Other / Review,Broad / Cross-sector,,Americas,GSQIHYLS,US HY Credit Sprds Short,USD,Custom Basket,MADM2KKXCCV9FDM7,True
GSCB_FLAGSHIP,Other / Review,Broad / Cross-sector,,Europe,GSCBUKHB,GS UK Homebuilders,GBP,Custom Basket,MADM55853X19NY7V,True
GSCB_FLAGSHIP,Other / Review,Broad / Cross-sector,,Europe,GSCBHVHD,GS EU High Earn V & Debt,EUR,Custom Basket,MADM90CN7X7YM4HV,True
GSCB_FLAGSHIP,Other / Review,Financials,,Americas,GSSICFIN,Goldman Sachs Consumer Finance Sector Basket,USD,Custom Basket,MADM9A6N4GCD3K3V,True
GSCB_FLAGSHIP,Other / Review,Broad / Cross-sector,,Europe,GSCMHSUN,GS Sunrise Communi Hedge,CHF,Custom Basket,MADMB098GN5XJ06K,True
GSCB_FLAGSHIP,Theme,Broad / Cross-sector,Clean Energy / ESG,Americas,GSXARNEW,GS Asia Renewables,USD,Custom Basket,MADN3RQDX8B3NT6K,False
GSCB_FLAGSHIP,Theme,TMT / Tech,TMT,Americas,GSXUSAAS,GS TMT SaaS,USD,Custom Basket,MADN4F0F7G46KESB,False
GSCB_FLAGSHIP,Other / Review,Broad / Cross-sector,,Europe,GSXFCEBK,GS CEEMEA Banks,USD,Custom Basket,MADNDJR0Z75DD4Z0,True
GSCB_FLAGSHIP,Other / Review,Broad / Cross-sector,,Europe,GSXFCEDO,GS CEE Domestics,EUR,Custom Basket,MADNHP7R1PQWEB98,True
GSCB_FLAGSHIP,Sector Factor,Industrials,Value,Americas,GSINLVLS,GS INL US Value Short,USD,Custom Basket,MADNQPPERDB9496F,False
GSCB_FLAGSHIP,Other / Review,Broad / Cross-sector,,Europe,GSCBEIGE,GS EU IG Equities,EUR,Custom Basket,MADPMV82JV2BEMWJ,True
GSCB_FLAGSHIP,Other / Review,Broad / Cross-sector,,Americas,GSSZLSHR,APJ Low Sharpe Ratio,USD,Research Basket,MADPTS3JE2HF2Y8T,True
GSCB_FLAGSHIP,Other / Review,Broad / Cross-sector,,Europe,GSCMSIT1,GS EU Stalled Catalyst,EUR,Custom Basket,MADQFY1GPDQQ7P35,True
GSCB_FLAGSHIP,Factor,Broad / Cross-sector,Beta,Asia,GSXAHBDL,GS Hong Kong D Beta Long,HKD,Custom Basket,MADQTHDMZ2AAN2PY,False
GSCB_FLAGSHIP,Other / Review,Broad / Cross-sector,,Asia,GSCBTWXT,GS Custom TW ex TSMC,TWD,Custom Basket,MADRJ3EYM9FGRZ4G,True
GSCB_FLAGSHIP,Other / Review,Broad / Cross-sector,,Europe,GSCMTEMN,GS Temenos Hedge,CHF,Custom Basket,MADS2VVCEB246DS4,True
GSCB_FLAGSHIP,Other / Review,Broad / Cross-sector,,Europe,GSCBHIPR,GS EU Expensive High Mo,EUR,Custom Basket,MADSS37DPYD09BCC,True
GSCB_FLAGSHIP,Other / Review,Consumer,,Europe,GSXECCHM,GS EU Consumer Chemicals,EUR,Custom Basket,MADT6762WSKZRFTF,True
GSCB_FLAGSHIP,Other / Review,Broad / Cross-sector,,Global,GSPAJBGR,.GSPAJBGR,JPY,Custom Basket,MADV89KK1MBWVQAH,True
GSCB_FLAGSHIP,Other / Review,Broad / Cross-sector,,Europe,GSXFCEWB,GS CEEMEA Weak Bal She,USD,Custom Basket,MADW33K627851ZMW,True
GSCB_FLAGSHIP,Other / Review,Broad / Cross-sector,,Americas,GSXACHUM,GS Asia Humanoid Robots,USD,Custom Basket,MADW8CECQEW4C7GV,True
GSCB_FLAGSHIP,Other / Review,Financials,,Americas,GSFINCBP,GS Fins Cross Border Pay,USD,Custom Basket,MADWDSV506EM393J,True
GSCB_FLAGSHIP,Other / Review,Energy,,Americas,GSENEXPL,Exploration & Production,USD,Custom Basket,MADWHMXKEEBF590E,True
GSCB_FLAGSHIP,Other / Review,Broad / Cross-sector,,Asia,GSCBIJFB,GS Custom JP F&B,JPY,Custom Basket,MADWXSBH96E2CJEM,True
GSCB_FLAGSHIP,Theme,Broad / Cross-sector,China / Supply Chain,Asia,GSXACHCR,GS China Corp Reform,CNH,Custom Basket,MADX62XYGQWGKXFH,False
GSCB_FLAGSHIP,Other / Review,Broad / Cross-sector,,Americas,GSCBLINH,GS US Linde Hedge,USD,Custom Basket,MADXPRREG6XRV3Q0,True
GSCB_FLAGSHIP,Factor,Broad (US),Beta,Americas,GSPUBGBE,GS US GEMLT Beta Pair,USD,Custom Basket,MADY60QDSFRKF393,False
GSCB_FLAGSHIP,Other / Review,Real Estate,,Asia,GSCBJNCH,GS Non Core RE Hedge,JPY,Custom Basket,MADYRPE5W2JVAPAZ,True
GSCB_FLAGSHIP,Other / Review,Broad / Cross-sector,,Europe,GSCMCNHI,GS CNH Hedge,EUR,Custom Basket,MADZ003J1XBWZ9CD,True
GSCB_FLAGSHIP,Other / Review,Broad / Cross-sector,,Americas,GSXGOLDM,GS Global Gold Miners,USD,Custom Basket,MADZ96A1K00QD54P,True
GSCB_FLAGSHIP,Sector Factor,Financials,Volatility,Americas,GSFIBFRL,GS US Fin Res Vol Long,USD,Custom Basket,MADZD8WYS7RRAVTA,False
GSCB_FLAGSHIP,Theme,Broad / Cross-sector,China / Supply Chain,Americas,GSCBCTAR,GS Canada Tariff Risk,USD,Custom Basket,MAE0T6EVY60J6G72,False
GSCB_FLAGSHIP,Other / Review,Broad / Cross-sector,,Europe,GSCMTUIH,GS TUI Hedge,EUR,Custom Basket,MAE1252HHZMGTKFP,True
GSCB_FLAGSHIP,Other / Review,Broad / Cross-sector,,Europe,GSSBBKGL,EU Banks - Global Retail,EUR,Research Basket,MAE17N87PCW46072,True
GSCB_FLAGSHIP,Other / Review,Financials,,Asia,GSXATWFI,GS Taiwan Financials,TWD,Custom Basket,MAE2AJQ3FJX86M7Y,True
GSCB_FLAGSHIP,Other / Review,Broad / Cross-sector,,Americas,GSBRLSOE,GS BZ SOEs (USD),USD,Custom Basket,MAE2DYM9WYQGANW6,True
GSCB_FLAGSHIP,Other / Review,Broad / Cross-sector,,Asia,GSCBSZTA,GS SZ Small Caps,CNY,Custom Basket,MAE2FST9ZB97ZCVX,True
GSCB_FLAGSHIP,Other / Review,Broad / Cross-sector,,Americas,GSSZHSHR,APJ High Sharpe Ratio,USD,Research Basket,MAE2NATQC9H4KQ30,True
GSCB_FLAGSHIP,Theme,Broad / Cross-sector,China / Supply Chain,Americas,GSXACDAT,GS China Data Centers,USD,Custom Basket,MAE2SWE7A8SD57A8,False
GSCB_FLAGSHIP,Other / Review,Broad / Cross-sector,,Europe,GSXESNAP,GS EU Snap-Back,EUR,Custom Basket,MAE2TAB0B151GR34,True
GSCB_FLAGSHIP,Other / Review,Broad / Cross-sector,,Europe,GSXES899,GS EU Section 899,EUR,Custom Basket,MAE2XG7W3PCDQW3B,True
GSCB_FLAGSHIP,Factor,Broad / Cross-sector,Value,Asia,GSXAKVUP,GS Korea Value Up,KRW,Custom Basket,MAE2YY79662KQD0J,False
GSCB_FLAGSHIP,Factor,Broad / Cross-sector,Leverage,Asia,GSXAJBLS,GS JP Barra Leverage Sho,JPY,Custom Basket,MAE37P7W7PQQGEJQ,False
GSCB_FLAGSHIP,Other / Review,Broad / Cross-sector,,Europe,GSSBMINE,EU Basic Res. Mining,GBP,Research Basket,MAE3BAMHXYKQ4DKP,True
GSCB_FLAGSHIP,Other / Review,Broad / Cross-sector,,Americas,GSXUSPY7,Top 500 ex Mag 7,USD,Custom Basket,MAE3CW1VN0ZT4487,True
GSCB_FLAGSHIP,Sector Factor,TMT / Tech,Size,Americas,GSTMSIZE,GS US TMT Size,USD,Custom Basket,MAE3HPV3SZ26QWGX,False
GSCB_FLAGSHIP,Other / Review,Broad / Cross-sector,,Europe,GSXFCDOM,GS CEEMEA Domestics,USD,Custom Basket,MAE46350EV0METAA,True
GSCB_FLAGSHIP,Factor,Broad / Cross-sector,Momentum,Europe,GSXELMO1,EU 1M Momo (Losers),EUR,Custom Basket,MAE4T3FYAX86ATVE,False
GSCB_FLAGSHIP,Other / Review,Broad / Cross-sector,,Europe,GSCMNZYM,GS Novozymes Hedge,DKK,Custom Basket,MAE509G7WMNK1WBC,True
GSCB_FLAGSHIP,Other / Review,Broad / Cross-sector,,Europe,GSXEBFTS,EU Pure Low LT Reversal,EUR,Custom Basket,MAE5Y0ZA5TTSM27Y,True
GSCB_FLAGSHIP,Factor,Broad (US),Volatility,Americas,GSPURSVL,GS US Barra Res Vol Pair,USD,Custom Basket,MAE67MZ982F2JM01,False
GSCB_FLAGSHIP,Factor,Broad / Cross-sector,Momentum,Americas,GSXFBZMS,GS Brazil Momo Short,BRL,Custom Basket,MAE78HSYDXZZBFSZ,False
GSCB_FLAGSHIP,Factor,Broad / Cross-sector,Beta,Asia,GSXACBBL,GS China Barra Beta Long,CNH,Custom Basket,MAE7H9DT4TVZ56GY,False
GSCB_FLAGSHIP,Other / Review,Broad / Cross-sector,,Asia,GSCBKVUA,Korea ValueUp & Activist,KRW,Custom Basket,MAE7XQZKBWCED24C,True
GSCB_FLAGSHIP,Other / Review,Broad / Cross-sector,,Americas,GSXFBEX7,IBOV ex top 7 weights,USD,Custom Basket,MAE8BWYZY1NJKSDF,True
GSCB_FLAGSHIP,Other / Review,Broad / Cross-sector,,Europe,GSCMENEL,GS Enel Hedge,EUR,Custom Basket,MAE8Y3JCGEB7EVAN,True
GSCB_FLAGSHIP,Factor,Broad / Cross-sector,Momentum,Americas,GSXULMO3,US 3M Momentum Short,USD,Custom Basket,MAEA2291H21EEVRB,False
GSCB_FLAGSHIP,Other / Review,Broad / Cross-sector,,Americas,GSTHMFUW,Mutual Fund UW (US),USD,Research Basket,MAEA607NHT4Z8CSY,True
GSCB_FLAGSHIP,Other / Review,Broad / Cross-sector,,Europe,GSXECYCL,GS EU Cyclicals,EUR,Custom Basket,MAEAFKDAE2ZZWW7M,True
GSCB_FLAGSHIP,Other / Review,Energy,,Americas,GSENLAND,GS Energy Land Drilling,USD,Custom Basket,MAEAFZ5F5QJ4S8BH,True
GSCB_FLAGSHIP,Other / Review,Broad / Cross-sector,,Americas,GSXACHAU,GS CH A/H - A Line USD,USD,Custom Basket,MAEANRJMSFP757F4,True
GSCB_FLAGSHIP,Other / Review,Broad / Cross-sector,,Europe,GSCMVIVU,GS Global Vivendi Hedge,EUR,Custom Basket,MAEBQ0A69D0RNP8Y,True
GSCB_FLAGSHIP,Other / Review,Broad / Cross-sector,,Europe,GSXEEXPO,GS EU Global Exporters,EUR,Custom Basket,MAEC2A6MWGGSTZEB,True
GSCB_FLAGSHIP,HF Positioning,Energy,VIP vs Short,Americas,GSPRVSEN,GS US En VIP vs Short,USD,Custom Basket,MAEC8HCJDWNKH5V0,False
GSCB_FLAGSHIP,Other / Review,Broad / Cross-sector,,Americas,GSXUMETL,GS Metals Basket,USD,Custom Basket,MAECN9GBXW76X85B,True
GSCB_FLAGSHIP,Other / Review,Broad / Cross-sector,,Americas,GSSBGDEF,Global Defensives,USD,Research Basket,MAECZHTZHC2V5416,True
GSCB_FLAGSHIP,Factor,Broad / Cross-sector,Value,Asia,GSXAMFVS,GS Japan Value Short,JPY,Custom Basket,MAEDG227E79B1RSE,False
GSCB_FLAGSHIP,Other / Review,Broad / Cross-sector,,Europe,GSCMIWGH,GS IWG LN Hedge,GBP,Custom Basket,MAEDKA1VNTK541YA,True
GSCB_FLAGSHIP,Other / Review,Broad / Cross-sector,,Americas,GSCBIGEQ,Investment Grade,USD,Custom Basket,MAEE1PETH9H42R03,True
GSCB_FLAGSHIP,Other / Review,Broad / Cross-sector,,Europe,GSXELOIL,EU Lo Oil Price Sensitiv,EUR,Custom Basket,MAEE7NNG75X37FFA,True
GSCB_FLAGSHIP,Other / Review,Broad / Cross-sector,,Europe,GSXEQUIP,GS EU Power Equipment,EUR,Custom Basket,MAEEJYYH6BKKZY84,True
GSCB_FLAGSHIP,Other / Review,Broad / Cross-sector,,Americas,GSSICSTF,Goldman Sachs Construction/Farm Machinery Sector Basket,USD,Custom Basket,MAEETBHRT510PVXQ,True
GSCB_FLAGSHIP,Sector Factor,TMT / Tech,Momentum,Americas,GSTMTMOL,GS TMT US Momentum Long,USD,Custom Basket,MAEEZ0M0NGY3Q3QJ,False
GSCB_FLAGSHIP,Other / Review,Broad / Cross-sector,,Asia,GSXAKGRH,GS Korea Greatest Hits,KRW,Custom Basket,MAEF390V5WZK4YK7,True
GSCB_FLAGSHIP,Other / Review,Broad / Cross-sector,,Americas,GSCBEVNT,GS Events Hedge,USD,Custom Basket,MAEF9PJ1RHHG541V,True
GSCB_FLAGSHIP,Other / Review,Broad / Cross-sector,,Europe,GSXESXXX,GS Europe ex Secular,EUR,Custom Basket,MAEFC8ZKRKZ98QEW,True
GSCB_FLAGSHIP,Other / Review,Broad / Cross-sector,,Global,GSPAJBMO,.GSPAJBMO,JPY,Custom Basket,MAEFVMRE40CR2FHH,True
GSCB_FLAGSHIP,Factor,Broad / Cross-sector,Quality,Asia,GSXAJQSM,GS Japan Quality SMID,JPY,Custom Basket,MAEG4QHZMBMHG5K0,False
GSCB_FLAGSHIP,Other / Review,Broad / Cross-sector,,Europe,GSCMTRAH,GS Traton Hedge,EUR,Custom Basket,MAEG5A2KQ2PBTPX0,True
GSCB_FLAGSHIP,Other / Review,Broad / Cross-sector,,Europe,GSXESTAB,GS EU Eco Stability,EUR,Custom Basket,MAEG8WY6KQ2B1XDG,True
GSCB_FLAGSHIP,Other / Review,Broad (US),,Americas,GSPUSCGC,GS US Serv vs Goods PMI,USD,Custom Basket,MAEGAXCATBNV1M3K,True
GSCB_FLAGSHIP,Other / Review,Broad / Cross-sector,,Americas,GSQICFXS,USD CNH Short,USD,Custom Basket,MAEHCD0TPHTXH9F2,True
GSCB_FLAGSHIP,Other / Review,Broad / Cross-sector,,Europe,GSCBHDWL,GS Dowlais Hedge,GBP,Custom Basket,MAEHGZBFYXSDJ610,True
GSCB_FLAGSHIP,Factor,Broad / Cross-sector,Beta,Europe,GSXELMOM,EU High Beta Momnt Short,EUR,Custom Basket,MAEHRFNVBEY5DC7G,False
GSCB_FLAGSHIP,Other / Review,Broad / Cross-sector,,Europe,GSXEFCFH,GS EU High FCF,EUR,Custom Basket,MAEJ7JDA99X36H13,True
GSCB_FLAGSHIP,Sector Factor,Financials,Beta,Americas,GSFIBFBL,GS US Fin Beta Long,USD,Custom Basket,MAEJDREKFE7YW72F,False
GSCB_FLAGSHIP,Factor,Broad / Cross-sector,Value,Asia,GSXAJBVL,GS JP Barra Value Long,JPY,Custom Basket,MAEJKJKEC5MZ4F0N,False
GSCB_FLAGSHIP,Other / Review,Broad / Cross-sector,,Europe,GSCBAGRG,GS Global Agriculture,USD,Custom Basket,MAEJMQZSAMDBH362,True
GSCB_FLAGSHIP,Other / Review,Broad / Cross-sector,,Europe,GSXGWATR,GS Global Water,USD,Custom Basket,MAEJPK6240EPX559,True
GSCB_FLAGSHIP,Other / Review,Broad / Cross-sector,,Europe,GSCMBPTH,GS Bridgepoint Hedge,GBP,Custom Basket,MAEJVSC1VY64ZM5T,True
GSCB_FLAGSHIP,Factor,Broad / Cross-sector,Dividend / Yield,Americas,GSXUMFES,US Earnings Yield Short,USD,Custom Basket,MAEKEZSTWX4HKRNQ,False
GSCB_FLAGSHIP,Other / Review,Broad / Cross-sector,,Europe,GSCMQLTH,GS Quilter Hedge,GBP,Custom Basket,MAEKPBSSCNCC87RS,True
GSCB_FLAGSHIP,Factor,Broad (US),Liquidity,Americas,GSPUMFLP,GS US Axioma Liquidity,USD,Custom Basket,MAEM4VZNS3AF20XN,False
GSCB_FLAGSHIP,Other / Review,Financials,,Americas,GSFIBFPL,GS US Fin Profit Long,USD,Custom Basket,MAEMF1AB8MEYB6PA,True
GSCB_FLAGSHIP,Other / Review,Broad / Cross-sector,,Asia,GSXAJPAF,GS Japan Affiliates,JPY,Custom Basket,MAEMR6Q23GBNCY5A,True
GSCB_FLAGSHIP,Other / Review,Broad / Cross-sector,,Asia,GSXAMFKL,GS Japan Mkt Sensitivity,JPY,Custom Basket,MAEMZGG8SBNVB9ZN,True
GSCB_FLAGSHIP,Other / Review,Broad / Cross-sector,,Americas,GSXAAPSL,GS Asia Apple Sup Chain,USD,Custom Basket,MAEN3E4TEBHTJV6A,True
GSCB_FLAGSHIP,Other / Review,Broad / Cross-sector,,Europe,GSXEHOIL,EU Hi Oil Price Sensitiv,EUR,Custom Basket,MAEP375AANHQG3FP,True
GSCB_FLAGSHIP,Other / Review,Consumer,,Americas,GSCNSDBT,GS Consumer High Levered,USD,Custom Basket,MAEPCKTRWHZVVH9A,True
GSCB_FLAGSHIP,Other / Review,Broad / Cross-sector,,Europe,GSCMCEYH,GS Centamin Hedge,GBP,Custom Basket,MAEPQQ722PSSD1N8,True
GSCB_FLAGSHIP,Other / Review,Telecom / Comm Svcs,,Americas,GSXUCOMS,GS US Communications,USD,Custom Basket,MAEQEJ49WJEAJX49,True
GSCB_FLAGSHIP,Other / Review,Consumer,,Europe,GSXEUKLO,GS UK Low Inc Consumer,GBP,Custom Basket,MAEQH0GRFY71C51J,True
GSCB_FLAGSHIP,Other / Review,Broad / Cross-sector,,Europe,GSCBQ1WI,GS Custom Winners Basket,EUR,Custom Basket,MAEQPK6K5C0SVK2G,True
GSCB_FLAGSHIP,Factor,Broad / Cross-sector,Growth,Americas,GSIPEBIL,EBITDA Growth Long,USD,Research Basket,MAEQXC64Q03SEYT0,False
GSCB_FLAGSHIP,Other / Review,Broad / Cross-sector,,Americas,GSIPEVFS,EV / FCF Short,USD,Research Basket,MAER3AS8PBWVWDHH,True
GSCB_FLAGSHIP,Other / Review,Broad / Cross-sector,,Europe,GSCMDPWH,GS Deutsche Post Hedge,EUR,Custom Basket,MAERBXMRY9GXCCJQ,True
GSCB_FLAGSHIP,Other / Review,Broad / Cross-sector,,Europe,GSXEMCPX,GS EU Mining CAPEX,EUR,Custom Basket,MAERGVFETW5TPQAV,True
GSCB_FLAGSHIP,Other / Review,Broad / Cross-sector,,Asia,GSXAMFWL,GS Japan Vol Long,JPY,Custom Basket,MAERQ8MX6DBXXNZN,True
GSCB_FLAGSHIP,Other / Review,Broad / Cross-sector,,Europe,GSCMSESG,GS SESG FP Hedge,EUR,Custom Basket,MAES6C17WF50RSSM,True
GSCB_FLAGSHIP,Other / Review,Broad / Cross-sector,,Americas,GSSBDCYC,Domestic Cyclicals,USD,Research Basket,MAES6Q0HCPBXCN64,True
GSCB_FLAGSHIP,Other / Review,Broad / Cross-sector,,Europe,GSCBMO06,GS Test Basket (TEST),USD,Custom Basket,MAESD3KTF9GDD7EX,True
GSCB_FLAGSHIP,Other / Review,Broad / Cross-sector,,Europe,GSXEINSR,GS EU P&C & Reinsurance,EUR,Custom Basket,MAETHKRGY0M1J94K,True
GSCB_FLAGSHIP,Theme,Broad / Cross-sector,China / Supply Chain,Asia,GSXAHMCH,GS China-H Basket,HKD,Custom Basket,MAEV00YKK0DFTTXE,False
GSCB_FLAGSHIP,Other / Review,Broad / Cross-sector,,Europe,GSCMPSTH,GS Poste Italiane Hedge,EUR,Custom Basket,MAEVKJJ1VNEZNNK4,True
GSCB_FLAGSHIP,Theme,Broad / Cross-sector,Reopening / Reflation,Americas,GSXACREF,GS China Reflation,USD,Custom Basket,MAEVSAA3JDJA2HXZ,False
GSCB_FLAGSHIP,Other / Review,Broad / Cross-sector,,Europe,GSCMAKZH,GS Akzo Nobel Hedge,EUR,Custom Basket,MAEVZD60FZM0KANH,True
GSCB_FLAGSHIP,Other / Review,Broad / Cross-sector,,Asia,GSXAJSUB,GS Japan Subsidiaries,JPY,Custom Basket,MAEWDZ7H6HW9EV6R,True
GSCB_FLAGSHIP,Sector Factor,TMT / Tech,Momentum,Americas,GSTMMOMO,GS US TMT Momentum,USD,Custom Basket,MAEWJ7SNPJJMB1T0,False
GSCB_FLAGSHIP,Other / Review,Broad / Cross-sector,,Americas,GSXUPORT,GS Cargo Transportation,USD,Custom Basket,MAEWS0ABZ6KHATM1,True
GSCB_FLAGSHIP,Other / Review,Broad / Cross-sector,,Europe,GSSBMEDT,EU Medical Technology,EUR,Research Basket,MAEWXRRR311MKE72,True
GSCB_FLAGSHIP,Other / Review,Broad / Cross-sector,,Europe,GSXELASM,GS Low Analyst Sent,EUR,Custom Basket,MAEWYBPQH52KHY2X,True
GSCB_FLAGSHIP,Other / Review,Broad / Cross-sector,,Europe,GSCBCHXC,GS EU Cycl Chems ex COV,EUR,Custom Basket,MAEWYFJT68NMCE53,True
GSCB_FLAGSHIP,Factor,Broad / Cross-sector,Momentum,Europe,GSXELMZA,GS South Africa Low Momo,ZAR,Custom Basket,MAEX27EVA77TRXC4,False
GSCB_FLAGSHIP,Factor,Broad / Cross-sector,Momentum,Asia,GSXAHKMS,GS Hong Kong Momo Short,HKD,Custom Basket,MAEX6SFHF1CK4KSP,False
GSCB_FLAGSHIP,Theme,Broad / Cross-sector,China / Supply Chain,Asia,GSCBJCHE,Japan China Expo ex FA,JPY,Custom Basket,MAEX8H52QT0HBHWA,False
GSCB_FLAGSHIP,Factor,Broad (US),Cyclicals vs Defensives,Americas,GSPUCYDE,GS Cyclicals vs Defens,USD,Custom Basket,MAEXSW9VD6GT02A5,False
GSCB_FLAGSHIP,Theme,Broad / Cross-sector,China / Supply Chain,Americas,GSXACEVM,GS China EV Manufacturer,USD,Custom Basket,MAEXXK8SK51QQWHJ,False
GSCB_FLAGSHIP,Theme,Broad / Cross-sector,Balance Sheet Strength,Americas,GSXFBZWB,BZ Weak Balance Sheet,BRL,Custom Basket,MAEY3GR978DK2D15,False
GSCB_FLAGSHIP,Other / Review,Broad / Cross-sector,,Europe,GSCBEUFD,GS EU Food Delivery,EUR,Custom Basket,MAEYH4FBFBSSJ3CA,True
GSCB_FLAGSHIP,Other / Review,Materials,,Europe,GSSBBUIL,EU Building Materials,EUR,Research Basket,MAEZ7TEC0R14D57V,True
GSCB_FLAGSHIP,Other / Review,Broad / Cross-sector,,Americas,GSXUEDEF,GS Expensive Defensives,USD,Custom Basket,MAEZJAGHBDEH6C40,True
GSCB_FLAGSHIP,Other / Review,Broad / Cross-sector,,Europe,GSCMOCDL,GS Ocado Hedge,GBP,Custom Basket,MAF0R8C112BRDPDG,True
GSCB_FLAGSHIP,Sector Factor,Consumer,Volatility,Americas,GSCNBFRS,GS US Cons Res Vol Short,USD,Custom Basket,MAF0VRZTT99A1MSX,False
GSCB_FLAGSHIP,Sector Factor,Industrials,Momentum,Europe,GSXEBMLI,EU Industrials Momo Long,EUR,Custom Basket,MAF0ZWMJ0NJFZ95W,False
GSCB_FLAGSHIP,Sector Factor,Consumer,Value,Americas,GSCNDVLL,GS CND US Value Long,USD,Custom Basket,MAF102GGT1FFXP9Z,False
GSCB_FLAGSHIP,Other / Review,Broad / Cross-sector,,Europe,GSCMPHNX,GS Phoenix Hedge,GBP,Custom Basket,MAF11SJ98HMJHF6Q,True
GSCB_FLAGSHIP,Other / Review,Energy,,Americas,GSENEPOW,GS Power Up America,USD,Custom Basket,MAF1701E17G167B0,True
GSCB_FLAGSHIP,Other / Review,Broad / Cross-sector,,Europe,GSCBREEU,GS EU REITs,EUR,Custom Basket,MAF1H8AKXTK4VNKW,True
GSCB_FLAGSHIP,Other / Review,TMT / Tech,,Global,GSXAATEC,GS Australia Tech,AUD,Custom Basket,MAF1Y9Z7AWP0M52W,True
GSCB_FLAGSHIP,Sector Factor,Industrials,Growth,Americas,GSINGRWT,GS US Industrial Growth,USD,Custom Basket,MAF1YR8YTFWGD9M0,False
GSCB_FLAGSHIP,Other / Review,Broad / Cross-sector,,Europe,GSSTINTL,EU Intl Exposure,EUR,Research Basket,MAF24FEP2PEQ3EB2,True
GSCB_FLAGSHIP,Theme,Energy,Clean Energy / ESG,Europe,GSXERNEW,GS EU Renewable Energy,EUR,Custom Basket,MAF2W15XSZ2RQ0MG,False
GSCB_FLAGSHIP,Other / Review,Broad / Cross-sector,,Americas,GSIPPBRS,Price / Book Short,USD,Research Basket,MAF3AWNFRAR95H1W,True
GSCB_FLAGSHIP,Other / Review,Broad / Cross-sector,,Asia,GSCBJKOH,GS,JPY,Custom Basket,MAF3H6RE86JXDZDE,True
GSCB_FLAGSHIP,Other / Review,Broad / Cross-sector,,Americas,GSXGDRON,GS Global Drones,USD,Custom Basket,MAF44ERJ7E15P9HH,True
GSCB_FLAGSHIP,Theme,Broad / Cross-sector,China / Supply Chain,Asia,GSXACSPA,GS China Comm. Space,CNH,Custom Basket,MAF4CJJ24YHSQ9J6,False
GSCB_FLAGSHIP,Theme,Broad / Cross-sector,China / Supply Chain,Americas,GSXACELE,GS China Electrif Export,USD,Custom Basket,MAF4MWFZ15V6B34V,False
GSCB_FLAGSHIP,Factor,Broad / Cross-sector,Growth,Europe,GSCBMIGL,EU Midcap Growth Long,EUR,Custom Basket,MAF4XVMVRZF7G40D,False
GSCB_FLAGSHIP,Other / Review,Broad / Cross-sector,,Americas,GSHLCIMU,GS Autoimmune/Inflam.,USD,Custom Basket,MAF5C2AFRS9P282K,True
GSCB_FLAGSHIP,HF Positioning,Industrials,VIP vs Short,Americas,GSPRVSIN,GS US Ind VIP vs Short,USD,Custom Basket,MAF5FRQW7ZZEGG24,False
GSCB_FLAGSHIP,Other / Review,Broad / Cross-sector,,Europe,GSCMGLEG,GS Global Glencore Hedge,GBP,Custom Basket,MAF5N3MW3WASNT8E,True
GSCB_FLAGSHIP,Sector Factor,Financials,Growth,Americas,GSFIBFGL,GS US Fin Growth Long,USD,Custom Basket,MAF5WRHGVM1H248Z,False
GSCB_FLAGSHIP,Factor,Broad / Cross-sector,Size,Europe,GSXEMISL,EU Rctv Lrge Midcap Size,EUR,Custom Basket,MAF68CQCGXPDBRJF,False
GSCB_FLAGSHIP,Other / Review,Broad / Cross-sector,,Asia,GSCBJDE1,GS JP Defense Hedge - HM,JPY,Custom Basket,MAF70MVG1V729226,True
GSCB_FLAGSHIP,Other / Review,Broad / Cross-sector,,Europe,GSCMEMBR,GS Embracer Hedge,SEK,Custom Basket,MAF70Z3Z3QD92TMX,True
GSCB_FLAGSHIP,Other / Review,Broad / Cross-sector,,Europe,GSCMCSGN,GS Credit Suisse Hedge,CHF,Custom Basket,MAF75JBZCKH5616E,True
GSCB_FLAGSHIP,Other / Review,Health Care,,Americas,GSHLCITD,GS HC IT & Dig Disrupt.,USD,Custom Basket,MAF7FS3N0MYHAQ5P,True
GSCB_FLAGSHIP,Other / Review,TMT / Tech,,Europe,GSXGCLTK,GS Global Clean Tech,USD,Custom Basket,MAF7T3BRC3D2DS3P,True
GSCB_FLAGSHIP,Other / Review,Broad / Cross-sector,,Americas,GSXULEND,GS Lending Sensitive,USD,Custom Basket,MAF89YJDWZDCTWGG,True
GSCB_FLAGSHIP,Sector Factor,Financials,Leverage,Americas,GSFILEVG,GS US Financials Leverage,USD,Custom Basket,MAF8AD7TCYJAZHEQ,False
GSCB_FLAGSHIP,Other / Review,Broad / Cross-sector,,Europe,GSCMSBMO,GS SBM Offshore Hedge,EUR,Custom Basket,MAF8AMGN4XWT0TR1,True
GSCB_FLAGSHIP,Other / Review,Broad / Cross-sector,,Global,GSPAJBEQ,.GSPAJBEQ,JPY,Custom Basket,MAF8PEDG80W2CKB6,True
GSCB_FLAGSHIP,Other / Review,Broad / Cross-sector,,Americas,GSSZAIHW,GS Asia AIGC Hardware,USD,Research Basket,MAF8X0FERJMD4QR1,True
GSCB_FLAGSHIP,Other / Review,Financials,,Asia,GSXAJFXS,GS Japan Fins X-Sharehol,JPY,Custom Basket,MAF95SESV3MX6P2A,True
GSCB_FLAGSHIP,Other / Review,Broad / Cross-sector,,Europe,GSCBIROR,GS Global Iron Ore,USD,Custom Basket,MAF9FXJPYZ7NCPN8,True
GSCB_FLAGSHIP,Other / Review,Broad (US),,Americas,GSPUDEMP,.GSPUDEMP,USD,Custom Basket,MAF9TFTQDGJAE46M,True
GSCB_FLAGSHIP,Other / Review,Broad / Cross-sector,,Europe,GSCMSBRY,GS J Sainsbury Hedge,GBP,Custom Basket,MAF9Y6P33Q65CB4G,True
GSCB_FLAGSHIP,Theme,Energy,HF / Positioning Theme,Americas,GSCBHVEN,HF VIP Energy,USD,Custom Basket,MAFA45EYASK7GREM,False
GSCB_FLAGSHIP,Other / Review,Broad / Cross-sector,,Europe,GSSBMEAD,EU Media - Advertising,EUR,Research Basket,MAFAPECQA6FVS3T7,True
GSCB_FLAGSHIP,Factor,Broad / Cross-sector,Value,Europe,GSCBMIVS,EU Midcap Value Short,EUR,Custom Basket,MAFARTTBP8142PHT,False
GSCB_FLAGSHIP,Other / Review,Broad / Cross-sector,,Americas,GSCBCYDP,GS US Depressed Cyclical,USD,Custom Basket,MAFAT15DB2RVZG7B,True
GSCB_FLAGSHIP,Other / Review,Consumer,,Americas,GSXUMIDC,GS Mid Income Consumer,USD,Custom Basket,MAFBD5FF5GS25KSQ,True
GSCB_FLAGSHIP,Theme,Broad / Cross-sector,China / Supply Chain,Asia,GSCBCGP2,GS China GARP,CNH,Custom Basket,MAFCESQVD2S1XDM2,False
GSCB_FLAGSHIP,Other / Review,Broad / Cross-sector,,Asia,GSXAKLPB,GS Korea Low PBR,KRW,Custom Basket,MAFD3GB8JB25QJT2,True
GSCB_FLAGSHIP,Other / Review,Broad / Cross-sector,,Americas,GSTHSTGR,Stable Growers,USD,Research Basket,MAFDFDKQRVTPRZHD,True
GSCB_FLAGSHIP,Other / Review,Broad / Cross-sector,,Asia,GSCBJPDR,GS Japan Domestic Recov.,JPY,Custom Basket,MAFDMQTVZGSBGM1N,True
GSCB_FLAGSHIP,Other / Review,Broad / Cross-sector,,Europe,GSXFCEGO,GS CEEMEA Go Outside,USD,Custom Basket,MAFDW58F9RN3VZX5,True
GSCB_FLAGSHIP,Other / Review,Broad / Cross-sector,,Asia,GSCBIJRT,GS Custom JP Retail,JPY,Custom Basket,MAFEBRSSR6YBF349,True
GSCB_FLAGSHIP,Other / Review,Broad / Cross-sector,,Europe,GSXEINFS,GS EU Infrastructure,EUR,Custom Basket,MAFEH2CPPGXSX5SX,True
GSCB_FLAGSHIP,Theme,Financials,Rates Sensitivity,Americas,GSXURATE,GS Rate Sensitive Fins,USD,Custom Basket,MAFF6G41Q3AB10PS,False
GSCB_FLAGSHIP,Other / Review,Broad / Cross-sector,,Americas,GSSBDOMS,Domestic,USD,Research Basket,MAFFSZTH2SHYE102,True
GSCB_FLAGSHIP,Other / Review,Broad / Cross-sector,,Europe,GSCMASKH,GS Asker Hedge,EUR,Custom Basket,MAFFY8X4MD6TW01B,True
GSCB_FLAGSHIP,Other / Review,Broad / Cross-sector,,Europe,GSCMBAVH,GS Bavarian Hedge,DKK,Custom Basket,MAFG0K451F3KX94B,True
GSCB_FLAGSHIP,Other / Review,Broad / Cross-sector,,Americas,GSXAPEWS,GS APEJC Volatilty Short,USD,Custom Basket,MAFGCE1TZJM25F5G,True
GSCB_FLAGSHIP,Other / Review,Broad / Cross-sector,,Americas,GSXGAERO,GS Global Aerospace,USD,Custom Basket,MAFGDHM5J2KS5BT4,True
GSCB_FLAGSHIP,Factor,Broad / Cross-sector,Value,Americas,GSRPEVUP,GS RP Equity Value US Long/Short,USD,Custom Basket,MAFGKPPVEDFGS7RE,False
GSCB_FLAGSHIP,HF Positioning,HF Positioning,VIP vs Short,Americas,GSPRSQ45,.GSPRSQ45,USD,Custom Basket,MAFGVKF2YAQNEAS4,False
GSCB_FLAGSHIP,Theme,Broad / Cross-sector,China / Supply Chain,Americas,GSXACRMS,GS China Strong RMB,USD,Custom Basket,MAFHM9A9E7QS02K8,False
GSCB_FLAGSHIP,Theme,Broad / Cross-sector,China / Supply Chain,Americas,GSXACFIS,GS China Fiscal Stimulus,USD,Custom Basket,MAFJ4D7YQNWQJFRW,False
GSCB_FLAGSHIP,Other / Review,Broad / Cross-sector,,Europe,GSCMSHLH,GS Siemens Health Hedge,EUR,Custom Basket,MAFJQGX690PEJW4R,True
GSCB_FLAGSHIP,Other / Review,Broad / Cross-sector,,Europe,GSXFCEOG,GS CEEMEA Oil & Gas,USD,Custom Basket,MAFJZ7VQV1XKGJ2H,True
GSCB_FLAGSHIP,Other / Review,Broad / Cross-sector,,Americas,GSTHSHRP,High Sharpe Ratio (US),USD,Research Basket,MAFK2M33FBW1Q38N,True
GSCB_FLAGSHIP,Other / Review,Broad / Cross-sector,,Europe,GSCMVIEF,GS Veolia Hedge,EUR,Custom Basket,MAFKFX2248DGVKFP,True
GSCB_FLAGSHIP,Factor,Broad (US),Value,Americas,GSPUVALU,GS US Barra Value Pair,USD,Custom Basket,MAFKX61YEQY136FA,False
GSCB_FLAGSHIP,Other / Review,Broad / Cross-sector,,Europe,GSXELATM,GS EU LatAm Exposed,EUR,Custom Basket,MAFMA6MQHST56QBS,True
GSCB_FLAGSHIP,Theme,Broad / Cross-sector,HF / Positioning Theme,Americas,GSSZAVIP,"GS Asia ""VIP""",USD,Research Basket,MAFMBY4AJJM8X9GC,False
GSCB_FLAGSHIP,Other / Review,Broad / Cross-sector,,Europe,GSCMRXLH,GS Rexel Hedge,EUR,Custom Basket,MAFMKEE5N7Z7VMBS,True
GSCB_FLAGSHIP,Other / Review,Broad / Cross-sector,,Americas,GSCBBZEN,Brazil Domestics,BRL,Custom Basket,MAFP6JHSE9J1FEPQ,True
GSCB_FLAGSHIP,Other / Review,Broad / Cross-sector,,Americas,GSXGROKS,Global Rocket Supplies,USD,Custom Basket,MAFPGXJQDPRBDS86,True
GSCB_FLAGSHIP,Other / Review,Broad / Cross-sector,,Americas,GSXAHYDE,GS Asia Hydrogen,USD,Custom Basket,MAFPQ5A8V53G19WB,True
GSCB_FLAGSHIP,Factor,Broad / Cross-sector,Value,Europe,GSXEMFVS,EU Pure Expensive Value,EUR,Custom Basket,MAFPTRXXN9RC6BQ2,False
GSCB_FLAGSHIP,Other / Review,Broad / Cross-sector,,Europe,GSXEDEDO,GS German Domestics,EUR,Custom Basket,MAFQ0GXBFRSTF51M,True
GSCB_FLAGSHIP,Factor,Broad / Cross-sector,Quality,Europe,GSXEBFNL,High Earnings Quality,EUR,Custom Basket,MAFQ0NH3139AG0KK,False
GSCB_FLAGSHIP,Other / Review,Broad / Cross-sector,,Asia,GSXAIDEF,GS India Defense,INR,Custom Basket,MAFQT7MBVR58MMPX,True
GSCB_FLAGSHIP,Factor,Broad / Cross-sector,Momentum,Americas,GSXUBFMS,GS US Barra Lo Momentum,USD,Custom Basket,MAFRMDA59GCZA9M1,False
GSCB_FLAGSHIP,Factor,Broad / Cross-sector,Quality,Americas,GSXUBFQL,GS US High Quality,USD,Custom Basket,MAFS7DJ4FWZFBK2M,False
GSCB_FLAGSHIP,Other / Review,Broad / Cross-sector,,Americas,GSHLCLCB,GS Large Cap BioTech,USD,Custom Basket,MAFSB702ZC4BG6T3,True
GSCB_FLAGSHIP,Theme,Broad / Cross-sector,Healthcare Innovation,Europe,GSCMZEAL,GS Zealand Pharma Hedge,DKK,Custom Basket,MAFT2RTP57JCVP5F,False
GSCB_FLAGSHIP,Other / Review,Broad / Cross-sector,,Americas,GSCMEQHB,GS Flagship EQT Hedge,USD,Custom Basket,MAFVMS024XPD1GQ2,True
GSCB_FLAGSHIP,Factor,Broad / Cross-sector,Growth,Americas,GSXUMFGL,GS US Growth Long,USD,Custom Basket,MAFVT69KCQQRNSCZ,False
GSCB_FLAGSHIP,Theme,Broad / Cross-sector,China / Supply Chain,Asia,GSXACSHQ,GS China Small High Q.,CNH,Custom Basket,MAFVTGT3AR4WQ6GX,False
GSCB_FLAGSHIP,Other / Review,Broad / Cross-sector,,Asia,GSXAHKEV,GS Hong Kong EVs,HKD,Custom Basket,MAFW18QQFEAYC2W1,True
GSCB_FLAGSHIP,Factor,Broad / Cross-sector,Leverage,Americas,GSXUBFLS,GS US Barra Lo Leverage,USD,Custom Basket,MAFW7TZWWHA3W7CQ,False
GSCB_FLAGSHIP,Other / Review,Broad / Cross-sector,,Europe,GSCMRKTB,GS Reckitt Benckiser Hed,GBP,Custom Basket,MAFW9V43HR2430PS,True
GSCB_FLAGSHIP,Other / Review,Broad / Cross-sector,,Europe,GSCMPUBH,GS Publicis Groupe Hedge,EUR,Custom Basket,MAFWD0NZEZZW3N59,True
GSCB_FLAGSHIP,Theme,Broad (US),Rates Sensitivity,Americas,GSPUDURA,GS Duration Pair,USD,Custom Basket,MAFWMDZP4A23WD9S,False
GSCB_FLAGSHIP,Other / Review,Financials,,Americas,GSSIFEXD,Goldman Sachs Financial Exchanges & Data Sector Basket,USD,Custom Basket,MAFWVDADBTTGJ94G,True
GSCB_FLAGSHIP,Other / Review,Broad / Cross-sector,,Asia,GSXASKSQ,GS Korea SQ,KRW,Custom Basket,MAFWXSNXPNSPJ1CS,True
GSCB_FLAGSHIP,Other / Review,Broad / Cross-sector,,Americas,GSXUGRID,GS US Grid Revamp,USD,Custom Basket,MAFXKB57067E84H0,True
GSCB_FLAGSHIP,Theme,Broad / Cross-sector,Balance Sheet Strength,Europe,GSSTWBAL,EU Weak Balance Sheet,EUR,Research Basket,MAFXKH4XY69TJGEK,False
GSCB_FLAGSHIP,Other / Review,Broad / Cross-sector,,Americas,GSP24DEM,.GSP24DEM,USD,Custom Basket,MAFXS71VNFX37FPJ,True
GSCB_FLAGSHIP,Sector Factor,TMT / Tech,Value,Americas,GSTMBFVL,GS US TMT Value Long,USD,Custom Basket,MAFYAJPBRJ73G4C0,False
GSCB_FLAGSHIP,Factor,Broad / Cross-sector,Quality,Europe,GSXEBFNS,EU Low Earnings Quality,EUR,Custom Basket,MAFYBEP0BZ2TJT8Q,False
GSCB_FLAGSHIP,Other / Review,Broad / Cross-sector,,Europe,GSCMBION,GS BB Biotech Hedge,CHF,Custom Basket,MAFYJR07TNB532M8,True
GSCB_FLAGSHIP,Other / Review,Broad / Cross-sector,,Americas,GSXUELCV,GS US Electric Vehicles,USD,Custom Basket,MAFYMXW1CS37AJ7M,True
GSCB_FLAGSHIP,Other / Review,Broad / Cross-sector,,Americas,GSCBROBH,GS APAC Robots Hedge,USD,Custom Basket,MAFYREYVKRV74AD9,True
GSCB_FLAGSHIP,Other / Review,Broad / Cross-sector,,Asia,GSXAJCRR,GS Japan Critical Resour,JPY,Custom Basket,MAFZ09EEQ4TAFR3F,True
GSCB_FLAGSHIP,Sector Factor,Industrials,Size,Americas,GSINBFZL,GS US INL Size Long,USD,Custom Basket,MAFZTPFWACESWJAK,False
GSCB_FLAGSHIP,Other / Review,TMT / Tech,,Asia,GSXAJITS,GS Japan IT Serv.,JPY,Custom Basket,MAG08BFENB1JJM6A,True
GSCB_FLAGSHIP,Other / Review,Materials,,Asia,GSXATWMT,GS Taiwan Materials,TWD,Custom Basket,MAG09K084B8PRPCY,True
GSCB_FLAGSHIP,Theme,TMT / Tech,Software,Americas,GSTMTSMI,GS US SMid-Cap Software,USD,Custom Basket,MAG0VXJC9SS4RWZ8,False
GSCB_FLAGSHIP,Other / Review,Broad / Cross-sector,,Europe,GSCMVISH,GS Visma Global Hedge,USD,Custom Basket,MAG0W8Z5M7F0H1DT,True
GSCB_FLAGSHIP,Factor,Broad / Cross-sector,Quality,Americas,GSXUCOMP,GS Quality Compounders,USD,Custom Basket,MAG0X9WANFWJR4AV,False
GSCB_FLAGSHIP,Other / Review,Broad / Cross-sector,,Asia,GSXAKRPW,GS Korea Policy Winners,KRW,Custom Basket,MAG0YMSPZ9R3NJ1Q,True
GSCB_FLAGSHIP,Other / Review,Broad / Cross-sector,,Asia,GSCBKPOP,GS Korea Entertainment,KRW,Custom Basket,MAG1JFY195MV0XDR,True
GSCB_FLAGSHIP,Other / Review,Broad / Cross-sector,,Europe,GSCMTPKH,GS Travis Perkins Hedge,GBP,Custom Basket,MAG1KFNRW2D4XN2E,True
GSCB_FLAGSHIP,Factor,Broad / Cross-sector,Value,Asia,GSXAJPIP,GS Japan IP Value Unlock,JPY,Custom Basket,MAG1V56JH2YWEBCA,False
GSCB_FLAGSHIP,Other / Review,Broad / Cross-sector,,Americas,GSXUNDEF,GS US New Defense,USD,Custom Basket,MAG2E4KX7MHNT20J,True
GSCB_FLAGSHIP,Other / Review,Broad / Cross-sector,,Americas,GSXGNUCL,GS Global Uranium/Nucl.,USD,Custom Basket,MAG2F8HR4Q1PV11D,True
GSCB_FLAGSHIP,Other / Review,Broad / Cross-sector,,Europe,GSXERETH,GS EU Non-Food Retail HL,EUR,Custom Basket,MAG2NFWXW37611C4,True
GSCB_FLAGSHIP,Other / Review,Broad / Cross-sector,,Americas,GSXUTECH,GS US Technology,USD,Custom Basket,MAG3DP0ZVVT9N0FS,True
GSCB_FLAGSHIP,Other / Review,Broad / Cross-sector,,Asia,GSCBIJLT,GS Custom JP Land Transp,JPY,Custom Basket,MAG3HJ9DZV7ZGYSY,True
GSCB_FLAGSHIP,Other / Review,Broad / Cross-sector,,Europe,GSCBALUX,GS EU Auto Luxury,EUR,Custom Basket,MAG4D2ATJ6YDAJF6,True
GSCB_FLAGSHIP,Theme,Broad / Cross-sector,China / Supply Chain,Americas,GSXUCSUP,China Supply Chain,USD,Custom Basket,MAG4RM16C4BYB50M,False
GSCB_FLAGSHIP,Factor,Broad / Cross-sector,Dividend / Yield,Europe,GSSTDIVY,EU High Dividend Yield,EUR,Research Basket,MAG55W3BA5ZAHHZQ,False
GSCB_FLAGSHIP,Other / Review,Health Care,,Americas,GSHLCELE,GS HC Utilization,USD,Custom Basket,MAG5QGBS5H8FXE54,True
GSCB_FLAGSHIP,Other / Review,Broad / Cross-sector,,Asia,GSDESKYN,GS DESK CNY NTR,CNY,Custom Basket,MAG5QQER8EP00PCB,True
GSCB_FLAGSHIP,Other / Review,Broad / Cross-sector,,Europe,GSCBHYB1,GS EU High DY Banks,EUR,Custom Basket,MAG5W4GGGEQCRQBV,True
GSCB_FLAGSHIP,Other / Review,Broad / Cross-sector,,Europe,GSCMPPCH,GS PPC GA Hedge,EUR,Custom Basket,MAG5WQGAGP97WTF4,True
GSCB_FLAGSHIP,Other / Review,Broad / Cross-sector,,Americas,GSXUIPPS,GS US IPPs,USD,Custom Basket,MAG5YV9RCS5HZ7GA,True
GSCB_FLAGSHIP,Other / Review,Broad / Cross-sector,,Europe,GSCBNFRA,GS EU Infrastructure,EUR,Custom Basket,MAG63V1YVSP5XRS6,True
GSCB_FLAGSHIP,Other / Review,Financials,,Americas,GSXUCFIN,GS Canada Financials,USD,Custom Basket,MAG64MEP07TX6K4J,True
GSCB_FLAGSHIP,Factor,Broad / Cross-sector,Size,Americas,GSXUBAZS,GS US Low Size,USD,Custom Basket,MAG654ERV1FH33NQ,False
GSCB_FLAGSHIP,Sector Factor,TMT / Tech,Volatility,Americas,GSTMBFRS,GS US TMT Res Vol Short,USD,Custom Basket,MAG67MAE3S11XKE5,False
GSCB_FLAGSHIP,Other / Review,Broad / Cross-sector,,Americas,GSTHWEUR,Western Europe Sales,USD,Research Basket,MAG6ATTJC04A16S2,True
GSCB_FLAGSHIP,Other / Review,Broad / Cross-sector,,Americas,GSXFMXDE,GS MX Defensives (USD),USD,Custom Basket,MAG6BKWNJYPHJ9ZA,True
GSCB_FLAGSHIP,Other / Review,Health Care,,Americas,GSSIHCRT,Goldman Sachs Health Care REITs Sector Basket,USD,Custom Basket,MAG7JKRA7N8XN0HM,True
GSCB_FLAGSHIP,Other / Review,Broad / Cross-sector,,Europe,GSCBHYDE,GS Global Hydrogen,EUR,Custom Basket,MAG8FHRXNRDMTBTZ,True
GSCB_FLAGSHIP,Other / Review,Broad / Cross-sector,,Europe,GSCMHOHE,GS Thales Hedge,EUR,Custom Basket,MAG8GKJ0PWS8B554,True
GSCB_FLAGSHIP,Other / Review,Consumer,,Americas,GSSIDCON,Goldman Sachs Diversified Consumer Services Sector Basket,USD,Custom Basket,MAG8W9AV2VGCX2QB,True
GSCB_FLAGSHIP,Other / Review,Broad / Cross-sector,,Europe,GSXGCOPP,GS Global Copper Exposed,USD,Custom Basket,MAG8ZN3H77J2F1Y8,True
GSCB_FLAGSHIP,Other / Review,Broad / Cross-sector,,Asia,GSXAHSXI,GS HK ex Internet,HKD,Custom Basket,MAGA475YM7YKKC2K,True
GSCB_FLAGSHIP,Other / Review,Broad / Cross-sector,,Asia,GSXAJLAH,GS Japan Capital Light,JPY,Custom Basket,MAGA9VDMJS11K6QC,True
GSCB_FLAGSHIP,Factor,Broad / Cross-sector,Value,Asia,GSXACBVS,GS China Barra Value Sho,CNH,Custom Basket,MAGADAHSXEN5RRJG,False
GSCB_FLAGSHIP,Other / Review,Broad / Cross-sector,,Americas,GSSIOILP,Goldman Sachs Oil & Gas Exploration & Production Sector Basket,USD,Custom Basket,MAGAZ7W5X8BQ4DZD,True
GSCB_FLAGSHIP,Factor,Broad / Cross-sector,Volatility,Americas,GSXUWRVS,GS US Wolfe Low Res Vol,USD,Custom Basket,MAGBP7JR3GG88CV5,False
GSCB_FLAGSHIP,Sector Factor,Industrials,Growth,Americas,GSINBFGL,GS US INL Growth Long,USD,Custom Basket,MAGCA74VS7SFAM2C,False
GSCB_FLAGSHIP,Sector Factor,Industrials,Leverage,Americas,GSINLEVG,GS US Industrial Leverage,USD,Custom Basket,MAGCAXD2WZQEMB0F,False
GSCB_FLAGSHIP,Factor,Broad / Cross-sector,Quality,Americas,GSXACHLQ,GS China Low Quality,USD,Custom Basket,MAGCY6C18EF9WZX0,False
GSCB_FLAGSHIP,Factor,Broad / Cross-sector,Momentum,Europe,GSRPEMEP,GS RP Equity Momentum EU Long/Short,EUR,Custom Basket,MAGD5ACRMHKEJKGP,False
GSCB_FLAGSHIP,Factor,Broad (US),Dividend / Yield,Americas,GSPUMFEY,GS US Axioma Ern Yield,USD,Custom Basket,MAGD7KEX9AF063AP,False
GSCB_FLAGSHIP,Other / Review,Broad / Cross-sector,,Europe,GSCMCWRH,GS Ceres Power Hedge,EUR,Custom Basket,MAGDAHBF7PN6XV6V,True
GSCB_FLAGSHIP,Sector Factor,Consumer,Beta,Americas,GSCNBFBL,GS US Consumer Beta Long,USD,Custom Basket,MAGDP1F4CZRC73FD,False
GSCB_FLAGSHIP,Other / Review,Broad / Cross-sector,,Europe,GSCMISPH,GS Intesa Sanpaolo Hedge,EUR,Custom Basket,MAGE9CCZYYECFA5H,True
GSCB_FLAGSHIP,Other / Review,Broad / Cross-sector,,Europe,GSCMBNPH,GS BNP Hedge,EUR,Custom Basket,MAGEAXH824DG307M,True
GSCB_FLAGSHIP,Other / Review,Broad / Cross-sector,,Europe,GSXGCUMA,GS Copper M&A,GBP,Custom Basket,MAGECQH5TYZ02RR3,True
GSCB_FLAGSHIP,Other / Review,Health Care,,Asia,GSXAJPHC,GS Japan Healthcare,JPY,Custom Basket,MAGEEQYBVKVR429G,True
GSCB_FLAGSHIP,Other / Review,Broad / Cross-sector,,Europe,GSSTCEMU,EU Core Domestic Exposed,EUR,Research Basket,MAGEJ5G70NC877PE,True
GSCB_FLAGSHIP,Other / Review,Broad / Cross-sector,,Europe,GSXEUKLS,GS UK Stagflation Long,GBP,Custom Basket,MAGFC3MYN4BJG2P0,True
GSCB_FLAGSHIP,Factor,Broad / Cross-sector,Leverage,Europe,GSXEBFFS,EU Pure Low Leverage,EUR,Custom Basket,MAGG51NM4V9QJ1TB,False
GSCB_FLAGSHIP,Factor,Broad / Cross-sector,Quality,Americas,GSXUBFAL,GS US High Mgmt Quality,USD,Custom Basket,MAGGXTGPEAMCZASC,False
GSCB_FLAGSHIP,Theme,Broad / Cross-sector,AI,Americas,GSXUAGNT,GS US Agentic AI,USD,Custom Basket,MAGGZWR53625JMQ1,False
GSCB_FLAGSHIP,Other / Review,Consumer,,Americas,GSXAPREV,GS AxJ Cons Revision Win,USD,Custom Basket,MAGHHK6EH81STPJR,True
GSCB_FLAGSHIP,Sector Factor,Consumer,Crowding,Americas,GSCNWFCS,GS US Cons Low Crowding,USD,Custom Basket,MAGHN9034W690W31,False
GSCB_FLAGSHIP,Other / Review,Broad / Cross-sector,,Americas,GSSIECOM,Goldman Sachs Electronic Components Sector Basket,USD,Custom Basket,MAGJ78X8EJPQ9KKK,True
GSCB_FLAGSHIP,Other / Review,Broad / Cross-sector,,Asia,GSCBJTXT,GS JP Transport ex Toyot,JPY,Custom Basket,MAGK0FAKMKS89XSC,True
GSCB_FLAGSHIP,Theme,Broad / Cross-sector,AI,Americas,GSCBCAIB,GS China AI Bottlenecks,USD,Custom Basket,MAGK3W5P7B6VG42W,False
GSCB_FLAGSHIP,Other / Review,Broad / Cross-sector,,Europe,GSXEITMC,GS Italian Mid Caps,EUR,Custom Basket,MAGK5KBM9FTZ9ZH5,True
GSCB_FLAGSHIP,Other / Review,Broad / Cross-sector,,Asia,GSXAIHBM,GS India Home Building M,INR,Custom Basket,MAGKQG5RJNS3JRTK,True
GSCB_FLAGSHIP,Other / Review,Broad / Cross-sector,,Europe,GSXE4TO3,GS Mobile Consolidation,EUR,Custom Basket,MAGMJMP5259GNGK4,True
GSCB_FLAGSHIP,Other / Review,Broad / Cross-sector,,Americas,GSHLCLST,GS LS Tools & Diagnostic,USD,Custom Basket,MAGMN50KNJYWQ0K6,True
GSCB_FLAGSHIP,Other / Review,Broad / Cross-sector,,Europe,GSCMSAPH,GS SAP Hedge (Liquid),EUR,Custom Basket,MAGMZXWQWQRPQ4PH,True
GSCB_FLAGSHIP,Theme,Broad / Cross-sector,Clean Energy / ESG,Europe,GSXUESGF,US ESG Favorites,USD,Custom Basket,MAGN4ARF92S59ETM,False
GSCB_FLAGSHIP,Other / Review,Broad / Cross-sector,,Asia,GSCBINRF,GS India Retail Favs,INR,Custom Basket,MAGN5MKM8T3SV82F,True
GSCB_FLAGSHIP,Other / Review,Broad / Cross-sector,,Europe,GSXETAXO,GS EU Taxonomy,EUR,Custom Basket,MAGP6FRCP6CKNWFK,True
GSCB_FLAGSHIP,Theme,Broad / Cross-sector,China / Supply Chain,Americas,GSXAC5YP,GS China 14th 5Year Plan,USD,Custom Basket,MAGP7WNPCMN5MJWQ,False
GSCB_FLAGSHIP,Other / Review,Broad / Cross-sector,,Americas,GSTHINTL,International Sales,USD,Research Basket,MAGPFN0VMAMPD22K,True
GSCB_FLAGSHIP,Other / Review,Broad / Cross-sector,,Europe,GSCMGRFH,GS Grifols Global Hedge,EUR,Custom Basket,MAGQDJQY5QQXWF4N,True
GSCB_FLAGSHIP,Other / Review,Consumer,,Americas,GSXUSERV,GS US Consumer Services,USD,Custom Basket,MAGQT5C2J79TJNGP,True
GSCB_FLAGSHIP,Other / Review,Broad / Cross-sector,,Europe,GSCMFERG,GS Ferguson Enterp Hedge,GBP,Custom Basket,MAGQYABW0FTNJNX2,True
GSCB_FLAGSHIP,Other / Review,TMT / Tech,,Europe,GSCMEXAH,GS Exail Tech Hedge,EUR,Custom Basket,MAGR1DYRBTFY0N4Z,True
GSCB_FLAGSHIP,Factor,Broad / Cross-sector,Value,Europe,GSRPEVEP,GS RP Equity Value EU Long/Short,EUR,Custom Basket,MAGR9XMV0EF6HNM1,False
GSCB_FLAGSHIP,Factor,Broad / Cross-sector,Quality,Americas,GSCBCSOQ,GS China Quality SOEs,USD,Custom Basket,MAGRE8ABGPVDPJW0,False
GSCB_FLAGSHIP,Other / Review,Real Estate,,Europe,GSSBREIN,EU Re-Insurance,EUR,Research Basket,MAGRV82Y5HSQY0XQ,True
GSCB_FLAGSHIP,Theme,Broad / Cross-sector,China / Supply Chain,Asia,GSC1000N,GS China Net Basket,CNY,Custom Basket,MAGSPRRGHACEVVRC,False
GSCB_FLAGSHIP,Other / Review,Broad / Cross-sector,,Americas,GSXURFND,GS US Tax Refund Benefit,USD,Custom Basket,MAGV3E55E1RGQTA2,True
GSCB_FLAGSHIP,Factor,Broad / Cross-sector,Volatility,Americas,GSXUBARS,GS US Barra Low Res Vol,USD,Custom Basket,MAGV9C1VN7QPPS13,False
GSCB_FLAGSHIP,Factor,Broad / Cross-sector,Size,Asia,GSXACBSL,GS China Barra Size Long,CNH,Custom Basket,MAGVGBB1SMW1CK2T,False
GSCB_FLAGSHIP,Other / Review,Health Care,,Americas,GSSIHCSV,Goldman Sachs Health Care Services Sector Basket,USD,Custom Basket,MAGWHYVVMBCR73VG,True
GSCB_FLAGSHIP,Theme,TMT / Tech,Software,Americas,GSCBSFSB,GS Software Small Bus.,USD,Custom Basket,MAGWSF69PT2TTYCJ,False
GSCB_FLAGSHIP,Factor,Broad / Cross-sector,Leverage,Americas,GSTHOPHI,High Operating Leverage,USD,Research Basket,MAGWXF9TR3X218GJ,False
GSCB_FLAGSHIP,Theme,Real Estate,China / Supply Chain,Asia,GSXACHRE,GS China-H Real Estate,HKD,Custom Basket,MAGWZSZX8SMS185C,False
GSCB_FLAGSHIP,Other / Review,Broad / Cross-sector,,Europe,GSGLFINP,GS Global Fintech Paymnt,USD,Custom Basket,MAGX5QPRPA9KXTDH,True
GSCB_FLAGSHIP,Other / Review,Broad / Cross-sector,,Europe,GSCMRELH,GS Relx Hedge,GBP,Custom Basket,MAGX91P0P57BMV2R,True
GSCB_FLAGSHIP,Other / Review,Broad / Cross-sector,,Europe,GSWDCYCL,Global Cyclicals,USD,Research Basket,MAGXYAPYQ2452P1D,True
GSCB_FLAGSHIP,Other / Review,Energy,,Asia,GSXAENSC,GS Korea Energy Security,KRW,Custom Basket,MAGY50V0JX21HQFP,True
GSCB_FLAGSHIP,Sector Factor,Industrials,Volatility,Americas,GSINBFRL,GS US INL Res Vol Long,USD,Custom Basket,MAGY8KR8EHBGRCCE,False
GSCB_FLAGSHIP,Other / Review,Broad / Cross-sector,,Europe,GSXFCEWU,GS CEEMEA Weak USD Wners,USD,Custom Basket,MAGYZQTKXBRRT6YH,True
GSCB_FLAGSHIP,Theme,Broad / Cross-sector,AI,Americas,GSXFEMAI,GS EM AI Ecosystem,USD,Custom Basket,MAGZ0YMSX5ZC57H6,False
GSCB_FLAGSHIP,Other / Review,Broad / Cross-sector,,Americas,GSHLCANH,GS Animal Health,USD,Custom Basket,MAH09PE5PSS51QH9,True
GSCB_FLAGSHIP,Other / Review,Broad / Cross-sector,,Americas,GSXUBIOP,GS US Bioprocessing,USD,Custom Basket,MAH0N08A4NTSAYHT,True
GSCB_FLAGSHIP,Other / Review,Broad / Cross-sector,,Americas,GSCBMF24,GS MF Tax Loss 2024,USD,Custom Basket,MAH0S09XKFDSRNE7,True
GSCB_FLAGSHIP,Other / Review,Consumer,,Asia,GSXAJPDR,GS Japan Domestic Cons,JPY,Custom Basket,MAH0XHD2FPDPA85Y,True
GSCB_FLAGSHIP,Other / Review,Broad / Cross-sector,,Europe,GSCMSNRH,GS Senior Hedge,GBP,Custom Basket,MAH0ZEE0MBKB9T08,True
GSCB_FLAGSHIP,Sector Factor,Industrials,Leverage,Americas,GSINBFLL,GS US INL Leverage Long,USD,Custom Basket,MAH10A3B9JE6X03H,False
GSCB_FLAGSHIP,Other / Review,Broad / Cross-sector,,Americas,GSXUMFBL,High Market Sensitivity,USD,Custom Basket,MAH1D4X225X9J9AA,True
GSCB_FLAGSHIP,Other / Review,Real Estate,,Americas,GSFINNYR,US Fins NYC REIT,USD,Custom Basket,MAH1FKYZBX5FH4ZZ,True
GSCB_FLAGSHIP,Other / Review,Broad / Cross-sector,,Americas,GSXUWFRL,GS US Wolfe Hi IR Rates,USD,Custom Basket,MAH1JKNJXE36PR66,True
GSCB_FLAGSHIP,Other / Review,Broad / Cross-sector,,Europe,GSXEHNSM,GS EU High News Sent,EUR,Custom Basket,MAH1KPX9SNNMYRNT,True
GSCB_FLAGSHIP,Other / Review,Broad / Cross-sector,,Americas,GSIPCROL,CROCI Long,USD,Research Basket,MAH2MKGY3QHHKJ0W,True
GSCB_FLAGSHIP,Factor,Broad / Cross-sector,Profitability,Americas,GSXUBFPL,GS US Barra High Prof,USD,Custom Basket,MAH2VRS88VHFS9W5,False
GSCB_FLAGSHIP,Factor,Broad / Cross-sector,Growth,Americas,GSIPEPSL,EPS Growth Long,USD,Research Basket,MAH2WQFS9AJ3AJNM,False
GSCB_FLAGSHIP,Other / Review,Broad / Cross-sector,,Europe,GSXEHISI,GS EU High SI 1,EUR,Custom Basket,MAH2Z7FX3605NEX5,True
GSCB_FLAGSHIP,Factor,Broad / Cross-sector,Profitability,Americas,GSCBNPR2,Low Profitability R2K,USD,Custom Basket,MAH3604P2KNF7Z6W,False
GSCB_FLAGSHIP,Other / Review,Broad / Cross-sector,,Europe,GSSBFORE,EU Food Retail,EUR,Research Basket,MAH3DNT8ARBV05JY,True
GSCB_FLAGSHIP,Other / Review,Broad / Cross-sector,,Asia,GSXATXTS,GS Taiwan ex TSMC,TWD,Custom Basket,MAH3NSCCRQXNN81P,True
GSCB_FLAGSHIP,Sector Factor,Consumer,Volatility,Americas,GSCNRSVL,GS US Consumer Residual Volatility,USD,Custom Basket,MAH45VEMVN1D9YQ3,False
GSCB_FLAGSHIP,Other / Review,Broad / Cross-sector,,Europe,GSCBDFNC,GS Custom EU Defense,EUR,Custom Basket,MAH4JMR4A6ATS8GF,True
GSCB_FLAGSHIP,Other / Review,Broad / Cross-sector,,Europe,GSXGYMWR,GS Global Sportswear,USD,Custom Basket,MAH4KKYJ98CYYR0E,True
GSCB_FLAGSHIP,Other / Review,Broad / Cross-sector,,Europe,GSCMPORS,GS Porsche Hedge,EUR,Custom Basket,MAH5KVGP3WQT1JP2,True
GSCB_FLAGSHIP,Factor,Broad / Cross-sector,Growth,Americas,GSIPSALL,Sales Growth Long,USD,Research Basket,MAH5QQCTGYMM518E,False
GSCB_FLAGSHIP,Other / Review,Broad / Cross-sector,,Americas,GSCMNVDA,Flagship NVDA Hedge,USD,Custom Basket,MAH5S9T7YZDETY3H,True
GSCB_FLAGSHIP,Other / Review,Broad / Cross-sector,,Europe,GSXEWOMN,GS EU Womenomics,EUR,Custom Basket,MAH60Z5K8Q720JJ5,True
GSCB_FLAGSHIP,Other / Review,Broad / Cross-sector,,Asia,GSXASKHY,GS Korea HY,KRW,Custom Basket,MAH685GAE5W3E22K,True
GSCB_FLAGSHIP,Other / Review,Broad / Cross-sector,,Europe,GSCMBESI,GS BESI NA Hedge,EUR,Custom Basket,MAH6C1ZS4C2F59Y8,True
GSCB_FLAGSHIP,Factor,Broad (US),Size,Americas,GSPUMFSI,GS US Axioma Size Pair,USD,Custom Basket,MAH6HHDJF0K7ZDR5,False
GSCB_FLAGSHIP,Other / Review,Broad / Cross-sector,,Americas,GSXUGDOM,GS US Golden Dome,USD,Custom Basket,MAH7Z3EXPCXCE474,True
GSCB_FLAGSHIP,Other / Review,Broad / Cross-sector,,Europe,GSXGRARE,GS Global Rare Earths,USD,Custom Basket,MAH83C7HG0A0R2XV,True
GSCB_FLAGSHIP,Other / Review,Broad / Cross-sector,,Europe,GSCMAMVH,GS Aumovio Hedge,EUR,Custom Basket,MAH8XP3WHKNWP4CH,True
GSCB_FLAGSHIP,Factor,Broad / Cross-sector,Volatility,Americas,GSXURVXL,GS US High Res Vol Ex AI,USD,Custom Basket,MAH90NV4AWZWJG1H,False
GSCB_FLAGSHIP,Factor,Broad / Cross-sector,Size,Americas,GSXAPESL,GS APeJC Size Long,USD,Custom Basket,MAH9SQH0ZHWTPBE6,False
GSCB_FLAGSHIP,Other / Review,Broad / Cross-sector,,Americas,GSCMAIGH,Flagship AIG Hedge,USD,Custom Basket,MAHA0DFDYZBFP48C,True
GSCB_FLAGSHIP,Other / Review,Broad / Cross-sector,,Europe,GSTEDP14,depdoot test pair 14,EUR,Custom Basket,MAHA1BGSS8STNR38,True
GSCB_FLAGSHIP,Other / Review,Broad / Cross-sector,,Europe,GSCMUTDH,GS United Internet Hedge,EUR,Custom Basket,MAHA4NBY64DBV6B3,True
GSCB_FLAGSHIP,Other / Review,Broad / Cross-sector,,Europe,GSXEMEEX,GS EU Middle East Exp,EUR,Custom Basket,MAHAKX38TK6TWYYS,True
GSCB_FLAGSHIP,Theme,Broad / Cross-sector,Inflation / Pricing Power,Americas,GSXUFOOL,GS Food Inflation Losers,USD,Custom Basket,MAHAMQ598JX5CJMC,False
GSCB_FLAGSHIP,Other / Review,Broad / Cross-sector,,Europe,GSCMHGLD,GS Galderma Hedge,CHF,Custom Basket,MAHBT3T3QDJFGJX0,True
GSCB_FLAGSHIP,Factor,Broad / Cross-sector,Growth,Global,GSPAJPGR,GS Japan Growth,HKD,Custom Basket,MAHCE6QEXD5Z4SCQ,False
GSCB_FLAGSHIP,Theme,Broad / Cross-sector,China / Supply Chain,Americas,GSXACHBA,GS China Banks,USD,Custom Basket,MAHCE75AVTESF9TY,False
GSCB_FLAGSHIP,Other / Review,Broad / Cross-sector,,Americas,GSHLCMTS,GS US Medtech,USD,Custom Basket,MAHCKDS9R3QQZRNC,True
GSCB_FLAGSHIP,Other / Review,Broad / Cross-sector,,Europe,GSCMHTWS,GS Helios Hedge,EUR,Custom Basket,MAHCSTA4S88Q3SEQ,True
GSCB_FLAGSHIP,Other / Review,Broad / Cross-sector,,Europe,GSSTCAPI,Europe Capital-Intensive,EUR,Research Basket,MAHCYKEF655KFGD9,True
GSCB_FLAGSHIP,Other / Review,Broad / Cross-sector,,Americas,GSXAJGCY,GS AeJ Global Cyclicals,USD,Custom Basket,MAHD0C59TJ24XAYX,True
GSCB_FLAGSHIP,Other / Review,Broad / Cross-sector,,Americas,GSXUSFDV,Sustainable Dividends,USD,Custom Basket,MAHE7P9PYG4NRC3R,True
GSCB_FLAGSHIP,Theme,Broad / Cross-sector,China / Supply Chain,Asia,GSXACHEX,GS China Exporters,CNH,Custom Basket,MAHF4EM1XVQCKFRN,False
GSCB_FLAGSHIP,Factor,Broad / Cross-sector,Quality,Asia,GSCBJLPQ,GS Japan Low PB Quality,JPY,Custom Basket,MAHFKXZTQJSXRXR3,False
GSCB_FLAGSHIP,Theme,Broad / Cross-sector,AI,Americas,GSXAAPAI,GS Asia App Layer AI,USD,Custom Basket,MAHG55ZSKZWCQWRC,False
GSCB_FLAGSHIP,Other / Review,Broad / Cross-sector,,Americas,GSXULVGM,Lo Variable Gross Margin,USD,Custom Basket,MAHGQ3FCGHD67099,True
GSCB_FLAGSHIP,Sector Factor,Health Care,Momentum,Americas,GSHCBFMS,GS US HC Momentum Short,USD,Custom Basket,MAHH1WQS3Z9AJ7YW,False
GSCB_FLAGSHIP,Theme,Broad / Cross-sector,China / Supply Chain,Europe,GSXESUPL,GS EU Asian Supply Chain,EUR,Custom Basket,MAHH3FTPTTCTHRP8,False
GSCB_FLAGSHIP,Factor,Broad / Cross-sector,Size,Asia,GSXACBSS,GS China Barra Size Shor,CNH,Custom Basket,MAHH531H0X2X0PR2,False
GSCB_FLAGSHIP,Other / Review,Broad / Cross-sector,,Asia,GSCBJPAP,GS Japan Auto Parts,JPY,Custom Basket,MAHH8R0FX9GWH8KG,True
GSCB_FLAGSHIP,Other / Review,Broad / Cross-sector,,Europe,GSXEMARG,GS EU High & Stable Marg,EUR,Custom Basket,MAHHEQM2E2K1CNR3,True
GSCB_FLAGSHIP,Factor,Broad / Cross-sector,Size,Americas,GSIPSIZL,Size Factor Long,USD,Research Basket,MAHHG78PKFMKCBSP,False
GSCB_FLAGSHIP,Other / Review,Broad / Cross-sector,,Europe,GSCMNEXX,GS Nexi Hedge,EUR,Custom Basket,MAHHT6BN8VZPQ96A,True
GSCB_FLAGSHIP,Other / Review,Broad / Cross-sector,,Europe,GSXFSAFO,Saudi Foreign Ownership,USD,Custom Basket,MAHHX39N28VSA365,True
GSCB_FLAGSHIP,Theme,Broad / Cross-sector,China / Supply Chain,Asia,GSXACCM1,GS China Commodity,CNH,Custom Basket,MAHJ64T176W4YBGZ,False
GSCB_FLAGSHIP,Sector Factor,TMT / Tech,Size,Americas,GSTMBFZL,GS US TMT Size Long,USD,Custom Basket,MAHJ6BEWQ8GB39HM,False
GSCB_FLAGSHIP,Sector Factor,Industrials,Momentum,Europe,GSXELMOI,EU Industrials Momo Shrt,EUR,Custom Basket,MAHJWX9E60VBWAK7,False
GSCB_FLAGSHIP,Other / Review,Broad / Cross-sector,,Americas,GSSICBST,GS Cable & Satellite,USD,Custom Basket,MAHJWXET8VQ2HZ54,True
GSCB_FLAGSHIP,Other / Review,Broad / Cross-sector,,Americas,GSTHCASH,Total Cash Return (US),USD,Research Basket,MAHK6MMWTKF463VC,True
GSCB_FLAGSHIP,Other / Review,Broad / Cross-sector,,Global,GSPAJPMO,.GSPAJPMO,JPY,Custom Basket,MAHKBDT3R82B5R8N,True
GSCB_FLAGSHIP,Factor,Broad / Cross-sector,Profitability,Europe,GSXEHPRF,GS EU High Profitability,EUR,Custom Basket,MAHM75XGG33HRRH9,False
GSCB_FLAGSHIP,Sector Factor,Financials,Crowding,Americas,GSFIWFCS,GS US Fin Low Crowding,USD,Custom Basket,MAHMCEAVZJR6D67Z,False
GSCB_FLAGSHIP,Other / Review,Broad / Cross-sector,,Americas,GSCMAXTA,AXTA Hedge,USD,Custom Basket,MAHMGAVCT7R9X24H,True
GSCB_FLAGSHIP,Sector Factor,Health Care,Growth,Americas,GSHLCMED,GS HC Growth Medtech,USD,Custom Basket,MAHMM8DSENZBV7MM,False
GSCB_FLAGSHIP,Other / Review,Broad / Cross-sector,,Americas,GSXUINOV,GSXUINOV,USD,Custom Basket,MAHMYFQADC6W3Z4Z,True
GSCB_FLAGSHIP,Theme,Broad / Cross-sector,Balance Sheet Strength,Americas,GSSZSBAL,APJ Strong Balance Sheet,USD,Research Basket,MAHN2W9SS67XN666,False
GSCB_FLAGSHIP,Other / Review,Financials,,Americas,GSFINLOW,GS Low Income Fins,USD,Custom Basket,MAHQ4A3W58ZV1JHG,True
GSCB_FLAGSHIP,Factor,Broad / Cross-sector,Growth,Americas,GSXUSGRO,GS Secular Growth,USD,Custom Basket,MAHQEJG82N4DNBCH,False
GSCB_FLAGSHIP,Theme,Broad / Cross-sector,China / Supply Chain,Europe,GSCBEWFE,GS EU WFE Supply Chain,EUR,Custom Basket,MAHQEWF7ABTND222,False
GSCB_FLAGSHIP,Factor,Broad (US),Growth,Americas,GSPUGRWT,GS US Barra Growth Pair,USD,Custom Basket,MAHQYQRN9G11AGEB,False
GSCB_FLAGSHIP,Theme,Broad / Cross-sector,China / Supply Chain,Europe,GSXECHNX,GS EU China Competition,EUR,Custom Basket,MAHR8FYNYWJE8G2Q,False
GSCB_FLAGSHIP,Other / Review,Broad / Cross-sector,,Europe,GSCMKNEB,GS Kone Global Hedge,EUR,Custom Basket,MAHRREDSFK9EZ0JK,True
GSCB_FLAGSHIP,Other / Review,Broad (US),,Americas,GSPUSHRT,GS US Barra Short Int,USD,Custom Basket,MAHRV3Y5E8PTZGP2,True
GSCB_FLAGSHIP,Sector Factor,Financials,Crowding,Americas,GSFICRWD,GS US Financials Crowding,USD,Custom Basket,MAHSBF29474GQ093,False
GSCB_FLAGSHIP,Factor,Broad / Cross-sector,Profitability,Americas,GSHLCNPB,US Nonprofitable Biotech,USD,Custom Basket,MAHSVCCTBK0JD4EC,False
GSCB_FLAGSHIP,Other / Review,Broad / Cross-sector,,Europe,GSXELNSM,GS EU Low News Sent,EUR,Custom Basket,MAHT8XBWTMF0WJX7,True
GSCB_FLAGSHIP,Factor,Broad / Cross-sector,Momentum,Europe,GSXEHMXB,EU React Hi Momo x Banks,EUR,Custom Basket,MAHTDYEJF10W8WTN,False
GSCB_FLAGSHIP,Other / Review,Broad / Cross-sector,,Asia,GSCBJSBH,GS Japan SB Hedge,JPY,Custom Basket,MAHTTQHJG5V34P0R,True
GSCB_FLAGSHIP,Theme,Broad / Cross-sector,China / Supply Chain,Americas,GSXUSHOR,Onshore & Beneficiaries,USD,Custom Basket,MAHVF3YNJ5YVH99E,False
GSCB_FLAGSHIP,Other / Review,Financials,,Americas,GSSITHMF,Goldman Sachs Thrifts & Mortgage Finance Sector Basket,USD,Custom Basket,MAHVF492Q8SS8PPY,True
GSCB_FLAGSHIP,Sector Factor,Financials,Growth,Americas,GSFIGRWT,GS US Financials Growth,USD,Custom Basket,MAHVQWF7ANRXDTK8,False
GSCB_FLAGSHIP,Other / Review,Broad / Cross-sector,,Europe,GSCBSAEX,GS Saudi Dom Exposed,USD,Custom Basket,MAHW047EQZ8JXAP1,True
GSCB_FLAGSHIP,Other / Review,Broad / Cross-sector,,Asia,GSJPFXW1,Japan Weak Yen,JPY,Research Basket,MAHW176R3CE1EEY1,True
GSCB_FLAGSHIP,Factor,Broad / Cross-sector,Growth,Americas,GSTHGROE,ROE Growth (US),USD,Research Basket,MAHW93S13XB6VSBD,False
GSCB_FLAGSHIP,Other / Review,Broad / Cross-sector,,Europe,GSCMCCEP,GS CCEP Hedge,GBP,Custom Basket,MAHWD3Q9H0AMMR36,True
GSCB_FLAGSHIP,Other / Review,Industrials,,Americas,GSXUINDU,GS US Industrials,USD,Custom Basket,MAHWG7KFZJGRB1PF,True
GSCB_FLAGSHIP,Factor,Broad / Cross-sector,Momentum,Asia,GSXAKMOS,GS Korea MOMO (HB) Short,KRW,Custom Basket,MAHX5AKKMHZGQMWP,False
GSCB_FLAGSHIP,Factor,Broad / Cross-sector,Value,Europe,GSXEMIVL,EU Rctv Hi Midcap Value,EUR,Custom Basket,MAHX5N3CC7NFMRWD,False
GSCB_FLAGSHIP,Other / Review,Utilities,,Americas,GSXFBZUT,GS BZ Utilities (USD),USD,Custom Basket,MAHX9N7QQREZBWG0,True
GSCB_FLAGSHIP,Other / Review,Broad / Cross-sector,,Asia,GSXAJFAV,GS JP Foreign Favorites,JPY,Custom Basket,MAHXAT82RRBGXMPT,True
GSCB_FLAGSHIP,Theme,Broad / Cross-sector,AI,Americas,GSXUMOXL,GS High Mo Ex AI & BTC,USD,Custom Basket,MAHXBQAJJMD2XPAH,False
GSCB_FLAGSHIP,Theme,Broad / Cross-sector,China / Supply Chain,Americas,GSXACREX,GS China Retail Expnsion,USD,Custom Basket,MAHXD36D3XXEHV9Q,False
GSCB_FLAGSHIP,Factor,Broad / Cross-sector,Momentum,Asia,GSXATMOS,GS Taiwan MOMO (HB) Shor,TWD,Custom Basket,MAHY0GAV6YMXCSD1,False
GSCB_FLAGSHIP,Theme,Broad / Cross-sector,China / Supply Chain,Asia,GSCB1772,GS China-H Hedge,HKD,Custom Basket,MAHY6HV0S1C4BW7K,False
GSCB_FLAGSHIP,Other / Review,Broad / Cross-sector,,Americas,GSTHDRED,Debt Reducers,USD,Research Basket,MAHZEMMJRKHTHZ4C,True
GSCB_FLAGSHIP,Other / Review,Broad / Cross-sector,,Asia,GSCB3933,GS Hedge - 3933 HK,HKD,Custom Basket,MAHZZE9FYMDH76M0,True
GSCB_FLAGSHIP,Other / Review,Broad / Cross-sector,,Europe,GSCMSPIL,GS Spire Hedge,GBP,Custom Basket,MAHZZSHGBDFMZBMH,True
GSCB_FLAGSHIP,Other / Review,Broad / Cross-sector,,Europe,GSCMHGBL,GS GBLB BB Hedge,EUR,Custom Basket,MAJ07ZE6P6S8M83J,True
GSCB_FLAGSHIP,Other / Review,Broad / Cross-sector,,Europe,GSCBILSD,GS Israel Rebound,ILS,Custom Basket,MAJ0ARW6ZDYYD08Y,True
GSCB_FLAGSHIP,Theme,Broad / Cross-sector,China / Supply Chain,Asia,GSXACH9M,GS China 9 Measures,CNH,Custom Basket,MAJ0GDS8A8QXNJ1R,False
GSCB_FLAGSHIP,Other / Review,Broad / Cross-sector,,Europe,GSCBGPAY,GS Global Payments,USD,Custom Basket,MAJ0J7CJBB51AAAJ,True
GSCB_FLAGSHIP,Other / Review,Broad / Cross-sector,,Global,GSXAAUHD,GS Australia High Divs,AUD,Custom Basket,MAJ0QMYETM16Z2TT,True
GSCB_FLAGSHIP,Other / Review,Broad / Cross-sector,,Europe,GSSBDIGI,EU Digital Economy,EUR,Research Basket,MAJ0WBWPDGCVDRK0,True
GSCB_FLAGSHIP,Other / Review,Broad / Cross-sector,,Americas,GSXAALC1,GS ALC 10,USD,Custom Basket,MAJ0YX19EVMPD9NV,True
GSCB_FLAGSHIP,Factor,Broad / Cross-sector,Momentum,Americas,GSXUBGML,GS US GEMLT Hi Momentum,USD,Custom Basket,MAJ167MWKY49T7QF,False
GSCB_FLAGSHIP,Other / Review,Broad / Cross-sector,,Europe,GSXFZAIN,GS South Africa Exporter,ZAR,Custom Basket,MAJ1J4GY4BQ2HFE8,True
GSCB_FLAGSHIP,Factor,Broad / Cross-sector,Momentum,Europe,GSXEUKML,UK Reactive High Momo,GBP,Custom Basket,MAJ1S46MQTYNHQ8A,False
GSCB_FLAGSHIP,Other / Review,Broad / Cross-sector,,Europe,GSCMAKZU,Akzo Nobel Hedge (USD),USD,Custom Basket,MAJ1SP0HJ1ZGH9GE,True
GSCB_FLAGSHIP,Other / Review,Broad / Cross-sector,,Europe,GSCMLOOK,GS Lookers Hedge,GBP,Custom Basket,MAJ1T7ZJ1C5MJHDR,True
GSCB_FLAGSHIP,Other / Review,Broad / Cross-sector,,Europe,GSCMSNLH,GS Smith & Nephew Hedge,GBP,Custom Basket,MAJ22PGKCMK0HV56,True
GSCB_FLAGSHIP,Other / Review,Broad / Cross-sector,,Europe,GSXFTUIN,GS Turkey Exporters,USD,Custom Basket,MAJ2B2JEA4186V1C,True
GSCB_FLAGSHIP,Other / Review,Broad / Cross-sector,,Europe,GSCMJDEH,GS Jde Peet's Hedge,EUR,Custom Basket,MAJ2X82JYEBXGPEB,True
GSCB_FLAGSHIP,Theme,Broad / Cross-sector,AI,Americas,GSXAAIEQ,Asia AI Equip & Non-Mate,USD,Custom Basket,MAJ32KNR7XN7KX0Z,False
GSCB_FLAGSHIP,Other / Review,Broad / Cross-sector,,Asia,GSCBKSH1,"GS Korea ex SEC, Hynix",KRW,Custom Basket,MAJ368Q4KWNCCG3H,True
GSCB_FLAGSHIP,Other / Review,Broad / Cross-sector,,Europe,GSCMMCFP,GS LVMH Hedge,EUR,Custom Basket,MAJ39PJH36YWNRQN,True
GSCB_FLAGSHIP,Other / Review,Broad / Cross-sector,,Europe,GSXEPWRH,GS EU Power Up Hedge,EUR,Custom Basket,MAJ3KGBARNDTVGA6,True
GSCB_FLAGSHIP,Other / Review,Broad / Cross-sector,,Americas,GSCBMESA,GS US Mexico Sales,USD,Custom Basket,MAJ3R0FG5872KS92,True
GSCB_FLAGSHIP,Factor,Broad / Cross-sector,Size,Asia,GSXATSIL,GS Taiwan (HB) Size Long,TWD,Custom Basket,MAJ3TAHJ726JMA00,False
GSCB_FLAGSHIP,Sector Factor,Consumer,Momentum,Americas,GSCNDMOL,GS CND US Momentum Long,USD,Custom Basket,MAJ45E1AR5GHNSZ6,False
GSCB_FLAGSHIP,Other / Review,Broad / Cross-sector,,Europe,GSSBBKDE,EU Banks - Domestic EA,EUR,Research Basket,MAJ46JB957TNNN5J,True
GSCB_FLAGSHIP,Other / Review,Broad / Cross-sector,,Europe,GSCMZURH,GS Zurich Global Hedge,EUR,Custom Basket,MAJ4R0JYFNXX9XDT,True
GSCB_FLAGSHIP,Other / Review,Broad / Cross-sector,,Asia,GSCBSFHH,GS SF Holding Hedge,HKD,Custom Basket,MAJ501PCRHG2ENRK,True
GSCB_FLAGSHIP,Other / Review,Broad / Cross-sector,,Europe,GSSBBEVS,EU Beverages,EUR,Research Basket,MAJ5RCS11EDDM0JF,True
GSCB_FLAGSHIP,Other / Review,Broad / Cross-sector,,Americas,GSIDLSTL,GS Steel & Steel-Related,USD,Custom Basket,MAJ5SZK3ZG19ERQK,True
GSCB_FLAGSHIP,Theme,Broad / Cross-sector,China / Supply Chain,Americas,GSXACCON,GS China Consumption,USD,Custom Basket,MAJ6G7T7HQRMRB3K,False
GSCB_FLAGSHIP,Factor,Broad / Cross-sector,Crowding,Americas,GSXUWFCS,GS US Wolfe Low Crowding,USD,Custom Basket,MAJ6RHDFEP381WQT,False
GSCB_FLAGSHIP,Factor,Broad / Cross-sector,Quality,Europe,GSXEQDOM,GS EU Quality Domestic,EUR,Custom Basket,MAJ6V2XXWJ2ANDVG,False
GSCB_FLAGSHIP,Other / Review,Broad / Cross-sector,,Europe,GSSBLASE,EU Life Assurance,EUR,Research Basket,MAJ7VPGGG11QPQCD,True
GSCB_FLAGSHIP,Other / Review,Broad / Cross-sector,,Europe,GSXEUKIE,GS UK Internationals,GBP,Custom Basket,MAJ831XNZWSJ0DQK,True
GSCB_FLAGSHIP,Theme,Financials,Buybacks / Capital Return,Americas,GSFINBYB,GS Fins Buybacks,USD,Custom Basket,MAJ84WS1ZTWSFGCQ,False
GSCB_FLAGSHIP,Factor,Broad / Cross-sector,Size,Asia,GSXATSIS,GS Taiwan (HB) Size Shor,TWD,Custom Basket,MAJ87TVYT49688J3,False
GSCB_FLAGSHIP,Other / Review,Broad / Cross-sector,,Americas,GSCBUSXB,GS US ex Biotech,USD,Custom Basket,MAJ8CHQQYKKDQVEN,True
GSCB_FLAGSHIP,Other / Review,Broad / Cross-sector,,Americas,GSXFDILG,Brazil DI Corr. Long (USD),USD,Custom Basket,MAJ8D387Q1VYTRB6,True
GSCB_FLAGSHIP,Factor,Broad / Cross-sector,Momentum,Americas,GSXUHMOM,High Beta Momentum Long,USD,Custom Basket,MAJ8M24S1NZMA6Y0,False
GSCB_FLAGSHIP,Other / Review,Broad / Cross-sector,,Europe,GSXEBFSL,EU Pure Hi Analyst Senti,EUR,Custom Basket,MAJ8TKT3BXRR1XWR,True
GSCB_FLAGSHIP,Sector Factor,Consumer,Growth,Americas,GSCNDGRL,GS CND US Growth Long,USD,Custom Basket,MAJ99A89AZWTZAJ4,False
GSCB_FLAGSHIP,Factor,Broad / Cross-sector,Momentum,Asia,GSXAJFMS,GS High Beta MOMO Short,JPY,Custom Basket,MAJ9JB43CXJRNRCV,False
GSCB_FLAGSHIP,Other / Review,Financials,,Americas,GSFINDBK,Banks w/ Steady Deposits,USD,Custom Basket,MAJ9V7HJ63PKHAKR,True
GSCB_FLAGSHIP,Other / Review,Broad / Cross-sector,,Americas,GSXGBOOZ,GS Global Alcohol,USD,Custom Basket,MAJA149AYX1RPJHR,True
GSCB_FLAGSHIP,Other / Review,Broad / Cross-sector,,Asia,GSCBJYC1,Japan YCC,JPY,Custom Basket,MAJA2YP6FH63FHBV,True
GSCB_FLAGSHIP,Other / Review,Broad / Cross-sector,,Europe,GSSBCONS,EU Construction,EUR,Research Basket,MAJAFA092Y7SKX49,True
GSCB_FLAGSHIP,Other / Review,TMT / Tech,,Americas,GSCMDFNS,Defense Tech Hedge,USD,Custom Basket,MAJC3C8Z1JXYP9JC,True
GSCB_FLAGSHIP,Other / Review,Broad / Cross-sector,,Americas,GSXGNDEF,GS Global New Defense,USD,Custom Basket,MAJC4ZZBCWNVQ6HJ,True
GSCB_FLAGSHIP,Theme,Broad / Cross-sector,China / Supply Chain,Americas,GSXACNCS,GS China New Consumption,USD,Custom Basket,MAJC5S76PX0VE44W,False
GSCB_FLAGSHIP,Factor,Broad / Cross-sector,Dividend / Yield,Europe,GSXEBFEL,EU High Earnings Yield,EUR,Custom Basket,MAJCTYXGXWHPV1ZQ,False
GSCB_FLAGSHIP,Other / Review,Broad / Cross-sector,,Americas,GSXUGMBL,GS US Gaming Basket,USD,Custom Basket,MAJD5QQA2GPWHJGY,True
GSCB_FLAGSHIP,Other / Review,Broad / Cross-sector,,Europe,GSCBCBG2,GS Gb Carbon Capture 2,USD,Custom Basket,MAJDGT9R33N8JZ9C,True
GSCB_FLAGSHIP,Other / Review,Financials,,Americas,GSFINTBV,GS Fins TBV,USD,Custom Basket,MAJDQSZA4T2D4AHH,True
GSCB_FLAGSHIP,Other / Review,Broad / Cross-sector,,Americas,GSSIRERT,Goldman Sachs Retail REITs Sector Basket,USD,Custom Basket,MAJEDS4SSWF7CN73,True
GSCB_FLAGSHIP,Other / Review,Broad / Cross-sector,,Americas,GSCMWISH,Custom Hedge,USD,Custom Basket,MAJEHPKW8M7NJ6W8,True
GSCB_FLAGSHIP,Theme,TMT / Tech,TMT,Americas,GSXUSBCH,High TMT Stock Based Cmp,USD,Custom Basket,MAJF2DY7AM79SB10,False
GSCB_FLAGSHIP,Other / Review,Broad / Cross-sector,,Americas,GSXURETL,GS US Retail,USD,Custom Basket,MAJFXDJ6J7Z9XQEM,True
GSCB_FLAGSHIP,Other / Review,Broad / Cross-sector,,Americas,GSSIDBNK,Goldman Sachs Diversified Banks Sector Basket,USD,Custom Basket,MAJG1WEY1Z9XDT69,True
GSCB_FLAGSHIP,Other / Review,Broad / Cross-sector,,Americas,GSSICOMS,Goldman Sachs Commercial Services & Supplies Sector Basket,USD,Custom Basket,MAJGSZMA3CJ5X8M7,True
GSCB_FLAGSHIP,Other / Review,Broad / Cross-sector,,Asia,GSSZMSFA,AeJ Asset Sensitives,USD,Research Basket,MAJHNT497505X4RA,True
GSCB_FLAGSHIP,Other / Review,Broad / Cross-sector,,Europe,GSCMRMVH,GS Rightmove Hedge,GBP,Custom Basket,MAJJCD9NP3PK5AZT,True
GSCB_FLAGSHIP,Other / Review,Broad / Cross-sector,,Americas,GSCBFNMN,GS FANGMAN,USD,Custom Basket,MAJJF6NEWHV7YTZF,True
GSCB_FLAGSHIP,Other / Review,Broad / Cross-sector,,Americas,GSIDLTXA,GS Transport ex Airlines,USD,Custom Basket,MAJJNM1W4MZS7148,True
GSCB_FLAGSHIP,Factor,Broad / Cross-sector,Beta,Americas,GSTHBETA,Dual Beta,USD,Research Basket,MAJJQEFA5VXEHJ3S,False
GSCB_FLAGSHIP,Other / Review,Broad / Cross-sector,,Americas,GSXUWFTL,GS US Wolfe High Liquid,USD,Custom Basket,MAJJVPBNSENTFFQ8,True
GSCB_FLAGSHIP,Other / Review,Broad / Cross-sector,,Americas,GSXFBEXC,GS Brazil ex Commods,BRL,Custom Basket,MAJK5HZBHQCPQ5BY,True
GSCB_FLAGSHIP,Other / Review,Broad / Cross-sector,,Americas,GSXUBLDR,GS US Home Builders,USD,Custom Basket,MAJKTRFWNVSY1Y10,True
GSCB_FLAGSHIP,Other / Review,Health Care,,Americas,GSSIHCDS,Goldman Sachs Health Care Distributors Sector Basket,USD,Custom Basket,MAJM7AMEXG9P0QMX,True
GSCB_FLAGSHIP,Other / Review,Broad / Cross-sector,,Europe,GSCMAMPH,GS Amplifon Hedge,EUR,Custom Basket,MAJMG5GPJG91N6YM,True
GSCB_FLAGSHIP,Sector Factor,Industrials,Growth,Americas,GSINLGRL,GS INL US Growth Long,USD,Custom Basket,MAJMN1BJ1E4GASQA,False
GSCB_FLAGSHIP,Other / Review,Broad / Cross-sector,,Europe,GSCBDRMI,GS Drones & Missiles,USD,Custom Basket,MAJMY40X1BNPJ02B,True
GSCB_FLAGSHIP,HF Positioning,HF Positioning,VIP vs Short,Americas,GSPRGDPT,GS Cycs vs Defs,USD,Custom Basket,MAJN19B1SQ8GMTHQ,False
GSCB_FLAGSHIP,Factor,Broad (US),Growth,Americas,GSPUBGGW,GS US GEMLT Growth Pair,USD,Custom Basket,MAJN1NZXZJDDB322,False
GSCB_FLAGSHIP,Theme,Broad / Cross-sector,China / Supply Chain,Americas,GSXACGOS,GS China Gov. Spending,USD,Custom Basket,MAJN4XB5FZP2E4NQ,False
GSCB_FLAGSHIP,Factor,Broad / Cross-sector,Momentum,Americas,GSIPMOMS,Momentum Factor Short,USD,Research Basket,MAJN5Z1FKGZ1S0B6,False
GSCB_FLAGSHIP,Other / Review,Consumer,,Europe,GSXECRES,GS EU Cons Resilience,EUR,Custom Basket,MAJNNPZ5AKCM8CQ9,True
GSCB_FLAGSHIP,Other / Review,Real Estate,,Europe,GSSBREAL,EU Real Estate,EUR,Research Basket,MAJP85A6K49P07JA,True
GSCB_FLAGSHIP,Other / Review,Broad / Cross-sector,,Asia,GSXAMFPL,GS Japan Profit Long,JPY,Custom Basket,MAJQEK46WGAYF1CK,True
GSCB_FLAGSHIP,Factor,Broad / Cross-sector,Liquidity,Americas,GSTHHLIQ,High Liquidity,USD,Research Basket,MAJRYBDC0GERA8KX,False
GSCB_FLAGSHIP,Other / Review,TMT / Tech,,Americas,GSTMTADV,GS US Advertising,USD,Custom Basket,MAJS7NCM2PQY8E8A,True
GSCB_FLAGSHIP,Other / Review,Broad / Cross-sector,,Europe,GSXETYRE,GS EU Tyres,EUR,Custom Basket,MAJSFX1E9TVSMQ34,True
GSCB_FLAGSHIP,Other / Review,Broad / Cross-sector,,Europe,GSXEBFAL,EU Pure Hi Earnings Vari,EUR,Custom Basket,MAJSP4B8Q7CVFSVW,True
GSCB_FLAGSHIP,Factor,Broad / Cross-sector,Value,Americas,GSKOVALU,GS US Value (EFMUSALTS),USD,Custom Basket,MAJSSHD1Z4T9EFBX,False
GSCB_FLAGSHIP,Other / Review,Broad / Cross-sector,,Americas,GSCBMF26,MF Tax Loss Selling 2026,USD,Custom Basket,MAJT9F66PZFXBRKZ,True
GSCB_FLAGSHIP,Other / Review,Broad / Cross-sector,,Europe,GSXFSAGL,GS S Africa Gold Miners,ZAR,Custom Basket,MAJTE79NBGMR8XB9,True
GSCB_FLAGSHIP,Theme,Broad / Cross-sector,Clean Energy / ESG,Europe,GSXEHESG,GS EU High ESG 2,EUR,Custom Basket,MAJTH197B0GV9YZ5,False
GSCB_FLAGSHIP,Other / Review,Broad / Cross-sector,,Europe,GSCMULVH,GS Unilever Hedge,GBP,Custom Basket,MAJV26SQRKQDCWWY,True
GSCB_FLAGSHIP,Other / Review,Broad / Cross-sector,,Europe,GSXEGREE,GS EU Green Deal,EUR,Custom Basket,MAJVMPQASDRQ1AQE,True
GSCB_FLAGSHIP,Theme,Broad / Cross-sector,AI,Americas,GSXASPCM,Asia AI Specialty Chems,USD,Custom Basket,MAJVXENMRRVS34M5,False
GSCB_FLAGSHIP,Factor,Broad / Cross-sector,Leverage,Americas,GSKOLEVG,GS US Leverage (EFMUSALTS),USD,Custom Basket,MAJW98JP714QBNYC,False
GSCB_FLAGSHIP,Other / Review,Broad / Cross-sector,,Europe,GSCMSTAN,GS STAN LN Hedge,GBP,Custom Basket,MAJWAB4FS6V78PD6,True
GSCB_FLAGSHIP,Other / Review,Broad / Cross-sector,,Europe,GSCMSTPE,GS Stripe Hedge,USD,Custom Basket,MAJWJ39WSBXC7W0K,True
GSCB_FLAGSHIP,Factor,Broad / Cross-sector,Momentum,Europe,GSCBMIMS,EU Midcap Momentum Short,EUR,Custom Basket,MAJX5Z35EES0DPRB,False
GSCB_FLAGSHIP,Other / Review,Broad / Cross-sector,,Americas,GSCBHPRS,High Profit Russell,USD,Custom Basket,MAJXEFTEMJQHVN07,True
GSCB_FLAGSHIP,Other / Review,Broad / Cross-sector,,Americas,GSXFBRDC,GS BZ Cyclicals (BRL),BRL,Custom Basket,MAJXEQJFNBM6DR2Z,True
GSCB_FLAGSHIP,Factor,Broad / Cross-sector,Growth,Europe,GSXEMFGS,EU Pure Low Growth,EUR,Custom Basket,MAJXMFB7M7RCDZE4,False
GSCB_FLAGSHIP,Other / Review,Broad / Cross-sector,,Americas,GSSIHODU,Goldman Sachs Household Durables Sector Basket,USD,Custom Basket,MAJXNB5NJ8R4CMJF,True
GSCB_FLAGSHIP,Other / Review,Real Estate,,Europe,GSXESWRL,GS Swedish Real Estate,SEK,Custom Basket,MAJXS5W6PVSEVYEJ,True
GSCB_FLAGSHIP,Other / Review,Broad / Cross-sector,,Americas,GSXAJDOC,GS AeJ Domestic Cyclical,USD,Custom Basket,MAJYMN57KSTBQM95,True
GSCB_FLAGSHIP,Other / Review,Broad / Cross-sector,,Americas,GSSZHTAX,APJ High Tax,USD,Research Basket,MAJYRQT7AX6SNNBG,True
GSCB_FLAGSHIP,Other / Review,Energy,,Americas,GSENEPJM,GS US Energy PJM Exp.,USD,Custom Basket,MAJYRWVF8D95XD23,True
GSCB_FLAGSHIP,Factor,Broad / Cross-sector,Value,Asia,GSXAKVAL,GS Korea Value (HB) Long,KRW,Custom Basket,MAJYXRR6H46JC95H,False
GSCB_FLAGSHIP,Other / Review,Broad / Cross-sector,,Europe,GSCMMONL,GS Moncler Hedge,EUR,Custom Basket,MAJZ8TYTN0QM7SWZ,True
GSCB_FLAGSHIP,Other / Review,Broad / Cross-sector,,Asia,GSXAJALO,GS Japan HALO,JPY,Custom Basket,MAJZHXCBP4H4TZ0N,True
GSCB_FLAGSHIP,Other / Review,Broad / Cross-sector,,Americas,GSXANBFA,GS Northbound Favourites,USD,Custom Basket,MAK0MMSPPAKPMDE1,True
GSCB_FLAGSHIP,Other / Review,Broad / Cross-sector,,Americas,GSXUDOGE,GS US Gov Exposure Risk,USD,Custom Basket,MAK0RJB16TP530V7,True
GSCB_FLAGSHIP,Other / Review,Broad / Cross-sector,,Europe,GSCMTKWY,GS Takeaway Hedge,EUR,Custom Basket,MAK0RS0STH0QKWMN,True
GSCB_FLAGSHIP,Theme,TMT / Tech,China / Supply Chain,Asia,GSCBCRTE,GS China Resilient Tech,CNH,Custom Basket,MAK101QNMG35689Z,False
GSCB_FLAGSHIP,Other / Review,Broad / Cross-sector,,Europe,GSCMHORA,GS Orange Hedge,EUR,Custom Basket,MAK14AW0ZS4CGKPH,True
GSCB_FLAGSHIP,Factor,Broad / Cross-sector,Dividend / Yield,Asia,GSXACBDS,GS China Div Yield Short,CNH,Custom Basket,MAK1EJNGY00QCMM7,False
GSCB_FLAGSHIP,Other / Review,Broad / Cross-sector,,Europe,GSXEUKSS,GS UK Stagflation Short,GBP,Custom Basket,MAK1GB1BY7H4HGF3,True
GSCB_FLAGSHIP,Sector Factor,Financials,Momentum,Europe,GSXELMOF,EU Financials Momo Short,EUR,Custom Basket,MAK1GJFPEP154QPH,False
GSCB_FLAGSHIP,Factor,Broad / Cross-sector,Momentum,Americas,GSXUBGMS,GS US GEMLT Low Momentum,USD,Custom Basket,MAK1KQAM4553W9SE,False
GSCB_FLAGSHIP,Sector Factor,TMT / Tech,Profitability,Americas,GSXUNPTC,GS Non Profitable Tech,USD,Custom Basket,MAK1N74W836CZS2E,False
GSCB_FLAGSHIP,Other / Review,Broad / Cross-sector,,Americas,GSSISTEL,Goldman Sachs Steel Sector Basket,USD,Custom Basket,MAK1QNEJ7M524CJ8,True
GSCB_FLAGSHIP,Other / Review,Broad / Cross-sector,,Europe,GSXECYXB,GS EU Cyclicals ex Banks,EUR,Custom Basket,MAK2DA7FW7WKJ9X7,True
GSCB_FLAGSHIP,Other / Review,Broad / Cross-sector,,Europe,GSXEDIGI,GS EU Digital Economy,EUR,Custom Basket,MAK2E0NAYSFSW0AJ,True
GSCB_FLAGSHIP,Factor,Broad / Cross-sector,Growth,Americas,GSIPEPSS,EPS Growth Short,USD,Research Basket,MAK2K6JN49ASQXZX,False
GSCB_FLAGSHIP,Factor,Broad / Cross-sector,Volatility,Americas,GSRPEWUP,GS RP Equity Volatility US Long/Short,USD,Custom Basket,MAK32EHY34YARRNY,False
GSCB_FLAGSHIP,Other / Review,Broad / Cross-sector,,Americas,GSCBIBVE,GSCBIBVE,BRL,Custom Basket,MAK3N99MKT97VDFX,True
GSCB_FLAGSHIP,Other / Review,TMT / Tech,,Europe,GSCMHCMB,GS CMB Tech Hedge,EUR,Custom Basket,MAK3RMA1WS66SN4M,True
GSCB_FLAGSHIP,Other / Review,Broad / Cross-sector,,Europe,GSCMSODH,GS Sodexo Hedge,EUR,Custom Basket,MAK4G3SWB2EJACQS,True
GSCB_FLAGSHIP,Sector Factor,Financials,Size,Americas,GSFISIZE,GS US Financials Size,USD,Custom Basket,MAK4NBT4ZKZ5J5T5,False
GSCB_FLAGSHIP,Factor,Broad (US),Size,Americas,GSPUBGSZ,GS US GEMLT Size Pair,USD,Custom Basket,MAK523AMBMKAWJ6A,False
GSCB_FLAGSHIP,Other / Review,Broad / Cross-sector,,Americas,GSSZHALO,Asia Capital Intensive,USD,Research Basket,MAK5NE1RK0FCGKD4,True
GSCB_FLAGSHIP,Other / Review,Broad / Cross-sector,,Asia,GSJPFXS1,Japan Strong Yen,JPY,Research Basket,MAK67M5ZK8DYHWMW,True
GSCB_FLAGSHIP,Other / Review,Broad / Cross-sector,,Europe,GSXEINSU,GS EU Insurance,EUR,Custom Basket,MAK77Y0DF3818DAW,True
GSCB_FLAGSHIP,Other / Review,Broad / Cross-sector,,Americas,GSSZSTFW,APxJ Stagflation Winners,USD,Research Basket,MAK7ZWPCN5HT6X28,True
GSCB_FLAGSHIP,Theme,TMT / Tech,Semiconductors,Americas,GSTMTSMC,GS Global Semicap,USD,Custom Basket,MAK9GPH7PG7FWJVN,False
GSCB_FLAGSHIP,Other / Review,Broad / Cross-sector,,Americas,GSSBSERV,S&P 500 Services,USD,Research Basket,MAK9K1RBBM9S58HQ,True
GSCB_FLAGSHIP,Factor,Broad / Cross-sector,Momentum,Asia,GSXAJBMS,GS Japan Barra MOMO Shor,JPY,Custom Basket,MAK9K6M05520T5VR,False
GSCB_FLAGSHIP,Factor,Broad / Cross-sector,Crowding,Americas,GSXUWFCL,GS US Wolfe Hi Crowding,USD,Custom Basket,MAK9QB3H7YDNAR42,False
GSCB_FLAGSHIP,Other / Review,Broad / Cross-sector,,Global,GSXAURUM,GS Australia Gold Miners,AUD,Custom Basket,MAK9V4R1S9DJRXGE,True
GSCB_FLAGSHIP,Factor,Broad / Cross-sector,Momentum,Americas,GSXACHML,GS China MOMO Long,USD,Custom Basket,MAK9WW8R1BAQWG33,False
GSCB_FLAGSHIP,Other / Review,Broad / Cross-sector,,Europe,GSXEPINT,GS EU Periph. Intls.,EUR,Custom Basket,MAKA5YDMBQD80XX3,True
GSCB_FLAGSHIP,Theme,Broad / Cross-sector,China / Supply Chain,Americas,GSSZAPCN,AeJ China Sales Exposure,USD,Research Basket,MAKAMMR7VCBWVBM5,False
GSCB_FLAGSHIP,Other / Review,Broad / Cross-sector,,Europe,GSCMSGRE,GS Siemens Gamesa Hedge,EUR,Custom Basket,MAKARMV9G99N87PX,True
GSCB_FLAGSHIP,Other / Review,Broad / Cross-sector,,Europe,GSCMDLNH,GS Derwent London Hedge,GBP,Custom Basket,MAKARQX57T0JSFY6,True
GSCB_FLAGSHIP,Other / Review,Broad / Cross-sector,,Americas,GSXULOWD,GS US Low-Income Disc.,USD,Custom Basket,MAKAS2TB110GWRJC,True
GSCB_FLAGSHIP,Other / Review,Financials,,Americas,GSFINLRB,Banks w/ Volatile Deposi,USD,Custom Basket,MAKB0DBW6XXKWZQ4,True
GSCB_FLAGSHIP,Other / Review,Broad / Cross-sector,,Europe,GSXFBANC,GS EM Banks,USD,Custom Basket,MAKB3FPZVQNZ2YGW,True
GSCB_FLAGSHIP,Theme,Consumer,China / Supply Chain,Asia,GSCBCONH,GS China-H Consumer,HKD,Custom Basket,MAKB8CAD51FRF7KR,False
GSCB_FLAGSHIP,Factor,Broad / Cross-sector,Growth,Europe,GSXEGROW,GS EU Pure Growth,EUR,Custom Basket,MAKC7NX1WKM37CSW,False
GSCB_FLAGSHIP,Factor,Broad / Cross-sector,Size,Americas,GSXUMFSL,GS US Size Long,USD,Custom Basket,MAKCEW2Y4TGPM9D8,False
GSCB_FLAGSHIP,Theme,Broad / Cross-sector,Balance Sheet Strength,Americas,GSSZWBAL,APJ Weak Balance Sheet,USD,Research Basket,MAKCMK75HC49ZWXB,False
GSCB_FLAGSHIP,Other / Review,Broad / Cross-sector,,Americas,GSHLCACA,GS ACA Expansion,USD,Custom Basket,MAKCRDAA348ZACV0,True
GSCB_FLAGSHIP,Sector Factor,Financials,Momentum,Europe,GSXEBMLF,EU Financials Momo Long,EUR,Custom Basket,MAKDFCF483T0NT7G,False
GSCB_FLAGSHIP,Other / Review,Broad / Cross-sector,,Europe,GSCMKCRH,GS Konecranes Hedge,EUR,Custom Basket,MAKE1BSVAGWPKKW9,True
GSCB_FLAGSHIP,Other / Review,Broad / Cross-sector,,Americas,GSSZAPUS,APJ US Sales Exposure,USD,Research Basket,MAKE2XRADYZPWM1J,True
GSCB_FLAGSHIP,Other / Review,Broad / Cross-sector,,Asia,GSCBXTSE,GS JP TSE Non-Responders,JPY,Custom Basket,MAKE41XPVZ6APVXH,True
GSCB_FLAGSHIP,Other / Review,Broad / Cross-sector,,Americas,GSXULSRE,GS Leisure Travel,USD,Custom Basket,MAKE58K89MTATWPM,True
GSCB_FLAGSHIP,Theme,Broad / Cross-sector,China / Supply Chain,Asia,GSCBCHBK,GS China-H Banks,HKD,Custom Basket,MAKEB6VJ5DZ5T0D1,False
GSCB_FLAGSHIP,Other / Review,Broad / Cross-sector,,Americas,GSXASATL,GS APAC Satellite,USD,Custom Basket,MAKER33BR75NQ0YT,True
GSCB_FLAGSHIP,Other / Review,Broad / Cross-sector,,Europe,GSCMSIEY,GS Siemens Hedge,EUR,Custom Basket,MAKEZRQ7NHVEM03B,True
GSCB_FLAGSHIP,Other / Review,Broad / Cross-sector,,Europe,GSXEGFSC,GS German Fiscal Boost,EUR,Custom Basket,MAKF684KR5CWE3Z0,True
GSCB_FLAGSHIP,Other / Review,Broad / Cross-sector,,Americas,GSCBGURA,GS Custom Uranium,USD,Custom Basket,MAKF9DAPYZYDQNT0,True
GSCB_FLAGSHIP,Other / Review,Broad / Cross-sector,,Americas,GSEMLAHO,GS EM Capital Light,USD,Research Basket,MAKFCW4FXYRVEBAY,True
GSCB_FLAGSHIP,Other / Review,Broad / Cross-sector,,Europe,GSSBCAPX,EU Long Cycle [CAPEX],EUR,Research Basket,MAKFN5NY9R9DF8GS,True
GSCB_FLAGSHIP,Other / Review,Broad / Cross-sector,,Asia,GSCBJGRH,GS Japan GH,JPY,Custom Basket,MAKFP1ENQ9MCGWT4,True
GSCB_FLAGSHIP,Other / Review,Broad / Cross-sector,,Europe,GSCMBMPH,GS BMPS Hedge,EUR,Custom Basket,MAKG0213A9X3X798,True
GSCB_FLAGSHIP,Other / Review,Broad / Cross-sector,,Europe,GSCMIBHE,GS Iberdrola Sa Hedge,EUR,Custom Basket,MAKG9CVDQ9SHF71Y,True
GSCB_FLAGSHIP,Factor,Broad (US),Dividend / Yield,Americas,GSPUWERN,Wolfe Earnings Yield,USD,Custom Basket,MAKGA14BH39N26EG,False
GSCB_FLAGSHIP,Other / Review,Broad / Cross-sector,,Americas,GSSUSES3,GS SUSTAIN E&S Qntle 3,USD,Research Basket,MAKGWGDE1P9QN35M,True
GSCB_FLAGSHIP,Other / Review,Broad / Cross-sector,,Europe,GSTRACQN,GS Europe M&A Candidates,EUR,Research Basket,MAKJ19SCHXN73EYE,True
GSCB_FLAGSHIP,Factor,Broad / Cross-sector,Growth,Americas,GSXACGRV,GS China Growth Recovery,USD,Custom Basket,MAKJQRM1SPK62GFW,False
GSCB_FLAGSHIP,Theme,Broad / Cross-sector,China / Supply Chain,Asia,GSXACSTE,GS China Steel,CNH,Custom Basket,MAKJZZPRJTTBCV0Y,False
GSCB_FLAGSHIP,Factor,Broad / Cross-sector,Growth,Americas,GSSZSTGW,GS AEJ Stable Growth,USD,Research Basket,MAKK7RHXXBZQHAJQ,False
GSCB_FLAGSHIP,Other / Review,Broad / Cross-sector,,Americas,GSXUDEFS,GS US Defensives,USD,Custom Basket,MAKKH8BK5XZKQVK9,True
GSCB_FLAGSHIP,Other / Review,Broad / Cross-sector,,Americas,GSXUMALL,GS Mall Levered Retail,USD,Custom Basket,MAKKK2Y9QA69HEXP,True
GSCB_FLAGSHIP,Theme,Broad / Cross-sector,China / Supply Chain,Asia,GSXACHHN,GS China High Divs - NTR,CNH,Custom Basket,MAKKXGVCQZK7J4B4,False
GSCB_FLAGSHIP,Other / Review,Broad / Cross-sector,,Europe,GSXEPDOM,GS EU Periph Domestics,EUR,Custom Basket,MAKM62Z755CESV48,True
GSCB_FLAGSHIP,Other / Review,Broad / Cross-sector,,Europe,GSCMLNDH,GS Landis+Gyr Hedge,USD,Custom Basket,MAKMQSPNJJXD7CS4,True
GSCB_FLAGSHIP,Other / Review,Broad / Cross-sector,,Europe,GSSTFISC,EU Fiscal Infrastructure,EUR,Research Basket,MAKN8WBDAJ04HZ57,True
GSCB_FLAGSHIP,Other / Review,Broad / Cross-sector,,Europe,GSCMMRLH,GS Merlin Hedge,EUR,Custom Basket,MAKNFTP8B1ENHQKD,True
GSCB_FLAGSHIP,Other / Review,Broad / Cross-sector,,Americas,GSXUOFFS,GS US Offshore,USD,Custom Basket,MAKNR193EH8SDE5J,True
GSCB_FLAGSHIP,Other / Review,Broad / Cross-sector,,Europe,GSCMCTEC,GS Convatec Hedge,GBP,Custom Basket,MAKNX7FM1T5EKEPT,True
GSCB_FLAGSHIP,Other / Review,Broad / Cross-sector,,Europe,GSCBSSBK,GS Swedish Banks,SEK,Custom Basket,MAKP9DC2PE50W2FM,True
GSCB_FLAGSHIP,Theme,Broad / Cross-sector,Labor / Wage,Americas,GSXULABR,GS US Labor Risk,USD,Custom Basket,MAKPFQ3JCKQK9END,False
GSCB_FLAGSHIP,Factor,Broad / Cross-sector,Momentum,Americas,GSXAPEMS,GS APEJC MOMO Short,USD,Custom Basket,MAKPJTKY9BHYJYTV,False
GSCB_FLAGSHIP,Other / Review,Financials,,Americas,GSFINLCB,GS US Large Cap Banks,USD,Custom Basket,MAKPXAM9Q59NRQQF,True
GSCB_FLAGSHIP,Factor,Broad / Cross-sector,Value,Asia,GSXAKVAS,GS Korea Value (HB) Shor,KRW,Custom Basket,MAKR50SSF2MCRDKY,False
GSCB_FLAGSHIP,Theme,TMT / Tech,TMT,Americas,GSTMTMEM,GS TMT Memory Exposed,USD,Custom Basket,MAKRG7M19F29YV8F,False
GSCB_FLAGSHIP,Theme,Broad / Cross-sector,China / Supply Chain,Americas,GSXACBEN,GS China Easing Benefic.,USD,Custom Basket,MAKRYWDS2DTVPHJ8,False
GSCB_FLAGSHIP,Other / Review,Broad / Cross-sector,,Americas,GSXUSTGL,GS Stagflation Outprfrm.,USD,Custom Basket,MAKS39Q5PXKFCZKT,True
GSCB_FLAGSHIP,Other / Review,TMT / Tech,,Americas,GSSIITCS,Goldman Sachs IT Consulting & Other Services Sector Basket,USD,Custom Basket,MAKSEF24BEPR83RP,True
GSCB_FLAGSHIP,Other / Review,Broad / Cross-sector,,Americas,GSXASHIP,GS Asia Shipping,USD,Custom Basket,MAKSV44Z9S8CF4QW,True
GSCB_FLAGSHIP,Factor,Broad / Cross-sector,Size,Europe,GSXEBFZL,GS EU Size Long 2,EUR,Custom Basket,MAKT1Q261PWQB5S7,False
GSCB_FLAGSHIP,Sector Factor,Financials,Momentum,Europe,GSXEHMOF,EU Financials Momo Long,EUR,Custom Basket,MAKT6PM7RB41EPQ6,False
GSCB_FLAGSHIP,Other / Review,Telecom / Comm Svcs,,Europe,GSSBTELI,EU Telecoms,EUR,Research Basket,MAKTN0FQ6TPCXCV9,True
GSCB_FLAGSHIP,Other / Review,Energy,,Americas,GSENNATG,GS Energy Nat Gas,USD,Custom Basket,MAKTXWN9GYQHJG50,True
GSCB_FLAGSHIP,Other / Review,Broad / Cross-sector,,Europe,GSCMOXIG,GS Oxford Instruments Hg,GBP,Custom Basket,MAKV9VHWQZ4NH13K,True
GSCB_FLAGSHIP,Factor,Broad / Cross-sector,Short Interest,Asia,GSCBKRSH,GS Korea Short Interest,KRW,Custom Basket,MAKVV5JTWZAMBBMD,False
GSCB_FLAGSHIP,Factor,Broad / Cross-sector,Value,Americas,GSXUMFVL,GS US Value Long,USD,Custom Basket,MAKVYRZ1VHC91VNA,False
GSCB_FLAGSHIP,Theme,Broad / Cross-sector,Labor / Wage,Americas,GSSZLLAB,GS APxJ Low Labor Cost,USD,Research Basket,MAKVYVVMJXERBBP6,False
GSCB_FLAGSHIP,Other / Review,Broad / Cross-sector,,Asia,GSXAKPOW,GS Korea Electrification,KRW,Custom Basket,MAKVZ9AVHJV3RSB6,True
GSCB_FLAGSHIP,Sector Factor,Health Care,Beta,Americas,GSHCBETA,GS US Health Care Beta,USD,Custom Basket,MAKXFTMC39R76J07,False
GSCB_FLAGSHIP,Other / Review,Broad / Cross-sector,,Europe,GSCMDHRH,GS Delivery Hero Hedge,EUR,Custom Basket,MAKXYXBHVNB79EP3,True
GSCB_FLAGSHIP,Theme,Broad / Cross-sector,AI,Americas,GSXAAIPC,GS Asia PC/Phones AI,USD,Custom Basket,MAKYBKNZADHTY8JC,False
GSCB_FLAGSHIP,Theme,Broad / Cross-sector,HF / Positioning Theme,Europe,GSXEHVIP,EU Hedge Fund VIP,EUR,Custom Basket,MAKYDZP1ADZKF1AN,False
GSCB_FLAGSHIP,Other / Review,Broad / Cross-sector,,Europe,GSCMPPAH,GS Piraeus Hedge,EUR,Custom Basket,MAKYMN1BSSF75CN3,True
GSCB_FLAGSHIP,Other / Review,Broad / Cross-sector,,Americas,GSXAGOLD,GS Asia Gold Miners,USD,Custom Basket,MAKYN13X4N5NV47N,True
GSCB_FLAGSHIP,Theme,Broad / Cross-sector,AI,Europe,GSCBAIRE,GS EU AI Capex Recovery,EUR,Custom Basket,MAKZCAH7AA0V1P19,False
GSCB_FLAGSHIP,Factor,Broad / Cross-sector,Dividend / Yield,Americas,GSTHHACF,High Adjusted FCF Yield,USD,Research Basket,MAKZJ7DZVQXQ4N6Y,False
GSCB_FLAGSHIP,Factor,Broad / Cross-sector,Beta,Asia,GSCBCHIB,GS China Beta,CNH,Custom Basket,MAKZTE53DPD2PJ05,False
GSCB_FLAGSHIP,Other / Review,Broad / Cross-sector,,Americas,GSXAQUAC,GS Asia Quantum Comp,USD,Custom Basket,MAM04TFGDYRQ3XBE,True
GSCB_FLAGSHIP,Factor,Broad / Cross-sector,Momentum,Europe,GSXEHMZA,GS South Africa Hi Momo,ZAR,Custom Basket,MAM0M7K6G8NXW7MS,False
GSCB_FLAGSHIP,Factor,Broad / Cross-sector,Growth,Europe,GSXEUKGL,UK Reactive High Growth,GBP,Custom Basket,MAM0Q318Y9S5P2HJ,False
GSCB_FLAGSHIP,Other / Review,Consumer,,Global,GSXAACON,GS Australia Consumer,AUD,Custom Basket,MAM229WCPSS6QRMR,True
GSCB_FLAGSHIP,Other / Review,Broad / Cross-sector,,Europe,GSCMWAWI,GS Wallenius Wilhel Hedg,NOK,Custom Basket,MAM2AEXB46KARC93,True
GSCB_FLAGSHIP,Other / Review,Broad / Cross-sector,,Europe,GSSBFOOP,EU Food Products,EUR,Research Basket,MAM2B7PRJA1V0ZK2,True
GSCB_FLAGSHIP,Sector Factor,Industrials,Momentum,Americas,GSINMOMO,GS US Industrial Momentum,USD,Custom Basket,MAM2BAR5GJ4RZ1F6,False
GSCB_FLAGSHIP,Other / Review,Consumer,,Europe,GSXELOWC,GS EU Low Income Cons,EUR,Custom Basket,MAM3978EV6CGRSYN,True
GSCB_FLAGSHIP,Factor,Broad / Cross-sector,Momentum,Asia,GSXAMFML,GS Japan Momo Long,JPY,Custom Basket,MAM3R59AEQMCNJYP,False
GSCB_FLAGSHIP,Other / Review,Broad / Cross-sector,,Europe,GSXEWBAL,GS EU Weak B/S,EUR,Custom Basket,MAM47BQZQCBZX1SQ,True
GSCB_FLAGSHIP,Other / Review,Broad / Cross-sector,,Asia,GSXFSOES,EM State Owned Enterprises,USD,Custom Basket,MAM5RFHDFQN18EAR,True
GSCB_FLAGSHIP,Theme,Broad / Cross-sector,China / Supply Chain,Americas,GSXACSDE,GS China Developers,USD,Custom Basket,MAM5T52SHX00Y4BS,False
GSCB_FLAGSHIP,Other / Review,TMT / Tech,,Americas,GSTMTHRW,GS Hardware & Comm,USD,Custom Basket,MAM5XX2MTC55TNS1,True
GSCB_FLAGSHIP,Other / Review,Broad / Cross-sector,,Europe,GSCMRENK,GS Renk Hedge,EUR,Custom Basket,MAM75KW249JK0ZHG,True
GSCB_FLAGSHIP,Other / Review,Broad / Cross-sector,,Europe,GSCBGBNK,GS Greek Banks Equal Wei,EUR,Custom Basket,MAM78WZ207E58SP6,True
GSCB_FLAGSHIP,Other / Review,Broad / Cross-sector,,Americas,GSCMNDX5,Top 100 Nasdaq ex. Top 5,USD,Custom Basket,MAM7ATKTSJYHGNK9,True
GSCB_FLAGSHIP,Other / Review,Broad / Cross-sector,,Europe,GSCMAMRC,GS Americana Hedge,USD,Custom Basket,MAM7HR0Z8HP70TN7,True
GSCB_FLAGSHIP,Other / Review,Broad / Cross-sector,,Asia,GSCBGDF1,Corp Gov & Def: Defense,JPY,Custom Basket,MAM7JJZWDM7T7J6G,True
GSCB_FLAGSHIP,Other / Review,Broad / Cross-sector,,Europe,GSCMDIEH,GS D'Ieteren Group Hedge,EUR,Custom Basket,MAM7S6JW9D43BFSR,True
GSCB_FLAGSHIP,Sector Factor,Financials,Crowding,Americas,GSFIWFCL,GS US Fin High Crowding,USD,Custom Basket,MAM7SMVCPXBXSFZ0,False
GSCB_FLAGSHIP,Factor,Broad / Cross-sector,Volatility,Americas,GSXUWRVL,GS US Wolfe High Res Vol,USD,Custom Basket,MAM86FW6S1S9M6G5,False
GSCB_FLAGSHIP,Other / Review,Broad / Cross-sector,,Europe,GSCMCOFP,GS Casino Guichard Hedge,EUR,Custom Basket,MAM88WG0DM56R1YZ,True
GSCB_FLAGSHIP,Other / Review,Broad / Cross-sector,,Europe,GSCMDEWA,GS DEWA Hedge,USD,Custom Basket,MAM969M3D35RJTRP,True
GSCB_FLAGSHIP,Other / Review,Broad / Cross-sector,,Asia,GSXAKROB,GS Korea Robots,KRW,Custom Basket,MAM96QMV76J28Z0B,True
GSCB_FLAGSHIP,Sector Factor,Consumer,Value,Americas,GSCNBFVL,GS US Cons Value Long,USD,Custom Basket,MAM97ABAXZ5145H6,False
GSCB_FLAGSHIP,Other / Review,Broad / Cross-sector,,Europe,GSXEWIND,GS EU Wind,EUR,Custom Basket,MAM9HM2DJSDPC48M,True
GSCB_FLAGSHIP,Factor,Broad / Cross-sector,Momentum,Europe,GSXEMFML,GS EU Momentum Long,EUR,Custom Basket,MAM9KTRY8PNKEBSW,False
GSCB_FLAGSHIP,Other / Review,Broad / Cross-sector,,Americas,GSCBR1P2,GSCBR1P2,USD,Custom Basket,MAM9TC5D03WCPT4Y,True
GSCB_FLAGSHIP,Theme,Broad / Cross-sector,AI,Americas,GSCBAIEC,GS GIR AI EPS Call,USD,Custom Basket,MAM9YYDRDBE0PB9Z,False
GSCB_FLAGSHIP,Theme,Broad / Cross-sector,AI,Americas,GSXAPCAI,GS Asia PC AI Upgrades,USD,Custom Basket,MAMA2NY0E2CVZ2W2,False
GSCB_FLAGSHIP,Other / Review,Broad / Cross-sector,,Americas,GSBZRIGH,GSBZRIGH,BRL,Custom Basket,MAMA5DNQKYGHGY6B,True
GSCB_FLAGSHIP,Other / Review,Broad / Cross-sector,,Americas,GSCMFLUT,GS FLUT Hedge,USD,Custom Basket,MAMAK517H9NBT9BY,True
GSCB_FLAGSHIP,Factor,Broad / Cross-sector,Volatility,Americas,GSXUWFWS,GS US Wolfe Low Vol,USD,Custom Basket,MAMAPRJE611DCYN0,False
GSCB_FLAGSHIP,Factor,Broad / Cross-sector,Dividend / Yield,Americas,GSXUWFDL,GS US Wolfe Hi Div Yield,USD,Custom Basket,MAMAWSDH754QS2TF,False
GSCB_FLAGSHIP,Other / Review,Broad / Cross-sector,,Europe,GSXEPHYS,GS EU Physical Assets,EUR,Custom Basket,MAMB0NS9XGFZTJSH,True
GSCB_FLAGSHIP,Theme,Broad / Cross-sector,China / Supply Chain,Asia,GSXACRMW,GS China Weak RMB,CNH,Custom Basket,MAMC1DFR6DQJE21J,False
GSCB_FLAGSHIP,Other / Review,Broad / Cross-sector,,Asia,GSCBJSCR,GS Japan SMID Corp. Ref,JPY,Custom Basket,MAMCGWH76294N907,True
GSCB_FLAGSHIP,Other / Review,Broad / Cross-sector,,Europe,GSXELOSI,EU Reactive Lo Short Int,EUR,Custom Basket,MAME89NM6D9NHPMN,True
GSCB_FLAGSHIP,Other / Review,Broad / Cross-sector,,Europe,GSCMHEIH,GS Heidelberg Hedge,EUR,Custom Basket,MAMEJG28Q508D2NS,True
GSCB_FLAGSHIP,Other / Review,Real Estate,,Asia,GSCBGUR1,Corp Gov & Def: RE Gains,JPY,Custom Basket,MAMEMQKWDWZKN6P2,True
GSCB_FLAGSHIP,Other / Review,Broad / Cross-sector,,Europe,GSXEACDC,GS EU Electrification,EUR,Custom Basket,MAMERCPR6EV3CRQ6,True
GSCB_FLAGSHIP,Other / Review,Broad / Cross-sector,,Americas,GSSIAUTO,Goldman Sachs Automobiles Sector Basket,USD,Custom Basket,MAMESD2ZFJ4TNZQN,True
GSCB_FLAGSHIP,Other / Review,Broad / Cross-sector,,Europe,GSCMVOLA,GS Volvo AB Hedge,SEK,Custom Basket,MAMEWXA17G9XE3GH,True
GSCB_FLAGSHIP,Other / Review,Broad / Cross-sector,,Europe,GSCMLIND,GS Linde Hedge,EUR,Custom Basket,MAMFE4DYAVP55PB9,True
GSCB_FLAGSHIP,Factor,Broad / Cross-sector,Momentum,Europe,GSCBHIP3,GS EU Expensive Momo,EUR,Custom Basket,MAMFGRPFNYAHQX0B,False
GSCB_FLAGSHIP,Theme,Broad / Cross-sector,HF / Positioning Theme,Americas,GSTHHVIP,Hedge Fund VIP,USD,Research Basket,MAMGDVSWVXWHEHFQ,False
GSCB_FLAGSHIP,Other / Review,Financials,,Americas,GSFIWFIS,GS US Financial Low SI,USD,Custom Basket,MAMGMVKVEC9ZJXWB,True
GSCB_FLAGSHIP,Other / Review,Financials,,Americas,GSFINDEL,GS Fins Deal Flow Benefi,USD,Custom Basket,MAMGPSR0C5A82QS0,True
GSCB_FLAGSHIP,Other / Review,Broad / Cross-sector,,Asia,GSCBSRE1,GS Singapore REITs,SGD,Custom Basket,MAMGRXSS1FJDFN01,True
GSCB_FLAGSHIP,Factor,Broad / Cross-sector,Momentum,Asia,GSXAJMSS,GS High Beta ST MOMO Sho,JPY,Custom Basket,MAMJ5MM1TECYA5RX,False
GSCB_FLAGSHIP,Other / Review,TMT / Tech,,Asia,GSXAHKET,GS Hong Kong Ex Tech,HKD,Custom Basket,MAMJ7W4WFBEGH04Q,True
GSCB_FLAGSHIP,Other / Review,Broad / Cross-sector,,Asia,GSXAJATO,GS Japan Automation,JPY,Custom Basket,MAMJET42FS20FGDZ,True
GSCB_FLAGSHIP,Other / Review,Broad / Cross-sector,,Asia,GSCBKRAI,GS Korea Artificial Intl,KRW,Custom Basket,MAMJSBD9RAJC4SC6,True
GSCB_FLAGSHIP,Theme,TMT / Tech,Software,Asia,GSXAJSOF,GS Japan Software,JPY,Custom Basket,MAMKNBAX3KK4ZQW7,False
GSCB_FLAGSHIP,Other / Review,Broad / Cross-sector,,Europe,GSCBSPPR,GS EU Strong Pricing Pwr,EUR,Custom Basket,MAMKV3KTMNANH6N7,True
GSCB_FLAGSHIP,Other / Review,Consumer,,Asia,GSCNRMBW,RMB Depreciation Winners,HKD,Research Basket,MAMMMA5SMR60JKYZ,True
GSCB_FLAGSHIP,Other / Review,Broad / Cross-sector,,Europe,GSXGSENS,GS Global Sensors,USD,Custom Basket,MAMMWBDHZ4VGCP1D,True
GSCB_FLAGSHIP,Other / Review,Broad / Cross-sector,,Europe,GSCMADNA,GS AD NA Hedge,EUR,Custom Basket,MAMN4XDZTD155BWZ,True
GSCB_FLAGSHIP,Factor,Broad / Cross-sector,Growth,Americas,GSXUBFGS,GS US Barra Low Growth,USD,Custom Basket,MAMN6SDQHQA33QXQ,False
GSCB_FLAGSHIP,Factor,Broad / Cross-sector,Value,Americas,GSXUBFVL,GS US Barra High Value,USD,Custom Basket,MAMN8M32K8KHMDN9,False
GSCB_FLAGSHIP,Theme,Broad / Cross-sector,China / Supply Chain,Americas,GSXASUCH,GS China Superconductor,USD,Custom Basket,MAMNAYBGWJBGT48K,False
GSCB_FLAGSHIP,Other / Review,Broad (US),,Americas,GSPUBARV,,USD,Custom Basket,MAMNBNG53X9QHV90,True
GSCB_FLAGSHIP,Other / Review,Broad / Cross-sector,,Europe,GSCMGLBH,GS Glanbia Hedge,EUR,Custom Basket,MAMNXAD480PDWR6W,True
GSCB_FLAGSHIP,Other / Review,Broad / Cross-sector,,Americas,GSXFLAHA,GSXFLAHA,BRL,Custom Basket,MAMNYMK6S490GPSW,True
GSCB_FLAGSHIP,Other / Review,Broad / Cross-sector,,Europe,GSXESWED,GS Swedish Domestics,SEK,Custom Basket,MAMP39M4KX498B8R,True
GSCB_FLAGSHIP,Factor,Broad / Cross-sector,Momentum,Americas,GSSZWMOM,APJ Weak Momentum,USD,Research Basket,MAMPD39PXY5CNTF4,False
GSCB_FLAGSHIP,Theme,Broad / Cross-sector,AI,Europe,GSXEUKAI,GS UK AI Exposed,GBP,Custom Basket,MAMPNZSYZJ5C8B5Q,False
GSCB_FLAGSHIP,Other / Review,Broad / Cross-sector,,Americas,GSXGAIRD,GS Global Air Defense,USD,Custom Basket,MAMPVKZJP7GWZK86,True
GSCB_FLAGSHIP,Other / Review,Broad / Cross-sector,,Europe,GSXEFRXB,GS French Dom ex Banks,EUR,Custom Basket,MAMRBY3NNNBJPF6M,True
GSCB_FLAGSHIP,Theme,Broad / Cross-sector,Reopening / Reflation,Asia,GSXAJREF,GS Japan Reflation,JPY,Custom Basket,MAMRT5CSH00HAEZD,False
GSCB_FLAGSHIP,Other / Review,Utilities,,Americas,GSSIGASU,Goldman Sachs Gas Utilities Sector Basket,USD,Custom Basket,MAMS4HGXB1DDTWH5,True
GSCB_FLAGSHIP,Other / Review,Broad / Cross-sector,,Europe,GSXEBOIE,GS EU Big Oil,EUR,Custom Basket,MAMSEH0SATG2SMBZ,True
GSCB_FLAGSHIP,Factor,Broad / Cross-sector,Growth,Europe,GSXEMIGL,EU Rctv Hi Midcap Growth,EUR,Custom Basket,MAMSQXB614S5Y0N2,False
GSCB_FLAGSHIP,Other / Review,Broad / Cross-sector,,Europe,GSXESTGL,GS EU Stagflation Long,EUR,Custom Basket,MAMSSJKK4C1J0EGB,True
GSCB_FLAGSHIP,Other / Review,Broad / Cross-sector,,Europe,GSCBTLCO,GS Custom Telco Hedge,EUR,Custom Basket,MAMT015G1RV2CJCW,True
GSCB_FLAGSHIP,Factor,Broad / Cross-sector,Liquidity,Asia,GSXACBLL,GS China Liquidity Long,CNH,Custom Basket,MAMTC3P5JSFKKRAB,False
GSCB_FLAGSHIP,Other / Review,Broad / Cross-sector,,Asia,GSJPCPEX,GS JP Capex,JPY,Research Basket,MAMTDX8JXJ5M2RH7,True
GSCB_FLAGSHIP,Theme,Broad / Cross-sector,Buybacks / Capital Return,Europe,GSSTREPO,EU Buybacks,EUR,Research Basket,MAMTGQV6VRPAB4X8,False
GSCB_FLAGSHIP,Theme,Broad / Cross-sector,Healthcare Innovation,Asia,GSCBIJPH,GS Custom JP Pharmaceuti,JPY,Custom Basket,MAMTYR0ZPXEA6GHA,False
GSCB_FLAGSHIP,Theme,TMT / Tech,Semiconductors,Americas,GSCMCHIP,Flagship Semis Hedge,USD,Custom Basket,MAMV19MVQ3WJ3BDY,False
GSCB_FLAGSHIP,Other / Review,Broad / Cross-sector,,Americas,GSXUWFSS,GS US Wolfe Lo Revisions,USD,Custom Basket,MAMVK1PXFJY9HMXQ,True
GSCB_FLAGSHIP,Other / Review,Broad / Cross-sector,,Europe,GSXEHCRB,GS EU High Carbon,EUR,Custom Basket,MAMVM6TJVR52VDX2,True
GSCB_FLAGSHIP,Other / Review,Broad (US),,Americas,GSPUVOLW,GS US Wolfe Vol,USD,Custom Basket,MAMVRYWFDWTMZH4D,True
GSCB_FLAGSHIP,Factor,Broad / Cross-sector,Momentum,Asia,GSXAHBMS,GS Hong Kong MOMO Short,HKD,Custom Basket,MAMVT15AAS4QNPTE,False
GSCB_FLAGSHIP,Other / Review,Broad / Cross-sector,,Europe,GSXEHIBK,GS EU High Income Banks,EUR,Custom Basket,MAMW14HCHSG0GEX7,True
GSCB_FLAGSHIP,Other / Review,TMT / Tech,,Asia,GSCBTXTE,GS Taiwan Ex Tech,TWD,Custom Basket,MAMWFMA460KHDC7H,True
GSCB_FLAGSHIP,Other / Review,Broad / Cross-sector,,Asia,GSSZAPPL,Taiwan Apple Suppliers,TWD,Research Basket,MAMWMHT27BHC9EEX,True
GSCB_FLAGSHIP,Other / Review,Broad / Cross-sector,,Europe,GSCBGFIC,GS Custom German Fisc,EUR,Custom Basket,MAMX4ZR1J3GPWQMF,True
GSCB_FLAGSHIP,Other / Review,Industrials,,Europe,GSXEINDU,GS EU Industrial Manuf,EUR,Custom Basket,MAMXE42JRPNDSGCM,True
GSCB_FLAGSHIP,Factor,Broad / Cross-sector,Growth,Americas,GSXACHGS,GS China Growth Short,USD,Custom Basket,MAMXFEM0Z7C2SJB6,False
GSCB_FLAGSHIP,Theme,Broad / Cross-sector,AI,Asia,GSXAAIIN,GS China AI Infra,CNH,Custom Basket,MAMXG9VXY4NJ1D3A,False
GSCB_FLAGSHIP,Other / Review,Broad / Cross-sector,,Europe,GSXEUROP,GS Europe,EUR,Custom Basket,MAMY3572PX9SVAQZ,True
GSCB_FLAGSHIP,Factor,Broad / Cross-sector,Growth,Europe,GSXELGRO,EU Reactive Low Growth,EUR,Custom Basket,MAMY723TDB202FGV,False
GSCB_FLAGSHIP,Other / Review,Broad / Cross-sector,,Americas,GSXUWFOL,GS US Wolfe Hi Oil Price,USD,Custom Basket,MAMYPKEXYZEX2N48,True
GSCB_FLAGSHIP,Sector Factor,Energy,Momentum,Americas,GSENEMOL,GS ENE US Momentum Long,USD,Custom Basket,MAMZ8DW05WANGZM6,False
GSCB_FLAGSHIP,Other / Review,Broad / Cross-sector,,Europe,GSXEINDI,GS EU Indian Exposure,EUR,Custom Basket,MAMZMXQ8KD2RPTBZ,True
GSCB_FLAGSHIP,Other / Review,Financials,,Americas,GSFINPAC,Fins P&C Insurance,USD,Custom Basket,MAMZY6FASTHZY8W9,True
GSCB_FLAGSHIP,Other / Review,Broad / Cross-sector,,Americas,GSCMSPYE,Top 500 Equal Weight,USD,Custom Basket,MAN06TE0GTN6FS2P,True
GSCB_FLAGSHIP,Other / Review,Broad / Cross-sector,,Americas,GSCMACIH,Flagship ACI Hedge,USD,Custom Basket,MAN08CK21KXR36FN,True
GSCB_FLAGSHIP,Other / Review,Broad / Cross-sector,,Asia,GSCBHBYH,GS HK Hedge,HKD,Custom Basket,MAN0QY4PH3FM7MAR,True
GSCB_FLAGSHIP,Other / Review,Broad / Cross-sector,,Americas,GSXAPOWG,GS Asia Power Grid,USD,Custom Basket,MAN0W6BTBXNF480Q,True
GSCB_FLAGSHIP,Other / Review,Broad / Cross-sector,,Asia,GSCBJTSE,GS Japan TSE Responders,JPY,Custom Basket,MAN10BYY22EG644K,True
GSCB_FLAGSHIP,Factor,Broad / Cross-sector,Size,Americas,GSIPSIZS,Size Factor Short,USD,Research Basket,MAN171BJQ6CM66HP,False
GSCB_FLAGSHIP,Sector Factor,TMT / Tech,Growth,Americas,GSTMBFGL,GS US TMT Growth Long,USD,Custom Basket,MAN1K4R7YVP15ANZ,False
GSCB_FLAGSHIP,Other / Review,Broad / Cross-sector,,Europe,GSCMALPH,GS Alpha Group Hedge,GBP,Custom Basket,MAN1KDWBTW3H7RHK,True
GSCB_FLAGSHIP,Other / Review,Broad / Cross-sector,,Americas,GSXUBIGT,GS Big Ticket Items,USD,Custom Basket,MAN1WK5A40XDXWSM,True
GSCB_FLAGSHIP,Other / Review,Energy,,Americas,GSENEOLS,GS Energy Services,USD,Custom Basket,MAN21TZ0Q0CSM1XS,True
GSCB_FLAGSHIP,Other / Review,Broad / Cross-sector,,Europe,GSXEPOWR,GS EU Power Up Europe,EUR,Custom Basket,MAN36SWE3XP6XE30,True
GSCB_FLAGSHIP,Theme,Broad / Cross-sector,Clean Energy / ESG,Americas,GS24DEM2,GS Democrat ex Renewable,USD,Custom Basket,MAN3EBVXF7MPTQGA,False
GSCB_FLAGSHIP,Other / Review,Broad / Cross-sector,,Europe,GSCMUBIH,GS Ubisoft Hedge,EUR,Custom Basket,MAN444K91JXBDDGT,True
GSCB_FLAGSHIP,Factor,Broad / Cross-sector,Dividend / Yield,Americas,GSXUMFEL,US Earnings Yield Long,USD,Custom Basket,MAN45WGC4J7XH6QZ,False
GSCB_FLAGSHIP,Other / Review,Broad / Cross-sector,,Europe,GSCMVIVF,GS Vivendi Hedge,EUR,Custom Basket,MAN4CME20KPV81R4,True
GSCB_FLAGSHIP,Other / Review,Telecom / Comm Svcs,,Europe,GSCMTITH,GS Telecom Italia Hedge,EUR,Custom Basket,MAN4HEFVDM57NCVT,True
GSCB_FLAGSHIP,Other / Review,Broad / Cross-sector,,Americas,GSSBGCYC,Global Cyclicals,USD,Research Basket,MAN569MEBHQ49378,True
GSCB_FLAGSHIP,Other / Review,Broad / Cross-sector,,Europe,GSSTDOME,EU Domestic Exposure,EUR,Research Basket,MAN5DJ2GWPS4G5GN,True
GSCB_FLAGSHIP,Theme,Broad / Cross-sector,China / Supply Chain,Americas,GSXACPOW,GS China Power Grid,USD,Custom Basket,MAN5E2WFE1TVP3MW,False
GSCB_FLAGSHIP,Other / Review,Broad / Cross-sector,,Americas,GSHLCMTB,GS Metabolic/GI,USD,Custom Basket,MAN5GA7F4CYZJFEB,True
GSCB_FLAGSHIP,Sector Factor,TMT / Tech,Leverage,Americas,GSTMBFLS,GS US TMT Leverage Short,USD,Custom Basket,MAN5KKH55ZPCKFW1,False
GSCB_FLAGSHIP,Other / Review,Broad / Cross-sector,,Americas,GSXFBSOE,GS BZ SOEs (BRL),BRL,Custom Basket,MAN5SK0RTAJRX7AE,True
GSCB_FLAGSHIP,Other / Review,Broad / Cross-sector,,Americas,GSXGROBO,GS Global Robots,USD,Custom Basket,MAN5YNX04QEZCEGA,True
GSCB_FLAGSHIP,Other / Review,Broad / Cross-sector,,Europe,GSCMEXOH,GS EXOR Holdco Hedge,EUR,Custom Basket,MAN60H9WPV4QSTGS,True
GSCB_FLAGSHIP,Factor,Broad / Cross-sector,Value,Europe,GSXEBFVL,EU Cheap Value,EUR,Custom Basket,MAN67YGMHPYNQ5PA,False
GSCB_FLAGSHIP,Other / Review,Broad / Cross-sector,,Europe,GSCBSMMA,GS EU SMID M&A Targets,EUR,Custom Basket,MAN6B2KCRVGPV8BR,True
GSCB_FLAGSHIP,Theme,TMT / Tech,Semiconductors,Europe,GSSBSEMI,EU Semiconductors,EUR,Research Basket,MAN6J9GA3D8SH5ZB,False
GSCB_FLAGSHIP,Theme,Broad / Cross-sector,China / Supply Chain,Asia,GSCBCHBO,GS China Humanoids EW,CNH,Custom Basket,MAN6NTN037QXM535,False
GSCB_FLAGSHIP,Other / Review,Financials,,Asia,GSCBTXFI,GS Japan ex Financials,JPY,Custom Basket,MAN6V7HTH7AJV3AR,True
GSCB_FLAGSHIP,Other / Review,Broad / Cross-sector,,Asia,GSXAKHOC,GS Korea Hold Cos,KRW,Custom Basket,MAN6YCS37VVQD5CV,True
GSCB_FLAGSHIP,Other / Review,Financials,,Americas,GSFINXCH,Fins Exchanges and Data,USD,Custom Basket,MAN7GB4DFZSY604Y,True
GSCB_FLAGSHIP,Other / Review,Broad / Cross-sector,,Americas,GSXFBZSH,BZ Most Short,BRL,Custom Basket,MAN7KBAMFG4859E8,True
GSCB_FLAGSHIP,Other / Review,Broad / Cross-sector,,Asia,GSXAKRLC,GS Korea Large Cap,KRW,Custom Basket,MAN7VD7NRXFTNS73,True
GSCB_FLAGSHIP,Factor,Broad / Cross-sector,Momentum,Americas,GSXFBZML,GS Brazil Momo Long,BRL,Custom Basket,MAN8E485ZPF13ZGG,False
GSCB_FLAGSHIP,Other / Review,Broad / Cross-sector,,Americas,GSTHHFSL,Low HF Concentration,USD,Research Basket,MAN8NPJ877AC2PV9,True
GSCB_FLAGSHIP,Other / Review,Broad / Cross-sector,,Americas,GSSITDST,Goldman Sachs Technology Distributors Sector Basket,USD,Custom Basket,MAN8PAP27EF7TJVG,True
GSCB_FLAGSHIP,Other / Review,Energy,,Americas,GSCBNRGD,GS US Energy Upside,USD,Custom Basket,MAN91HZR2BZ0WKTJ,True
GSCB_FLAGSHIP,Other / Review,Broad / Cross-sector,,Europe,GSSTINDI,EU India Exposure,EUR,Research Basket,MAN9DHG928FQXN2V,True
GSCB_FLAGSHIP,Sector Factor,Financials,Momentum,Americas,GSFINMOS,GS FIN US Momentum Short,USD,Custom Basket,MAN9XTD3MXK7WXEG,False
GSCB_FLAGSHIP,Factor,Broad / Cross-sector,Beta,Americas,GSXUBTXS,GS Low Beta Ex AI & BTC,USD,Custom Basket,MANABGKC3TEGRS2W,False
GSCB_FLAGSHIP,Factor,Broad / Cross-sector,Momentum,Asia,GSXAKRMS,GS Korea MOMO Short,KRW,Custom Basket,MANAQ0AG8CKPC15Y,False
GSCB_FLAGSHIP,Other / Review,Broad / Cross-sector,,Europe,GSCBEAPL,GS EU Apparel,EUR,Custom Basket,MANAVM34S3BH45H9,True
GSCB_FLAGSHIP,Other / Review,Broad / Cross-sector,,Americas,GSXUWFRS,GS US Wolfe Low IR Rates,USD,Custom Basket,MANB8QTZ9RAA7C1J,True
GSCB_FLAGSHIP,Other / Review,Broad / Cross-sector,,Europe,GSXFCERE,GS CEEMEA Oil Refiners,USD,Custom Basket,MANBWY1F8XQKYSJ8,True
GSCB_FLAGSHIP,Other / Review,Broad / Cross-sector,,Europe,GSXGCYCL,GS Global Cyclicals,USD,Custom Basket,MANC2ED3DRS30FMK,True
GSCB_FLAGSHIP,Other / Review,Broad / Cross-sector,,Europe,GSCMINPH,GS Inpost Hedge,EUR,Custom Basket,MANCG1X2HGS3HSVK,True
GSCB_FLAGSHIP,Factor,Broad / Cross-sector,Volatility,Europe,GSXEHRSV,GS EU High Residual Vol,EUR,Custom Basket,MANCJYR98RZK7SAE,False
GSCB_FLAGSHIP,Factor,Broad / Cross-sector,Quality,Americas,GSKOERNQ,GS US Ern Qual EFMUSALTS,USD,Custom Basket,MANCK0MD3D2M4PR5,False
GSCB_FLAGSHIP,Theme,Health Care,China / Supply Chain,Americas,GSXACHHC,GS China Healthcare,USD,Custom Basket,MANCRH95DMSYM2QF,False
GSCB_FLAGSHIP,Theme,Broad / Cross-sector,China / Supply Chain,Americas,GSXACP10,GS China Prominent 10,USD,Custom Basket,MANCZ6RSEWEXTAXS,False
GSCB_FLAGSHIP,Factor,Broad / Cross-sector,Growth,Americas,GSIPGROS,Growth Factor Short,USD,Research Basket,MANDHT93TAG6VQR5,False
GSCB_FLAGSHIP,Theme,Broad / Cross-sector,Labor / Wage,Europe,GSSTHLAB,EU High Labour Costs,EUR,Research Basket,MANDME5DCG5ZV9JV,False
GSCB_FLAGSHIP,Other / Review,Broad / Cross-sector,,Americas,GSCBAEAI,GS AeJ Artificial Intel,USD,Custom Basket,MANF5G53VVYSAF7F,True
GSCB_FLAGSHIP,Factor,Broad / Cross-sector,Growth,Europe,GSXEBFGL,EU High Growth (Barra),EUR,Custom Basket,MANF9CEXCK45ZXPB,False
GSCB_FLAGSHIP,Sector Factor,Industrials,Beta,Americas,GSINBFBL,GS US INL Beta Long,USD,Custom Basket,MANFWC5P4K2N2076,False
GSCB_FLAGSHIP,Other / Review,Broad / Cross-sector,,Americas,GSSIADVT,Goldman Sachs Advertising Sector Basket,USD,Custom Basket,MANGFPHEGHMSBQS5,True
GSCB_FLAGSHIP,Other / Review,Broad / Cross-sector,,Asia,GSXAJPSR,GS Japan Shareholder Rt,JPY,Custom Basket,MANH5MTYX9WX9JV5,True
GSCB_FLAGSHIP,Other / Review,Broad / Cross-sector,,Asia,GSCBJDE2,GS JP Defense Hedge - HB,JPY,Custom Basket,MANHCRMZX4RQ2TTR,True
GSCB_FLAGSHIP,Other / Review,Broad / Cross-sector,,Americas,GSXUSMBB,GS Small Biz Exposure,USD,Custom Basket,MANHGNNVQTQ1D6PZ,True
GSCB_FLAGSHIP,Other / Review,Broad / Cross-sector,,Americas,GSHLCGEN,GS Gene Therapy/Editing,USD,Custom Basket,MANJ2ZX7AFB2VCRA,True
GSCB_FLAGSHIP,Factor,Broad (US),Value,Americas,GSPUBGVA,GS US GEMLT Value Pair,USD,Custom Basket,MANJB91QRW3PPM3Z,False
GSCB_FLAGSHIP,Other / Review,Financials,,Europe,GSXFSAFI,GS Saudi Financials,USD,Custom Basket,MANJHV6G4T9T182V,True
GSCB_FLAGSHIP,Other / Review,Broad / Cross-sector,,Americas,GSXULMIT,GS Low Margin Intl,USD,Custom Basket,MANK79YPBFQBT9SS,True
GSCB_FLAGSHIP,Theme,Industrials,China / Supply Chain,Asia,GSJPCHID,GS Jpn China-industrial,JPY,Research Basket,MANKS3EB6S733D0B,False
GSCB_FLAGSHIP,Other / Review,Broad / Cross-sector,,Asia,GSXATAIH,GS TSMC Capex,TWD,Custom Basket,MANKY6GRMEH2YH43,True
GSCB_FLAGSHIP,Other / Review,Broad / Cross-sector,,Europe,GSCBUKRS,GS Ukraine At Risk,EUR,Custom Basket,MANM20X1GSJQY2WT,True
GSCB_FLAGSHIP,Factor,Broad (US),Momentum,Americas,GSPUMFTP,GS US Axioma ST Momo,USD,Custom Basket,MANM7PEVJ7Y9GNYE,False
GSCB_FLAGSHIP,Factor,Broad / Cross-sector,Momentum,Europe,GSXEHMSA,GS Saudi Arabia Hi Momo,SAR,Custom Basket,MANME7PCP1D12RB6,False
GSCB_FLAGSHIP,Other / Review,Broad / Cross-sector,,Asia,GSCBIJMA,GS Custom JP Machinery,JPY,Custom Basket,MANMRAJSC0EZR79X,True
GSCB_FLAGSHIP,Factor,Broad / Cross-sector,Momentum,Europe,GSXEHMOW,EU Reactive High Momo,EUR,Custom Basket,MANMYCXN9J9TM0VX,False
GSCB_FLAGSHIP,Other / Review,Broad / Cross-sector,,Europe,GSXEDATA,GS EU Data Centers,EUR,Custom Basket,MANN8K72N7KSFN9P,True
GSCB_FLAGSHIP,Other / Review,Broad / Cross-sector,,Europe,GSCBAMEH,GS EU US Hi Sales & Prod,EUR,Custom Basket,MANNHMNCGTNWQMMA,True
GSCB_FLAGSHIP,Other / Review,Broad / Cross-sector,,Europe,GSCMSAPL,GS SA Platinum Hedge,ZAR,Custom Basket,MANNN70KQ1AXNGY0,True
GSCB_FLAGSHIP,Other / Review,Broad (US),,Americas,GSPUTAXP,Corporate Tax Factor,USD,Custom Basket,MANP9BFF3P2ZSXNZ,True
GSCB_FLAGSHIP,HF Positioning,Utilities,VIP vs Short,Americas,GSPRVSUT,GS US Utes VIP vs Short,USD,Custom Basket,MANQ7KKTVHBN866Z,False
GSCB_FLAGSHIP,Factor,Broad / Cross-sector,Profitability,Americas,GSXUBGPS,GS US GEMLT Low Prof,USD,Custom Basket,MANQMC0HRG0JZ3A1,False
GSCB_FLAGSHIP,Theme,TMT / Tech,Semiconductors,Americas,GSSZAISM,GS Asia AIGC Semis,USD,Research Basket,MANQSSH784GV0X6D,False
GSCB_FLAGSHIP,Sector Factor,Financials,Value,Americas,GSFIVALU,GS US Financials Value,USD,Custom Basket,MANR1V75W666P7S0,False
GSCB_FLAGSHIP,Theme,TMT / Tech,Semiconductors,Americas,GSTMTSEM,Semiconductor Basket,USD,Custom Basket,MANSXA5AWP3NE36Y,False
GSCB_FLAGSHIP,Other / Review,Broad / Cross-sector,,Europe,GSCBGCOA,GS CB Global Coal,USD,Custom Basket,MANTCC4TQKWZ0S66,True
GSCB_FLAGSHIP,Other / Review,Broad / Cross-sector,,Americas,GSSBDEFS,Defensives,USD,Research Basket,MANV24R23S2DR4KQ,True
GSCB_FLAGSHIP,Other / Review,Broad / Cross-sector,,Europe,GSCBPWRP,GS EU Gas & Power Price,EUR,Custom Basket,MANV2WDZ1D9Y8H5K,True
GSCB_FLAGSHIP,Other / Review,Broad / Cross-sector,,Asia,GSCBKHDS,GS Korea High Div Low PB,KRW,Custom Basket,MANVD7A9D5EWPKRJ,True
GSCB_FLAGSHIP,Other / Review,Broad / Cross-sector,,Europe,GSCBTOBA,GS EU P&G Goods -Tobacco,GBP,Custom Basket,MANVSWC4B9XY9HSW,True
GSCB_FLAGSHIP,Factor,Broad / Cross-sector,Size,Europe,GSCBMISS,EU Midcap Size Short,EUR,Custom Basket,MANW0DMJFC6CA5YK,False
GSCB_FLAGSHIP,Other / Review,Broad / Cross-sector,,Europe,GSCMELIS,GS Elis Sa Hedge,EUR,Custom Basket,MANW2ZRYHX9JPV24,True
GSCB_FLAGSHIP,Other / Review,TMT / Tech,,Europe,GSCBNBTC,GS EU Non Broken Tech,EUR,Custom Basket,MANW7J97YRKKT34T,True
GSCB_FLAGSHIP,Other / Review,Broad / Cross-sector,,Americas,GSXUSTGS,GS Stagflation Undrprfrm,USD,Custom Basket,MANWBY75JEN1Z3RD,True
GSCB_FLAGSHIP,Other / Review,Broad / Cross-sector,,Europe,GSCMHASM,GS ASM Global Hedge,EUR,Custom Basket,MANWJNRAZJCRS360,True
GSCB_FLAGSHIP,Other / Review,Broad / Cross-sector,,Asia,GSCBNAVS,GS Korea Subsidiaries,KRW,Custom Basket,MANWTHRZG5CQ7G56,True
GSCB_FLAGSHIP,Other / Review,Broad / Cross-sector,,Europe,GSCMGALH,GS Global Galderma Hedge,CHF,Custom Basket,MANWZQTQWAPZQSA1,True
GSCB_FLAGSHIP,Other / Review,Broad / Cross-sector,,Europe,GSCMMFEH,GS MediaForEurope Hedge,EUR,Custom Basket,MANX4M351439PWSA,True
GSCB_FLAGSHIP,Other / Review,Broad / Cross-sector,,Europe,GSSBTRUC,EU Trucks,EUR,Research Basket,MANXFW1QQXM2XFYT,True
GSCB_FLAGSHIP,Other / Review,Broad (US),,Americas,GSPU10YR,GS US Wolfe 10Yr Pair,USD,Custom Basket,MANXQAZC5ARXKHCP,True
GSCB_FLAGSHIP,Factor,Broad / Cross-sector,Value,Americas,GSSZVALU,AeJ Value,USD,Research Basket,MANYA0X3CN1XSY4B,False
GSCB_FLAGSHIP,Sector Factor,TMT / Tech,Quality,Americas,GSTMTLQS,GS TMT Quality Software,USD,Custom Basket,MANYBJ61XSCTGBY0,False
GSCB_FLAGSHIP,Theme,Broad / Cross-sector,AI,Asia,GSXATAPA,GS TW Apple & AI Benef,TWD,Custom Basket,MANYGQW870QSJD1Z,False
GSCB_FLAGSHIP,Other / Review,Broad / Cross-sector,,Europe,GSCMAUTG,GS Glo Auto Trader Hedge,NOK,Custom Basket,MANYRCK45CP14EMJ,True
GSCB_FLAGSHIP,Other / Review,Broad / Cross-sector,,Americas,GSSIBIOT,Goldman Sachs Biotechnology Sector Basket,USD,Custom Basket,MANZ35FMGNGREKRR,True
GSCB_FLAGSHIP,Other / Review,Broad / Cross-sector,,Europe,GSCMBORO,GS Borouge Hedge,USD,Custom Basket,MANZ3QAYQNVQZRTZ,True
GSCB_FLAGSHIP,Other / Review,Broad / Cross-sector,,Europe,GSSBHOLD,EU Holdings,EUR,Research Basket,MANZ639DZD0F1MYQ,True
GSCB_FLAGSHIP,Other / Review,Broad / Cross-sector,,Asia,GSCBJSBF,GS Softbank Hedge,JPY,Custom Basket,MANZXKWVWQTHKBX3,True
GSCB_FLAGSHIP,Other / Review,Broad / Cross-sector,,Asia,GSXASBFL,GS Southbound Flows,HKD,Custom Basket,MAP045JAT0P9NH5N,True
GSCB_FLAGSHIP,Other / Review,Financials,,Americas,GSFINBDC,GS US Fins BDCs,USD,Custom Basket,MAP066ZS9W7MQRRF,True
GSCB_FLAGSHIP,Other / Review,Broad / Cross-sector,,Americas,GSXGNEOC,GS Global NeoClouds,USD,Custom Basket,MAP0H80V43KSEY1X,True
GSCB_FLAGSHIP,Theme,Broad / Cross-sector,Healthcare Innovation,Americas,GSHLCLCP,GS Large Cap Pharma,USD,Custom Basket,MAP0JPHJ6TYR5NP2,False
GSCB_FLAGSHIP,Theme,Consumer,China / Supply Chain,Americas,GSCNAVIP,"China A ""VIP""",USD,Research Basket,MAP16APZ8P20EJQ6,False
GSCB_FLAGSHIP,Other / Review,Broad / Cross-sector,,Europe,GSCMSMGH,GS SMG Group Hedge,CHF,Custom Basket,MAP1C5WT9793C5R5,True
GSCB_FLAGSHIP,Other / Review,Broad / Cross-sector,,Asia,GSXAJPTR,GS Japan Tourism,JPY,Custom Basket,MAP1HNFWA0DX98DW,True
GSCB_FLAGSHIP,Other / Review,Broad / Cross-sector,,Asia,GSCBIKO2,GS Custom Korea,KRW,Custom Basket,MAP23JDNJRY8TSNF,True
GSCB_FLAGSHIP,Other / Review,Broad / Cross-sector,,Europe,GSCMCRHU,GS CRH US Hedge,USD,Custom Basket,MAP23RP0MDK7G04D,True
GSCB_FLAGSHIP,Other / Review,Financials,,Americas,GSFINWIN,GS Fins Regime Benefic.,USD,Custom Basket,MAP2DPKMRVEM1939,True
GSCB_FLAGSHIP,Sector Factor,Health Care,Momentum,Americas,GSHCMOMO,GS US Health Care Momentum,USD,Custom Basket,MAP2TW0513B08JBK,False
GSCB_FLAGSHIP,Other / Review,Broad / Cross-sector,,Americas,GSXXTAXH,GS High Tax,USD,Custom Basket,MAP39HPZDEJ1PDVJ,True
GSCB_FLAGSHIP,Other / Review,Broad / Cross-sector,,Europe,GSCMSMDH,GS DS Smith Hedge,GBP,Custom Basket,MAP3YDXZN4MSMYDM,True
GSCB_FLAGSHIP,Other / Review,Broad / Cross-sector,,Global,GSPAJBST,.GSPAJBST,JPY,Custom Basket,MAP43B87KNB6J108,True
GSCB_FLAGSHIP,Other / Review,Broad / Cross-sector,,Americas,GSXUDRON,GS US Drones,USD,Custom Basket,MAP4JMNH7DSP5Y88,True
GSCB_FLAGSHIP,Other / Review,Broad / Cross-sector,,Europe,GSXESCYC,GS EU Short-Cycle,EUR,Custom Basket,MAP4VNSJBPAR3B4T,True
GSCB_FLAGSHIP,Other / Review,Broad / Cross-sector,,Americas,GSCBMH26,MF Tax Loss Hedge 2026,USD,Custom Basket,MAP586MT3EQAWFZH,True
GSCB_FLAGSHIP,Factor,Broad / Cross-sector,Beta,Europe,GSXEGMBL,EU High Beta Barra GEM,EUR,Custom Basket,MAP5CW0JFQX1GFJZ,False
GSCB_FLAGSHIP,Other / Review,Broad / Cross-sector,,Europe,GSCMCLNX,GS Cellnex Hedge Basket,EUR,Custom Basket,MAP5MGTB648DWE1Z,True
GSCB_FLAGSHIP,Other / Review,Broad / Cross-sector,,Europe,GSCMSAFH,GS Safran Hedge,EUR,Custom Basket,MAP5ZYR71PNTR7CH,True
GSCB_FLAGSHIP,Other / Review,Broad / Cross-sector,,Europe,GSXGPIPE,GS Global Saudi Pipeline,USD,Custom Basket,MAP64DPEDHTHJN8V,True
GSCB_FLAGSHIP,Other / Review,Broad / Cross-sector,,Americas,GSHLCSMQ,GS HLC Qty SMID Biotech,USD,Custom Basket,MAP6HM788J80FH2Z,True
GSCB_FLAGSHIP,Factor,Broad / Cross-sector,Beta,Europe,GSXEGMBS,EU Low Beta Barra GEM,EUR,Custom Basket,MAP6YV9HWXH7WR54,False
GSCB_FLAGSHIP,Other / Review,Broad (US),,Americas,GSPUWRSV,,USD,Custom Basket,MAP7AFSYT340HPHG,True
GSCB_FLAGSHIP,Factor,Broad / Cross-sector,Size,Americas,GSXUBGZS,GS US GEMLT Low Size,USD,Custom Basket,MAP7FMQ7M0YYTCPR,False
GSCB_FLAGSHIP,Sector Factor,TMT / Tech,Growth,Americas,GSTMBFGS,GS US TMT Growth Short,USD,Custom Basket,MAP7HQ6T7DN9CX9Z,False
GSCB_FLAGSHIP,Sector Factor,Consumer,Momentum,Europe,GSXEBMLC,EU Consumer Momo Long,EUR,Custom Basket,MAP7R75DX2YC6WP4,False
GSCB_FLAGSHIP,Other / Review,Broad / Cross-sector,,Americas,GSCMTECK,US + Canada TECK Hedge,USD,Custom Basket,MAP82HTHQER3JQR1,True
GSCB_FLAGSHIP,Other / Review,Broad / Cross-sector,,Europe,GSCMCVNA,GS Carvana Hedge,USD,Custom Basket,MAP8DWT9GFP2350S,True
GSCB_FLAGSHIP,Other / Review,Broad / Cross-sector,,Europe,GSCMHOCI,GS OCI Hedge,EUR,Custom Basket,MAP8EF8DMZ182A3G,True
GSCB_FLAGSHIP,Sector Factor,TMT / Tech,Leverage,Americas,GSTMBFLL,GS US TMT Leverage Long,USD,Custom Basket,MAP8JEM8T7YJS5MH,False
GSCB_FLAGSHIP,Theme,TMT / Tech,AI,Americas,GSTMTAIP,GS US Broad AI,USD,Custom Basket,MAP8QJE9X9PHVNV4,False
GSCB_FLAGSHIP,Theme,Broad / Cross-sector,China / Supply Chain,Americas,GSXACHAR,GS China H/ADR AD-Line,USD,Custom Basket,MAP9G8SCFDW42SXV,False
GSCB_FLAGSHIP,Theme,TMT / Tech,Semiconductors,Americas,GSSISECO,Goldman Sachs Semiconductors Sector Basket,USD,Custom Basket,MAP9G9TT5CSC2TND,False
GSCB_FLAGSHIP,Sector Factor,Industrials,Momentum,Americas,GSINLMOS,GS INL US Momentum Short,USD,Custom Basket,MAPA93MSBWQB8MBC,False
GSCB_FLAGSHIP,Other / Review,Broad / Cross-sector,,Europe,GSCMBORR,GS Borr Drilling Hedge,NOK,Custom Basket,MAPAD62BDQ19Z1P6,True
GSCB_FLAGSHIP,Other / Review,Broad / Cross-sector,,Europe,GSCBCTUI,GS Custom Turkey Export,TRY,Custom Basket,MAPAEJTQW2WMSHAE,True
GSCB_FLAGSHIP,Other / Review,Broad / Cross-sector,,Americas,GSSZTOPS,AeJ Consensus Sell,USD,Research Basket,MAPAXK6Y0DRK0H9Y,True
GSCB_FLAGSHIP,Theme,Broad / Cross-sector,HF / Positioning Theme,Europe,GSXELVIP,EU Reactive Low HF VIP,EUR,Custom Basket,MAPB5VMJHRRQ87D5,False
GSCB_FLAGSHIP,Other / Review,Consumer,,Europe,GSXEDCON,GS EU Domestic Consumer,EUR,Custom Basket,MAPB9GEFKSWB45YT,True
GSCB_FLAGSHIP,Other / Review,Broad / Cross-sector,,Europe,GSCMPPHH,GS Pepkor Holdings Hedge,ZAR,Custom Basket,MAPBBHR4BJJ3FC2B,True
GSCB_FLAGSHIP,Theme,TMT / Tech,AI,Americas,GSTMTAIR,GS AI At Risk,USD,Custom Basket,MAPBT7CWYF3MJNJ5,False
GSCB_FLAGSHIP,Other / Review,Broad / Cross-sector,,Europe,GSXGALTM,GS Global Alternative AM,USD,Custom Basket,MAPBTNPQ3AX5B34B,True
GSCB_FLAGSHIP,Other / Review,Consumer,,Europe,GSXEJUNK,GS EU Junk Consumer,EUR,Custom Basket,MAPD3DTVDBR1DR86,True
GSCB_FLAGSHIP,Other / Review,Broad / Cross-sector,,Americas,GSCMRKTH,GS Rocket Cos Hedge,USD,Custom Basket,MAPDKHJDS1DGGKCK,True
GSCB_FLAGSHIP,Other / Review,Broad / Cross-sector,,Europe,GSCMPOLM,GS Polymetals Hedge,GBP,Custom Basket,MAPDVQNB7EEYVK8Q,True
GSCB_FLAGSHIP,Other / Review,Broad / Cross-sector,,Europe,GSXELGST,GS EU Logistics,EUR,Custom Basket,MAPDW0RYXAGB4G3E,True
GSCB_FLAGSHIP,Theme,Broad / Cross-sector,China / Supply Chain,Americas,GSXACHEV,GS China EV,USD,Custom Basket,MAPE2GNGDYAM9RDR,False
GSCB_FLAGSHIP,Other / Review,Broad / Cross-sector,,Americas,GSXFXDIV,GS Brazil Extra. Divs,USD,Custom Basket,MAPE2H4M4C1DSCR5,True
GSCB_FLAGSHIP,Theme,TMT / Tech,Software,Americas,GSSIAPLS,Goldman Sachs Application Software Sector Basket,USD,Custom Basket,MAPE6VH07H8CES6W,False
GSCB_FLAGSHIP,Theme,Broad / Cross-sector,Balance Sheet Strength,Americas,GSTHWBAL,Weak Balance Sheet US,USD,Research Basket,MAPEBQER1SRAVYGX,False
GSCB_FLAGSHIP,Other / Review,Broad / Cross-sector,,Americas,GSCBADSM,GS Asia DM xJP SMID,USD,Custom Basket,MAPFE0XTZJK2XBG4,True
GSCB_FLAGSHIP,Other / Review,Broad / Cross-sector,,Asia,GSXAIUXP,GS India US Goods Export,INR,Custom Basket,MAPFEX9MBNRX99RK,True
GSCB_FLAGSHIP,Other / Review,Broad / Cross-sector,,Americas,GSXUOILX,GS Oil Input Cost,USD,Custom Basket,MAPFP9VHH98TVVV9,True
GSCB_FLAGSHIP,Other / Review,Broad / Cross-sector,,Europe,GSCMTEFH,GS Telefonica Hedge,EUR,Custom Basket,MAPFPP22PPA2Z5WS,True
GSCB_FLAGSHIP,Theme,Broad / Cross-sector,China / Supply Chain,Asia,GSXACAHH,GS China A/H Prem H Line,HKD,Custom Basket,MAPFQZD7RS7Z2YD4,False
GSCB_FLAGSHIP,Other / Review,Broad / Cross-sector,,Europe,GSCMTRYG,GS Tryg Hedge,DKK,Custom Basket,MAPG3FMHKMZ3X17K,True
GSCB_FLAGSHIP,Other / Review,Broad / Cross-sector,,Europe,GSCMTKEH,GS TK Elevators Hedge,EUR,Custom Basket,MAPGETZ4VGKQ3DY7,True
GSCB_FLAGSHIP,Other / Review,Broad / Cross-sector,,Europe,GSCMJMTH,GS Jeronimo Martins Hedg,EUR,Custom Basket,MAPGNBJXYF1N2B51,True
GSCB_FLAGSHIP,Factor,Broad (US),Quality,Americas,GSPUBGIQ,GS US GEMLT Quality Pair,USD,Custom Basket,MAPH9FJ9YJ0Z6P3N,False
GSCB_FLAGSHIP,Other / Review,Broad / Cross-sector,,Europe,GSXEDIVG,GS EU Sustainable Divs,EUR,Custom Basket,MAPHJ1HV72XN43KC,True
GSCB_FLAGSHIP,Factor,Broad / Cross-sector,Beta,Europe,GSXEMIBL,EU Rctv Hi Midcap Beta,EUR,Custom Basket,MAPHPEJ14XWA4RRB,False
GSCB_FLAGSHIP,Factor,Broad / Cross-sector,Momentum,Europe,GSXELMPL,GS Poland Low Momo,PLN,Custom Basket,MAPHXHJVPXW9AAMP,False
GSCB_FLAGSHIP,Factor,Broad / Cross-sector,Value,Asia,GSXATVAS,GS Taiwan (HB) Value Sho,TWD,Custom Basket,MAPJD6Z3R4VJJHX7,False
GSCB_FLAGSHIP,Sector Factor,TMT / Tech,Momentum,Americas,GSTMTMOS,GS TMT US Momentum Short,USD,Custom Basket,MAPJJXVMY0TEXXQR,False
GSCB_FLAGSHIP,Other / Review,Real Estate,,Americas,GSFINSBR,GS Fins Sunbelt REIT,USD,Custom Basket,MAPK07EN4YGJ0T7B,True
GSCB_FLAGSHIP,Sector Factor,Industrials,Short Interest,Americas,GSINSHRT,GS US Industrial Short Interest,USD,Custom Basket,MAPK8RKZQ1MQW99N,False
GSCB_FLAGSHIP,Other / Review,Broad / Cross-sector,,Europe,GSSBPCIN,EU Property & Casualty,EUR,Research Basket,MAPKSK43DPCJESEY,True
GSCB_FLAGSHIP,Theme,Health Care,AI,Americas,GSXACAIH,GS China AI Healthcare,USD,Custom Basket,MAPKYVX4XYN635Y6,False
GSCB_FLAGSHIP,Other / Review,Broad / Cross-sector,,Asia,GSCBJTP0,GSCBJTP0,JPY,Custom Basket,MAPN2712AV91MN4E,True
GSCB_FLAGSHIP,Other / Review,Broad / Cross-sector,,Americas,GSXUWFFL,GS US Wolfe Hi ETF Flow,USD,Custom Basket,MAPNK5AS3Z10D7TX,True
GSCB_FLAGSHIP,Other / Review,Broad / Cross-sector,,Europe,GSCMVALH,GS Valterra Hedge,ZAR,Custom Basket,MAPNK6658HJ95M4M,True
GSCB_FLAGSHIP,Other / Review,Broad / Cross-sector,,Europe,GSCMAIRL,GS Air Liquide Hedge,EUR,Custom Basket,MAPP9ASSMHAGN44Y,True
GSCB_FLAGSHIP,Other / Review,Broad / Cross-sector,,Americas,GSCBDEFO,GS Expensive Defensives,USD,Custom Basket,MAPPY7KS4DEHY8VS,True
GSCB_FLAGSHIP,Other / Review,Health Care,,Americas,GSGLGHSA,Healthcare Strategic M&A,USD,Research Basket,MAPQ0491GFYZ70HM,True
GSCB_FLAGSHIP,Theme,Broad / Cross-sector,China / Supply Chain,Asia,GSXACHBS,GS China-H Banks,HKD,Custom Basket,MAPQ969XT9K6CTEZ,False
GSCB_FLAGSHIP,Other / Review,Broad / Cross-sector,,Europe,GSCMDCCH,GS DCC Hedge,GBP,Custom Basket,MAPQ9Y5EVV634P7P,True
GSCB_FLAGSHIP,Other / Review,Broad / Cross-sector,,Americas,GSXFBANK,GS Brazil Banks,BRL,Custom Basket,MAPQEFX6D03DS0V1,True
GSCB_FLAGSHIP,Factor,Broad / Cross-sector,Value,Europe,GSXEUKVL,UK Reactive Cheap Value,GBP,Custom Basket,MAPQMV9GTMP4E28D,False
GSCB_FLAGSHIP,Other / Review,Broad / Cross-sector,,Americas,GSXXTAXL,GS Low Tax,USD,Custom Basket,MAPREA0XXPG2PTD8,True
GSCB_FLAGSHIP,Sector Factor,Consumer,Profitability,Americas,GSCNPROF,GS US Consumer Profitability,USD,Custom Basket,MAPRF71WFN79HFJX,False
GSCB_FLAGSHIP,Other / Review,Broad / Cross-sector,,Americas,GSEMMFUW,EM Mutual Fund UW,USD,Research Basket,MAPRKCN54NC71TWK,True
GSCB_FLAGSHIP,Sector Factor,Industrials,Beta,Americas,GSINBETA,GS US Industrial Beta,USD,Custom Basket,MAPRNXPV4A3EQC46,False
GSCB_FLAGSHIP,Other / Review,Broad / Cross-sector,,Europe,GSXEUKD1,GS UK Domestics,GBP,Custom Basket,MAPTDYK3X49QBGEE,True
GSCB_FLAGSHIP,Factor,Broad (US),Profitability,Americas,GSPUPROF,GS Small Cap Prof Pair,USD,Custom Basket,MAPV5TP4NZ30T8VX,False
GSCB_FLAGSHIP,Theme,Broad / Cross-sector,China / Supply Chain,Americas,GSXACHTR,GS China Tourism,USD,Custom Basket,MAPVR9EYEMBGX19Z,False
GSCB_FLAGSHIP,Factor,Broad / Cross-sector,Growth,Americas,GSXACHGL,GS China Growth Long,USD,Custom Basket,MAPVVE5NS0CTQB4Y,False
GSCB_FLAGSHIP,Other / Review,Broad / Cross-sector,,Europe,GSXACONS,GS Asia Consumption,USD,Custom Basket,MAPVWMSA4DCY5F1F,True
GSCB_FLAGSHIP,Factor,Broad / Cross-sector,Volatility,Europe,GSXEBFRL,EU Pure Hi Residual Vol,EUR,Custom Basket,MAPVYVN6WJ71Q0FV,False
GSCB_FLAGSHIP,Theme,Broad / Cross-sector,Healthcare Innovation,Europe,GSCM1SXP,GS Schott Pharma Hedge,EUR,Custom Basket,MAPVZ3QVWJDN8RCJ,False
GSCB_FLAGSHIP,Factor,Broad (US),Size,Americas,GSPUSIZE,GS US Barra Size Pair,USD,Custom Basket,MAPW53PNZNF86SSN,False
GSCB_FLAGSHIP,Other / Review,Broad / Cross-sector,,Europe,GSSBPOST,EU Postals,EUR,Research Basket,MAPW68DKA650VCHQ,True
GSCB_FLAGSHIP,Other / Review,Energy,,Americas,GSENELNG,GS LNG Exposed,USD,Custom Basket,MAPWAXTFBDHC7HNT,True
GSCB_FLAGSHIP,Other / Review,Broad / Cross-sector,,Europe,GSXFCEEB,GS CEE Banks,EUR,Custom Basket,MAPWDXDTS1YNNCAW,True
GSCB_FLAGSHIP,Other / Review,Broad / Cross-sector,,Americas,GSXGMEMO,GS Global Memory,USD,Custom Basket,MAPWR3JTQ2JN86GQ,True
GSCB_FLAGSHIP,Factor,Broad / Cross-sector,Growth,Europe,GSXEUKGS,UK Reactive Low Growth,GBP,Custom Basket,MAPWT5CW2Z86F2CD,False
GSCB_FLAGSHIP,Other / Review,Broad / Cross-sector,,Europe,GSCMWTBH,GS Whitbread Hedge,GBP,Custom Basket,MAPWWV3D0W9292VQ,True
GSCB_FLAGSHIP,Other / Review,Broad / Cross-sector,,Europe,GSCMACFH,GS Accor SA Hedge Basket,EUR,Custom Basket,MAPXH711ENGC4QK1,True
GSCB_FLAGSHIP,Other / Review,Broad / Cross-sector,,Europe,GSXEADAP,GS EU New Cycle Adaptors,EUR,Custom Basket,MAPY0KA8PED8MATS,True
GSCB_FLAGSHIP,Theme,Materials,Semiconductors,Asia,GSXAJSMA,GS Japan Semis Materials,JPY,Custom Basket,MAPY38ZZ9BC4BZ2T,False
GSCB_FLAGSHIP,Sector Factor,Consumer,Size,Americas,GSCNBFZL,GS US Consumer Size Long,USD,Custom Basket,MAPY5ZH1J8CYG32F,False
GSCB_FLAGSHIP,Factor,Broad / Cross-sector,Dividend / Yield,Americas,GSXUWFDS,GS US Wolfe Lo Div Yield,USD,Custom Basket,MAPYFCWCTH77YFXZ,False
GSCB_FLAGSHIP,Sector Factor,Financials,Beta,Americas,GSFIBETA,GS US Financials Beta,USD,Custom Basket,MAPYWQAN3TSKKK38,False
GSCB_FLAGSHIP,Other / Review,Broad / Cross-sector,,Asia,GSCBKV2H,GS Korea Hedge,KRW,Custom Basket,MAPZBCPPPKKXZJQP,True
GSCB_FLAGSHIP,Factor,Broad / Cross-sector,Size,Europe,GSRPESEP,GS RP Equity Size EU Long/Short,EUR,Custom Basket,MAPZDZAQT8AFT3JY,False
GSCB_FLAGSHIP,Sector Factor,Financials,Volatility,Americas,GSFIBFRS,GS US Fin Res Vol Short,USD,Custom Basket,MAPZMNT92F6RWN9R,False
GSCB_FLAGSHIP,Other / Review,Broad / Cross-sector,,Americas,GSXFBZCM,GS BZ Comdty Levered (USD),USD,Custom Basket,MAPZZ9RV74JNGPWS,True
GSCB_FLAGSHIP,Other / Review,Broad / Cross-sector,,Europe,GSCMTSCL,GS Tesco Hedge,GBP,Custom Basket,MAQ1041F6WW8RBKW,True
GSCB_FLAGSHIP,Theme,Broad / Cross-sector,China / Supply Chain,Asia,GSCBCHUM,GS China Humanoid Sup Ch,CNH,Custom Basket,MAQ14C7AEW0V856Q,False
GSCB_FLAGSHIP,Factor,Broad / Cross-sector,Growth,Americas,GSKOGRWT,GS US Growth (EFMUSALTS),USD,Custom Basket,MAQ28Q80W32GM050,False
GSCB_FLAGSHIP,Theme,Broad / Cross-sector,AI,Americas,GSXUSPRO,GS SMid-Cap AI Product.,USD,Custom Basket,MAQ2T8KAAWVY8CH9,False
GSCB_FLAGSHIP,Other / Review,Broad / Cross-sector,,Europe,GSXELRAT,EU Low Rates Sensitivity,EUR,Custom Basket,MAQ30J9RARB0X4YC,True
GSCB_FLAGSHIP,Other / Review,Broad / Cross-sector,,Americas,GSXUINSU,GS US Insurance & Rein.,USD,Custom Basket,MAQ3M4CTRZDEX04E,True
GSCB_FLAGSHIP,Other / Review,Broad / Cross-sector,,Asia,GSXAJINW,GS Japan Infl. Winners,JPY,Custom Basket,MAQ3ZRZDBCMPDTVM,True
GSCB_FLAGSHIP,Factor,Broad (US),Profitability,Americas,GSPUPRFB,GS US Barra Prof Pair,USD,Custom Basket,MAQ45HDD233YJ4FP,False
GSCB_FLAGSHIP,Other / Review,Broad / Cross-sector,,Europe,GSCMVOLC,GS Volvo Car Hedge,SEK,Custom Basket,MAQ47PTSQ9MK4K47,True
GSCB_FLAGSHIP,Other / Review,Broad / Cross-sector,,Asia,GSJPHOIL,GS JP High Oil CAT,JPY,Research Basket,MAQ4CPEFH1JS27EQ,True
GSCB_FLAGSHIP,Other / Review,TMT / Tech,,Americas,GSCMNDX7,GS Top 100 Tech ex Top 7,USD,Custom Basket,MAQ4D1TXZC8935E5,True
GSCB_FLAGSHIP,Sector Factor,Health Care,Size,Americas,GSHCBFZL,GS US HC Size Long,USD,Custom Basket,MAQ4F3PZ8PCZMBZV,False
GSCB_FLAGSHIP,Theme,Broad / Cross-sector,AI,Americas,GSCBAIP2,GS GIR AI Phase 2,USD,Custom Basket,MAQ4QBVXPTSYYYY4,False
GSCB_FLAGSHIP,Other / Review,Broad / Cross-sector,,Americas,GSIDLCPG,GS Indstrl Capital Goods,USD,Custom Basket,MAQ4RKPF3Z2RRR5S,True
GSCB_FLAGSHIP,Other / Review,Broad / Cross-sector,,Americas,GSSIMOVI,Goldman Sachs Movies & Entertainment Sector Basket,USD,Custom Basket,MAQ57B3450RMYT7S,True
GSCB_FLAGSHIP,Other / Review,Broad / Cross-sector,,Americas,GSGLGBSA,Biotech Strategic Assets,USD,Research Basket,MAQ5KQ50GNQCNNMS,True
GSCB_FLAGSHIP,Other / Review,Broad / Cross-sector,,Europe,GSCMAVST,GS Avast Hedge,GBP,Custom Basket,MAQ5SNV19JRKEFP4,True
GSCB_FLAGSHIP,Other / Review,Broad / Cross-sector,,Global,GSXAAUDF,GS Australia Defensives,AUD,Custom Basket,MAQ6D3SDB6HKRDY2,True
GSCB_FLAGSHIP,Other / Review,Broad / Cross-sector,,Europe,GSCMRORH,GS Rotork Hedge,GBP,Custom Basket,MAQ7JMN7988PF9YG,True
GSCB_FLAGSHIP,Other / Review,Broad / Cross-sector,,Americas,GSTHCAPX,Capex & R&D,USD,Research Basket,MAQ7XH7PEGTZAEM0,True
GSCB_FLAGSHIP,Other / Review,Broad / Cross-sector,,Americas,GSCBCASA,GS US Canada Sales,USD,Custom Basket,MAQ8NYKQTZ53XPR4,True
GSCB_FLAGSHIP,Other / Review,Broad / Cross-sector,,Americas,GSXAMEMO,GS Asia Memory,USD,Custom Basket,MAQ912FXCR0JX6GN,True
GSCB_FLAGSHIP,Other / Review,Broad / Cross-sector,,Europe,GSXFSARO,Saudi Regional Ownership,USD,Custom Basket,MAQ96XYTR033Y3YD,True
GSCB_FLAGSHIP,Theme,TMT / Tech,Software,Americas,GSTMTSOL,GS US Software Immune,USD,Custom Basket,MAQ9WWY0M9XR3KZT,False
GSCB_FLAGSHIP,Theme,Broad / Cross-sector,China / Supply Chain,Asia,GSXACRAR,GS China Rare Earths,CNH,Custom Basket,MAQ9X033JMS9ZVCV,False
GSCB_FLAGSHIP,Other / Review,Broad / Cross-sector,,Europe,GSXERETS,GS EU Non-Food Retail SL,EUR,Custom Basket,MAQAH952S7G549CR,True
GSCB_FLAGSHIP,Factor,Broad (US),Beta,Americas,GSPUBETA,GS US Barra Beta Pair,USD,Custom Basket,MAQAWT6T2RVSKNFY,False
GSCB_FLAGSHIP,Other / Review,Broad / Cross-sector,,Asia,GSCBJFAV,GS JP Foreign Favorites,JPY,Custom Basket,MAQB8CQWA2N7Q2EX,True
GSCB_FLAGSHIP,Theme,Broad / Cross-sector,Clean Energy / ESG,Europe,GSXEESGF,EU ESG Favorites,EUR,Custom Basket,MAQBAGTN3C3M2WYC,False
GSCB_FLAGSHIP,Sector Factor,Consumer,Crowding,Americas,GSCNWFCL,GS US Cons High Crowding,USD,Custom Basket,MAQC3RCRH1D94NAH,False
GSCB_FLAGSHIP,Other / Review,Broad / Cross-sector,,Asia,GSXAKREV,GS Korea EV,KRW,Custom Basket,MAQC5V339J58J8Q3,True
GSCB_FLAGSHIP,Other / Review,Broad / Cross-sector,,Americas,GSSIAIRF,Air Freight & Logistics,USD,Custom Basket,MAQC7RGS7G100HD1,True
GSCB_FLAGSHIP,Other / Review,Materials,,Americas,GSCBMSMA,Materials Most Short,USD,Custom Basket,MAQCBASZCWWSHN22,True
GSCB_FLAGSHIP,Other / Review,Broad / Cross-sector,,Americas,GSSIRESP,Goldman Sachs Specialized REITs Sector Basket,USD,Custom Basket,MAQCC8DJVSYTCA3R,True
GSCB_FLAGSHIP,Other / Review,Broad / Cross-sector,,Europe,GSCMGNXH,GS Global Nexi Hedge,EUR,Custom Basket,MAQDS61WE5W722T5,True
GSCB_FLAGSHIP,Other / Review,Broad / Cross-sector,,Americas,GS24DLXR,GS24 Dem Pol Long ex Rec,USD,Custom Basket,MAQE1858W2516NCR,True
GSCB_FLAGSHIP,Other / Review,Consumer,,Americas,GSXUHICN,GS High Income Consumer,USD,Custom Basket,MAQE28YHWQ92D4B1,True
GSCB_FLAGSHIP,Theme,Broad / Cross-sector,China / Supply Chain,Asia,GSXACABA,GS China-A Banks,CNH,Custom Basket,MAQE2XF6Y85M1KSQ,False
GSCB_FLAGSHIP,Other / Review,Broad / Cross-sector,,Americas,GSCMLSXM,GS Flagship Hedge,USD,Custom Basket,MAQE3FV1KZDVY21D,True
GSCB_FLAGSHIP,Other / Review,Broad / Cross-sector,,Europe,GSCMPUMH,GS Puma Hedge,EUR,Custom Basket,MAQFWJRHT9DRABGP,True
GSCB_FLAGSHIP,Other / Review,Broad / Cross-sector,,Europe,GSXEDOME,GS EU Domestic Sales Exp,EUR,Custom Basket,MAQG0NJEBE4JH3JV,True
GSCB_FLAGSHIP,Other / Review,Broad / Cross-sector,,Asia,GSCBJRBK,GS Japan Regional Banks,JPY,Custom Basket,MAQG5W0RZ7DDXDKM,True
GSCB_FLAGSHIP,Sector Factor,TMT / Tech,Beta,Americas,GSTMBFBS,GS US TMT Beta Short,USD,Custom Basket,MAQG8BEGD33DK8M6,False
GSCB_FLAGSHIP,Other / Review,Broad / Cross-sector,,Europe,GSXFCEMI,GS CEEMEA Miners,USD,Custom Basket,MAQH2K80T6CA2GBB,True
GSCB_FLAGSHIP,Other / Review,Broad / Cross-sector,,Americas,GSSZHMGN,APJ High &Stable Margin,USD,Research Basket,MAQH8CSQYKY5QXDM,True
GSCB_FLAGSHIP,Other / Review,Broad / Cross-sector,,Americas,GSSZDEFS,APJ NonCore Defense Supp,USD,Research Basket,MAQH9E7H3K4RTXTT,True
GSCB_FLAGSHIP,Other / Review,Broad / Cross-sector,,Americas,GSXUHALT,GS US HALO Too Far,USD,Custom Basket,MAQHBP7GAZFZW2J8,True
GSCB_FLAGSHIP,Other / Review,Broad / Cross-sector,,Europe,GSCMRHMH,GS Rheinmetall Hedge,EUR,Custom Basket,MAQJ5FQMGDW5FZ2R,True
GSCB_FLAGSHIP,Other / Review,Health Care,,Americas,GSHLCSER,GS Health Care Services,USD,Custom Basket,MAQJ69BCC7QM1M92,True
GSCB_FLAGSHIP,Sector Factor,Industrials,Size,Americas,GSINSIZE,GS US Industrial Size,USD,Custom Basket,MAQJDEWJBMG7A5MD,False
GSCB_FLAGSHIP,Theme,Financials,Balance Sheet Strength,Asia,GSXFSBAL,EM Strong Balance Sheet ex fins,USD,Custom Basket,MAQJND3B9B0DJT1Z,False
GSCB_FLAGSHIP,Factor,Broad / Cross-sector,Volatility,Americas,GSXUBFRL,GS US Barra High Res Vol,USD,Custom Basket,MAQJZEC3EGYFPMKY,False
GSCB_FLAGSHIP,Theme,TMT / Tech,AI,Americas,GSXACAIT,GS China Tech AI Benefic,USD,Custom Basket,MAQK5BWP1ZGRQ6V6,False
GSCB_FLAGSHIP,Theme,Broad / Cross-sector,AI,Europe,GSXEPROD,GS EU AI Productivity,EUR,Custom Basket,MAQKN00MAMJC3BH1,False
GSCB_FLAGSHIP,Other / Review,Financials,,Global,GSXAAUFI,GS Australia Financials,AUD,Custom Basket,MAQM30CGX7XZ9Y7Z,True
GSCB_FLAGSHIP,Factor,Broad / Cross-sector,Crowding,Asia,GSCBJONG,GS Japan Crowded Longs,JPY,Custom Basket,MAQMA49WR3NRAEGZ,False
GSCB_FLAGSHIP,Other / Review,Broad / Cross-sector,,Europe,GSXFPIPE,GS Saudi Pipeline Benef,USD,Custom Basket,MAQMNDHXJKGJKW7D,True
GSCB_FLAGSHIP,Other / Review,Broad / Cross-sector,,Europe,GSCMCTPN,GS CTP NV Hedge,EUR,Custom Basket,MAQMVVER7EQPMCK6,True
GSCB_FLAGSHIP,Other / Review,Broad / Cross-sector,,Europe,GSXEAMER,GS EU USA Exposure,EUR,Custom Basket,MAQNSVZPF0E4GZSG,True
GSCB_FLAGSHIP,Other / Review,Industrials,,Americas,GSIDLAIR,GS Industrials Airlines,USD,Custom Basket,MAQNVM5Q4PN5D03M,True
GSCB_FLAGSHIP,Factor,Broad / Cross-sector,Value,Americas,GSXFBZVS,GS Brazil Value Short,BRL,Custom Basket,MAQPG1J3CE7P5PZW,False
GSCB_FLAGSHIP,Other / Review,Broad / Cross-sector,,Europe,GSCMIMEH,GS Imerys Hedge,EUR,Custom Basket,MAQQ8V9CW04F6M7A,True
GSCB_FLAGSHIP,Other / Review,Broad / Cross-sector,,Americas,GSCBMF25,GS MF Tax Loss 2025,USD,Custom Basket,MAQQA64BGMDSWN1S,True
GSCB_FLAGSHIP,Other / Review,Broad / Cross-sector,,Americas,GSXACFOO,GS CH Agric Self-Suff.,USD,Custom Basket,MAQRZBXDHKR39G7A,True
GSCB_FLAGSHIP,Other / Review,Broad / Cross-sector,,Europe,GSCMGTTH,GS GTT FP Hedge,EUR,Custom Basket,MAQSXJBJG2XCNY7S,True
GSCB_FLAGSHIP,Other / Review,Broad / Cross-sector,,Americas,GSIPEVCS,EV / DACF Short,USD,Research Basket,MAQT7GPW00YQE28W,True
GSCB_FLAGSHIP,Other / Review,Broad / Cross-sector,,Americas,GSIPINTL,Integrated Factor Long,USD,Research Basket,MAQTMK5CGD9E1DSF,True
GSCB_FLAGSHIP,Other / Review,Energy,,Europe,GSCMNTGY,GS Naturgy Energy Hedge,EUR,Custom Basket,MAQTTNKNVTEG484W,True
GSCB_FLAGSHIP,Other / Review,Broad / Cross-sector,,Americas,GSXUWFIL,GS US Wolfe Hi Short Int,USD,Custom Basket,MAQVMADFZ6B67TR6,True
GSCB_FLAGSHIP,Theme,TMT / Tech,Semiconductors,Americas,GSCBASMC,GS US Analog Semis,USD,Custom Basket,MAQVXNAHZBW3RNPB,False
GSCB_FLAGSHIP,Theme,Broad / Cross-sector,China / Supply Chain,Americas,GSXACSAT,GS China Satellites,USD,Custom Basket,MAQY277VG105M40W,False
GSCB_FLAGSHIP,Other / Review,Broad / Cross-sector,,Europe,GSCBDFUK,GS UK Defens & Rate Sens,GBP,Custom Basket,MAQY7ZXD8Q94XYEY,True
GSCB_FLAGSHIP,Theme,Broad / Cross-sector,Clean Energy / ESG,Asia,GSXAJPDC,GS Japan Decarbonization,JPY,Custom Basket,MAQYW1GSCQ249R1Z,False
GSCB_FLAGSHIP,Theme,Broad / Cross-sector,China / Supply Chain,Americas,GSXACHBR,GS China Brokerages,USD,Custom Basket,MAQYY8YJXG2D6VG7,False
GSCB_FLAGSHIP,Other / Review,Broad / Cross-sector,,Americas,GSSIEMPL,Goldman Sachs Human Resource & Employment Services Sector Basket,USD,Custom Basket,MAQZ30PHZ709JT24,True
GSCB_FLAGSHIP,Other / Review,Broad / Cross-sector,,Europe,GSCMHRKT,GS Reckitt Hedge,GBP,Custom Basket,MAQZ5AJJWBA6GJ8H,True
GSCB_FLAGSHIP,Other / Review,Broad / Cross-sector,,Americas,GSXAAIAP,GS APAC AIGC Application,USD,Custom Basket,MAQZD4JNKV5EY75A,True
GSCB_FLAGSHIP,Other / Review,Broad / Cross-sector,,Europe,GSXEBFTL,EU Pure Hi LT Reversal,EUR,Custom Basket,MAQZHPPY2T1AXGCE,True
GSCB_FLAGSHIP,Theme,Broad / Cross-sector,Healthcare Innovation,Americas,GSHLCBPH,GS BioPharma,USD,Custom Basket,MAR07HXJS1298QB2,False
GSCB_FLAGSHIP,Other / Review,Broad / Cross-sector,,Americas,GSSZUSEX,AeJ US Exporters,USD,Research Basket,MAR0BGYZW6RXVZM4,True
GSCB_FLAGSHIP,Other / Review,Broad / Cross-sector,,Asia,GSXATDYS,GS Taiwan (HB) Div Y Sho,TWD,Custom Basket,MAR1SRM8EAVTSQ3A,True
GSCB_FLAGSHIP,Other / Review,Broad / Cross-sector,,Americas,GSSIRBNK,GS Regional Banks Basket,USD,Custom Basket,MAR1YFMQEKSTZKK1,True
GSCB_FLAGSHIP,Other / Review,Broad / Cross-sector,,Americas,GSCBHMBD,GS Home Builders,USD,Custom Basket,MAR2CZQ9Y4DZC494,True
GSCB_FLAGSHIP,Other / Review,Broad / Cross-sector,,Europe,GSCMWGLN,GS John Wood Group Hedge,GBP,Custom Basket,MAR2JPD5DVB6EQRW,True
GSCB_FLAGSHIP,Sector Factor,Consumer,Volatility,Americas,GSCNBFRL,GS US Cons Res Vol Long,USD,Custom Basket,MAR2NRF2SPN269DF,False
GSCB_FLAGSHIP,Other / Review,Broad / Cross-sector,,Europe,GSCMGIMH,GS Generali Hedge,EUR,Custom Basket,MAR2QK9PQZQGPF2K,True
GSCB_FLAGSHIP,Other / Review,Consumer,,Asia,GSCNRMBL,RMB Depreciation Losers,USD,Research Basket,MAR3G9DMS8AT8ECQ,True
GSCB_FLAGSHIP,Other / Review,Broad / Cross-sector,,Europe,GSSBUKHO,UK Homebuilders,GBP,Research Basket,MAR3J58MDDPNC53D,True
GSCB_FLAGSHIP,Theme,Broad / Cross-sector,AI,Americas,GSTHLTAI,LT AI Beneficiaries,USD,Research Basket,MAR3SQJGTV8354YS,False
GSCB_FLAGSHIP,Theme,Broad / Cross-sector,AI,Americas,GSXFEAIX,GS EM AI,USD,Custom Basket,MAR3ZZ7ADSGW8WRB,False
GSCB_FLAGSHIP,Factor,Broad / Cross-sector,Value,Americas,GSXUWFVS,GS US Wolfe Low Value,USD,Custom Basket,MAR4ESKD0Z307TSD,False
GSCB_FLAGSHIP,Other / Review,Broad / Cross-sector,,Asia,GSCBJCR1,Japan Corp Reform,JPY,Custom Basket,MAR4N4V1R06XMF4H,True
GSCB_FLAGSHIP,Other / Review,Broad / Cross-sector,,Europe,GSCMANGX,GS Angel Studios Hedge,USD,Custom Basket,MAR53JA4Z5ZX2M5D,True
GSCB_FLAGSHIP,Other / Review,Broad / Cross-sector,,Asia,GSXAJBQL,GS JP Barra Qlty Long,JPY,Custom Basket,MAR5XFTY2VWM3RBM,True
GSCB_FLAGSHIP,Other / Review,Broad / Cross-sector,,Americas,GSXFBTEK,GS LatAm Technology,USD,Custom Basket,MAR6N4P5C479S0BZ,True
GSCB_FLAGSHIP,Sector Factor,TMT / Tech,Growth,Americas,GSTMTGRO,GS US TMT Growth Pair,USD,Custom Basket,MAR70BW7E2NPT5RC,False
GSCB_FLAGSHIP,Other / Review,Broad / Cross-sector,,Americas,GSIPEVFL,EV / FCF Long,USD,Research Basket,MAR76FPJ5EA6RAF3,True
GSCB_FLAGSHIP,Other / Review,Broad / Cross-sector,,Americas,GSSZNEWA,New Asia,USD,Research Basket,MAR77YAT7DXCN19K,True
GSCB_FLAGSHIP,Factor,Broad / Cross-sector,Size,Americas,GSXUWFZS,GS US Wolfe Low Size,USD,Custom Basket,MAR7NR4SMHSZAQ2N,False
GSCB_FLAGSHIP,Other / Review,Broad / Cross-sector,,Americas,GSCMHIBB,Flagship HIBB Hedge,USD,Custom Basket,MAR81WVAHVZF5VT9,True
GSCB_FLAGSHIP,Other / Review,Broad / Cross-sector,,Americas,GSXGOPTI,GS Global Optical Netw.,USD,Custom Basket,MAR8SV08EP4AY0R3,True
GSCB_FLAGSHIP,Factor,Broad / Cross-sector,Dividend / Yield,Asia,GSXACBDL,GS China Div Yield Long,CNH,Custom Basket,MAR9DG2JH68CD51F,False
GSCB_FLAGSHIP,Other / Review,Broad (US),,Americas,GSPUBETX,,USD,Custom Basket,MAR9YGAS0F0WFPEZ,True
GSCB_FLAGSHIP,Factor,Broad / Cross-sector,Value,Americas,GSIPVALL,Value Factor Long,USD,Research Basket,MARAA3C7D1A9AHWW,False
GSCB_FLAGSHIP,Factor,Broad / Cross-sector,Quality,Americas,GSXUMFQL,GS US Quality Long,USD,Custom Basket,MARAJKS7XBBX9RKE,False
GSCB_FLAGSHIP,Other / Review,Broad / Cross-sector,,Europe,GSCMRTOH,GS Rentokil Hedge,GBP,Custom Basket,MARAQXMV6PBKS0G3,True
GSCB_FLAGSHIP,Other / Review,Broad / Cross-sector,,Europe,GSSBDEFE,EU Defense,EUR,Research Basket,MARARQ3XKCMK0VPE,True
GSCB_FLAGSHIP,Sector Factor,Health Care,Crowding,Americas,GSHCWFCS,GS US HC Crowding Short,USD,Custom Basket,MARASNSMVKZ57KBE,False
GSCB_FLAGSHIP,Other / Review,Broad / Cross-sector,,Europe,GSXEFRET,GS EU Food Retail,EUR,Custom Basket,MARAYETM8DWW9MSG,True
GSCB_FLAGSHIP,Factor,Broad / Cross-sector,Growth,Asia,GSXATGRL,GS Taiwan Growth (HB) Lo,TWD,Custom Basket,MARB4XMQZD83EX7D,False
GSCB_FLAGSHIP,Theme,Broad / Cross-sector,China / Supply Chain,Europe,GSXASUPL,GS APAC Dom Supply Chain,USD,Custom Basket,MARB9EBGJ7NS2YRS,False
GSCB_FLAGSHIP,Other / Review,Broad / Cross-sector,,Americas,GSCMALTR,ALTR Hedge,USD,Custom Basket,MARBHBZQBJ1245B2,True
GSCB_FLAGSHIP,Other / Review,Broad / Cross-sector,,Europe,GSCBXGDF,GS Global Defensives,USD,Custom Basket,MARBPEWFJY3AVX8B,True
GSCB_FLAGSHIP,Factor,Broad / Cross-sector,Dividend / Yield,Europe,GSXELDIV,EU Rctv Low Div Yield,EUR,Custom Basket,MARBYKJ3ZH7806ZX,False
GSCB_FLAGSHIP,Other / Review,Broad / Cross-sector,,Europe,GSCMAHTH,GS Ashtead Group Hedge,GBP,Custom Basket,MARC23XGFF7EVNAM,True
GSCB_FLAGSHIP,Other / Review,TMT / Tech,,Europe,GSXGXETC,GS Ex Tech Compounders,USD,Custom Basket,MARCDBX6QYJ75ZDD,True
GSCB_FLAGSHIP,Factor,Broad / Cross-sector,Size,Asia,GSXAMFSS,GS Japan Size Short,JPY,Custom Basket,MARCECASKK2BFX07,False
GSCB_FLAGSHIP,Other / Review,Broad / Cross-sector,,Europe,GSCMEVTH,GS Evotec Hedge,EUR,Custom Basket,MARCRMRV70XA0RZ6,True
GSCB_FLAGSHIP,Other / Review,Broad / Cross-sector,,Asia,GSXAKMAG,GS Korea Magnificent,KRW,Custom Basket,MARCYYP4ZV59085M,True
GSCB_FLAGSHIP,Other / Review,Broad / Cross-sector,,Americas,GSCBEMOI,GS Asia EM Oil,USD,Custom Basket,MARD8F1T0WBST82M,True
GSCB_FLAGSHIP,Other / Review,Broad / Cross-sector,,Americas,GSQIHYLL,US HY Credit Sprds Long,USD,Custom Basket,MARE5G1412M7HMVX,True
GSCB_FLAGSHIP,Other / Review,Broad / Cross-sector,,Asia,GSXAMFPS,GS Japan Profit. Short,JPY,Custom Basket,MAREZDJJHSX96VP1,True
GSCB_FLAGSHIP,Other / Review,Broad / Cross-sector,,Europe,GSCMMFFP,GS Wendel Hedge,EUR,Custom Basket,MARFDZZQ141DE80Z,True
GSCB_FLAGSHIP,Factor,Broad / Cross-sector,Growth,Europe,GSXEHGRO,EU Reactive High Growth,EUR,Custom Basket,MARG76559QC1N4DT,False
GSCB_FLAGSHIP,Other / Review,Broad / Cross-sector,,Asia,GSXAJCYC,GS Japan Cyclicals,JPY,Custom Basket,MARGPGJARNHGG3P2,True
GSCB_FLAGSHIP,Other / Review,Broad / Cross-sector,,Europe,GSCMQIAG,GS Qiagen Hedge,EUR,Custom Basket,MARGY2XP3PZHZ17T,True
GSCB_FLAGSHIP,Other / Review,Health Care,,Americas,GSHLCMCR,GS HC Managed Care,USD,Custom Basket,MARHHBHFSTXC1RXD,True
GSCB_FLAGSHIP,Other / Review,Broad / Cross-sector,,Asia,GSXAKRK2,GS Korea K2 Hedge,KRW,Custom Basket,MARHXVDJ774T7N3W,True
GSCB_FLAGSHIP,Other / Review,Broad / Cross-sector,,Americas,GSSIOILD,Goldman Sachs Oil & Gas Drilling Sector Basket,USD,Custom Basket,MARHYC3NS45ADKDF,True
GSCB_FLAGSHIP,Other / Review,Broad / Cross-sector,,Europe,GSSTEURO,Euro area Intl Exposure,EUR,Research Basket,MARHZX4F7VP5HHEF,True
GSCB_FLAGSHIP,Theme,Broad / Cross-sector,China / Supply Chain,Americas,GSXACMIN,GS China Miners,USD,Custom Basket,MARJBX1R6V18CME8,False
GSCB_FLAGSHIP,Other / Review,Broad / Cross-sector,,Europe,GSCMHAYV,GS Ayvens Hedge,EUR,Custom Basket,MARJNVVM5NJQ1AB1,True
GSCB_FLAGSHIP,Other / Review,Broad / Cross-sector,,Europe,GSCMSXSH,GS Spectris Hedge,GBP,Custom Basket,MARJR0Z4205ZR322,True
GSCB_FLAGSHIP,Other / Review,Broad / Cross-sector,,Americas,GSSIREIN,Goldman Sachs Reinsurance Sector Basket,USD,Custom Basket,MARJYRA3NTPAKSHZ,True
GSCB_FLAGSHIP,Other / Review,Telecom / Comm Svcs,,Americas,GSCBMSTL,Telecom Most Short,USD,Custom Basket,MARK59VSHZ45XAE7,True
GSCB_FLAGSHIP,Other / Review,Broad / Cross-sector,,Asia,GSCBKRX7,GS Korea ex Mag 7,KRW,Custom Basket,MARKD8BB151WH061,True
GSCB_FLAGSHIP,Other / Review,Broad / Cross-sector,,Americas,GSTHDISS,Debt Issuers,USD,Research Basket,MARMAXS07EADGVP9,True
GSCB_FLAGSHIP,Other / Review,Broad / Cross-sector,,Americas,GSHLCDVC,GS Dental & Vision Care,USD,Custom Basket,MARMMFASJDT25H1E,True
GSCB_FLAGSHIP,Other / Review,Broad / Cross-sector,,Europe,GSXEGRID,GSXEGRID,EUR,Custom Basket,MARMPB2HSRVN7Y00,True
GSCB_FLAGSHIP,Other / Review,Broad / Cross-sector,,Asia,GSCBIMII,GS Make-in-India,INR,Research Basket,MARN0MVDGZCPG8R6,True
GSCB_FLAGSHIP,Other / Review,Broad / Cross-sector,,Europe,GSXEUKBD,GS UK Bond Sensitive,GBP,Custom Basket,MARN0NESE0NPQ7PE,True
GSCB_FLAGSHIP,Theme,TMT / Tech,AI,Asia,GSXAJTXT,GS Japan ex AI/Semis,JPY,Custom Basket,MARNB7DMA9J0NSVP,False
GSCB_FLAGSHIP,Other / Review,Broad / Cross-sector,,Europe,GSCMABNH,GS ABN Amro Hedge,EUR,Custom Basket,MARNX72HXZG3EAE1,True
GSCB_FLAGSHIP,Other / Review,Financials,,Americas,GSIPRETS,Financial Returns Short,USD,Research Basket,MARNZSPWY0GT25A7,True
GSCB_FLAGSHIP,Other / Review,Broad / Cross-sector,,Americas,GSXFBRSH,GS Brazil Most Short,USD,Custom Basket,MARP8FZP9877HNRX,True
GSCB_FLAGSHIP,Other / Review,Broad / Cross-sector,,Europe,GSCMRIOH,GS Rio Tinto Hedge,GBP,Custom Basket,MARP8JBK0PZ5TQTT,True
GSCB_FLAGSHIP,Factor,Broad / Cross-sector,Growth,Americas,GSSZDIVG,APJ High DivYield Growth,USD,Research Basket,MARP8MGBN7FTMDM0,False
GSCB_FLAGSHIP,Theme,Broad / Cross-sector,China / Supply Chain,Americas,GSXUCHSE,China Sales Exposure,USD,Custom Basket,MARP9R12EPDJ15SQ,False
GSCB_FLAGSHIP,Other / Review,TMT / Tech,,Asia,GSXAHKXT,GS Hong Kong ex Tech,HKD,Custom Basket,MARQGY0ETNS77X7H,True
GSCB_FLAGSHIP,Other / Review,Broad / Cross-sector,,Americas,GSXFCOMO,GS EM Commods Sensitive,USD,Custom Basket,MARR6X77QRV43VK3,True
GSCB_FLAGSHIP,Theme,Industrials,China / Supply Chain,Americas,GSIDLCHN,GS IND China-Levered,USD,Custom Basket,MARRFEGG5VZC3E32,False
GSCB_FLAGSHIP,Factor,Broad / Cross-sector,Volatility,Americas,GSXACHWL,GS China Volatility Long,USD,Custom Basket,MARRM6EN3VHZ7873,False
GSCB_FLAGSHIP,Theme,Broad / Cross-sector,AI,Americas,GSXALEAI,GS APAC AI Leaders,USD,Custom Basket,MARRRKPVW66JPR3W,False
GSCB_FLAGSHIP,Factor,Broad / Cross-sector,Size,Europe,GSXEMFSS,EU Pure Small Size,EUR,Custom Basket,MARS736E4KMGN4YZ,False
GSCB_FLAGSHIP,Sector Factor,Industrials,Momentum,Europe,GSXEHMOI,EU Industrials Momo Long,EUR,Custom Basket,MARSHHRAN73WKB50,False
GSCB_FLAGSHIP,Other / Review,Broad / Cross-sector,,Americas,GSXFBZHR,BZ Health Risk,BRL,Custom Basket,MARSSR70N9J6RCMC,True
GSCB_FLAGSHIP,Other / Review,Broad / Cross-sector,,Asia,GSXAJSLP,GS Japan SMID Low PB,JPY,Custom Basket,MARSW1NBR7J7HZ4Y,True
GSCB_FLAGSHIP,Factor,Broad / Cross-sector,Dividend / Yield,Americas,GSSZDIVY,APJ Secure Div Yield,USD,Research Basket,MARTPFVFH7187ECR,False
GSCB_FLAGSHIP,Theme,Broad / Cross-sector,China / Supply Chain,Americas,GS24TRFH,GS US Tariff Hedge,USD,Custom Basket,MARV3446ZBY0YBJW,False
GSCB_FLAGSHIP,Factor,Broad / Cross-sector,Value,Americas,GSXACHVL,GS China Value Long,USD,Custom Basket,MARV5R1DPWZ7EG7J,False
GSCB_FLAGSHIP,Other / Review,Broad / Cross-sector,,Americas,GSSZCAPX,APJ High Capex and R&D,USD,Research Basket,MARV6E83DSED1G5T,True
GSCB_FLAGSHIP,Other / Review,Health Care,,Americas,GSHLCCRO,GS HC CROs,USD,Custom Basket,MARW6C14GSJR1KJW,True
GSCB_FLAGSHIP,Other / Review,Broad / Cross-sector,,Europe,GSCMMBGH,GS Mercedes Hedge,EUR,Custom Basket,MARWCCVD5Z23H0PV,True
GSCB_FLAGSHIP,Other / Review,Broad / Cross-sector,,Europe,GSCMTATH,GS Tate & Lyle Hedge,GBP,Custom Basket,MARWMB1J95QRVVQ3,True
GSCB_FLAGSHIP,Other / Review,Broad / Cross-sector,,Europe,GSCMSABH,GS Sabadell Hedge,EUR,Custom Basket,MARWQ5ES9D5GFA91,True
GSCB_FLAGSHIP,Factor,Broad / Cross-sector,Size,Americas,GSXUMFSS,GS US Size Short,USD,Custom Basket,MARX1E9AGMMEAVNR,False
GSCB_FLAGSHIP,Other / Review,Broad / Cross-sector,,Asia,GSXAKRAI,GS Korea Artificial Intl,KRW,Custom Basket,MARXV9V71VSE8SY2,True
GSCB_FLAGSHIP,Other / Review,Broad / Cross-sector,,Europe,GSXEFOOD,GS EU Food Manufacturers,EUR,Custom Basket,MARY5XV68CFAVN50,True
GSCB_FLAGSHIP,Other / Review,Broad / Cross-sector,,Europe,GSXGEXCH,GS Global Exchanges,USD,Custom Basket,MARYA819YTQB6HX9,True
GSCB_FLAGSHIP,Other / Review,Broad / Cross-sector,,Europe,GSXEBFIS,EU Pure Lo Short Intrst,EUR,Custom Basket,MARYFA9B7QHNAAD4,True
GSCB_FLAGSHIP,Theme,Broad / Cross-sector,China / Supply Chain,Europe,GSXECHNA,GS EU China Exposure,EUR,Custom Basket,MARYGC4HWCNRR8H1,False
GSCB_FLAGSHIP,Other / Review,Financials,,Americas,GSFINCON,GS Consumer Finance,USD,Custom Basket,MARYTSV46G1C2DZ9,True
GSCB_FLAGSHIP,Factor,Broad / Cross-sector,Size,Americas,GSXUWFZL,GS US Wolfe High Size,USD,Custom Basket,MARZ1GWCNKPT2SWA,False
GSCB_FLAGSHIP,Other / Review,Broad / Cross-sector,,Asia,GSXAHKDM,GS HK Domestic Demand,HKD,Custom Basket,MARZ86H3RWGE3A9M,True
GSCB_FLAGSHIP,Theme,Broad / Cross-sector,China / Supply Chain,Asia,GSXACHRO,GS China Humanoid Robots,CNH,Custom Basket,MARZBEMAPX2EMGAN,False
GSCB_FLAGSHIP,Other / Review,Broad / Cross-sector,,Europe,GSCMSPLH,GS Santander Poland Hdge,PLN,Custom Basket,MARZGFX5CYS9JW7Y,True
GSCB_FLAGSHIP,Other / Review,Broad / Cross-sector,,Europe,GSCMMNGH,GS M&G Hedge,GBP,Custom Basket,MAS1FNKV7W4A305G,True
GSCB_FLAGSHIP,Other / Review,Broad / Cross-sector,,Americas,GSCBMF23,GS MF Tax Loss 2023,USD,Custom Basket,MAS26XRFYJDZKS17,True
GSCB_FLAGSHIP,Other / Review,Broad / Cross-sector,,Americas,GSSICSTE,Goldman Sachs Construction & Engineering Sector Basket,USD,Custom Basket,MAS29MX9D7X7YSBA,True
GSCB_FLAGSHIP,Theme,Broad / Cross-sector,Buybacks / Capital Return,Europe,GSXEREPO,GS EU Buybacks,EUR,Custom Basket,MAS2DYH6YXMTNEWC,False
GSCB_FLAGSHIP,Other / Review,TMT / Tech,,Americas,GSCBMSIT,Info Tech Most Short,USD,Custom Basket,MAS2MDBBDQ01CFKQ,True
GSCB_FLAGSHIP,Factor,Broad / Cross-sector,Size,Global,GSPAJPSI,GS Japan Size,HKD,Custom Basket,MAS2TWB9KTTH0S7Z,False
GSCB_FLAGSHIP,Sector Factor,Financials,Growth,Americas,GSFINGRL,GS FIN US Growth Long,USD,Custom Basket,MAS2WNAWYAHHZTWW,False
GSCB_FLAGSHIP,Other / Review,Broad / Cross-sector,,Europe,GSCMCRHH,GS CRH Hedge,EUR,Custom Basket,MAS2X6KR31C3BX0H,True
GSCB_FLAGSHIP,Other / Review,Consumer,,Americas,GSCBCXPH,GS Consumer Ex-Experien.,USD,Custom Basket,MAS2YC7B83DSS24C,True
GSCB_FLAGSHIP,Other / Review,Broad / Cross-sector,,Europe,GSCMMBIH,GS Mediobanca Hedge,EUR,Custom Basket,MAS375HSKWHQX3YS,True
GSCB_FLAGSHIP,Theme,Broad / Cross-sector,Labor / Wage,Americas,GSSZHLAB,GS APxJ High Labor Cost,USD,Research Basket,MAS3A1PPDPQJDVR0,False
GSCB_FLAGSHIP,Other / Review,Broad / Cross-sector,,Americas,GSSZSPCE,GS Asia Space Economy,USD,Research Basket,MAS3T62J8VDR7VAV,True
GSCB_FLAGSHIP,Other / Review,Broad / Cross-sector,,Europe,GSXEHASM,GS High Analyst Sent,EUR,Custom Basket,MAS3YGF773WF9MA1,True
GSCB_FLAGSHIP,Factor,Broad / Cross-sector,Liquidity,Europe,GSXEBFLL,EU Pure Hi Liquidity,EUR,Custom Basket,MAS4CEFGBXZAF3JV,False
GSCB_FLAGSHIP,Other / Review,Real Estate,,Europe,GSXEUKRE,GS UK Real Estate,GBP,Custom Basket,MAS4HCZ1PEWXZBTA,True
GSCB_FLAGSHIP,Theme,TMT / Tech,Semiconductors,Americas,GSXACSEM,GS China Semis,USD,Custom Basket,MAS4SRMQ8450G4WP,False
GSCB_FLAGSHIP,Other / Review,Broad / Cross-sector,,Europe,GSSTPENS,EU Pension Risk,EUR,Research Basket,MAS51TG28HCMQ228,True
GSCB_FLAGSHIP,Sector Factor,Consumer,Value,Asia,GSCNVALU,GS US Consumer Value,USD,Custom Basket,MAS5C2670BFA47Q8,False
GSCB_FLAGSHIP,Sector Factor,Industrials,Value,Americas,GSINVALU,GS US Industrial Value,USD,Custom Basket,MAS72PPDGHX6S70A,False
GSCB_FLAGSHIP,Theme,Broad / Cross-sector,Reopening / Reflation,Europe,GSXEUKRO,GS UK Reopening,GBP,Custom Basket,MAS788T4MDVDZKN9,False
GSCB_FLAGSHIP,Other / Review,Broad / Cross-sector,,Europe,GSGLURAN,GS Global Uranium,USD,Custom Basket,MAS7X6HY7RS60X6F,True
GSCB_FLAGSHIP,Factor,Broad / Cross-sector,Growth,Europe,GSCBMIGS,EU Midcap Growth Short,EUR,Custom Basket,MAS85RJBB7M7587B,False
GSCB_FLAGSHIP,Theme,Broad / Cross-sector,AI,Americas,GSCBCHDS,GS China New AI,USD,Custom Basket,MAS8CVJEC6QXBX7P,False
GSCB_FLAGSHIP,Other / Review,Broad / Cross-sector,,Europe,GSCMADYN,GS Adyen Hedge,EUR,Custom Basket,MAS8NAPDSE433EFR,True
GSCB_FLAGSHIP,Other / Review,Broad / Cross-sector,,Americas,GSCMANTH,TPU Hedge,USD,Custom Basket,MAS8PWW9R312NMX4,True
GSCB_FLAGSHIP,Factor,Broad / Cross-sector,Beta,Americas,GSXUBTXL,GS High Beta Ex AI & BTC,USD,Custom Basket,MAS9CQWC7YVE7T3Z,False
GSCB_FLAGSHIP,Other / Review,Broad / Cross-sector,,Europe,GSXEENAB,GS EU New Cycle Enablers,EUR,Custom Basket,MAS9DXR2PAREQFTF,True
GSCB_FLAGSHIP,Other / Review,Broad / Cross-sector,,Americas,GSPQSPRD,GS QI HY Spreads,USD,Custom Basket,MAS9H56YB3HW2BW3,True
GSCB_FLAGSHIP,Other / Review,Broad / Cross-sector,,Asia,GSCBJSBK,GS Japan SMID Banks,JPY,Custom Basket,MASA3GEE0CMG12HS,True
GSCB_FLAGSHIP,Sector Factor,Health Care,Volatility,Americas,GSHCBFRL,GS US HC Res Vol Long,USD,Custom Basket,MASA55TR44H7WFWC,False
GSCB_FLAGSHIP,Other / Review,Financials,,Americas,GSIPRETL,Financial Returns Long,USD,Research Basket,MASADME3DK66N8FP,True
GSCB_FLAGSHIP,Other / Review,Broad / Cross-sector,,Americas,GSXUWFIS,GS US Wolfe Lo Short Int,USD,Custom Basket,MASB7GMVNK20QK20,True
GSCB_FLAGSHIP,Other / Review,Broad / Cross-sector,,Europe,GSCMASCE,GS Ascential Hedge,GBP,Custom Basket,MASBCX90NHMW5X98,True
GSCB_FLAGSHIP,Factor,Broad / Cross-sector,Volatility,Americas,GSXURVXS,GS US Low Res Vol Ex AI,USD,Custom Basket,MASBGGJMJZZBP8M3,False
GSCB_FLAGSHIP,Other / Review,Broad / Cross-sector,,Europe,GSCBEJPY,GS EU Strong JPY,EUR,Custom Basket,MASBS3QJWKASKMBP,True
GSCB_FLAGSHIP,Theme,Materials,HF / Positioning Theme,Americas,GSCBHVMA,HF VIP Materials,USD,Custom Basket,MASBS80G6GB0RQT9,False
GSCB_FLAGSHIP,Other / Review,Broad / Cross-sector,,Americas,GSIPROEL,ROE Long,USD,Research Basket,MASC93CMCVKA53PR,True
GSCB_FLAGSHIP,Other / Review,Broad / Cross-sector,,Europe,GSXECAPX,GS EU Capex Benef,EUR,Custom Basket,MASCEA3GM3JMA207,True
GSCB_FLAGSHIP,Other / Review,Broad / Cross-sector,,Europe,GSCMHOTD,GS Hochtief Hedge,EUR,Custom Basket,MASDGA2DY4DAXZZG,True
GSCB_FLAGSHIP,Other / Review,Broad / Cross-sector,,Europe,GSCMVRSR,GS Verisure Hedge,SEK,Custom Basket,MASE1KNNM8TH85SC,True
GSCB_FLAGSHIP,Other / Review,Health Care,,Americas,GSHLCGMC,GS HC Genomics,USD,Custom Basket,MASE6VGF6VYE7WPS,True
GSCB_FLAGSHIP,Other / Review,Broad / Cross-sector,,Europe,GSSBBUSC,EU Business Services,EUR,Research Basket,MASE7R23FEQ0DSGQ,True
GSCB_FLAGSHIP,Other / Review,Broad / Cross-sector,,Europe,GSCMFLTR,GS Flutter Hedge,GBP,Custom Basket,MASF1HFG3XFYPSHM,True
GSCB_FLAGSHIP,Other / Review,Consumer,,Americas,GSCNSTXG,GS CNS Travel ex Gaming,USD,Custom Basket,MASFM4N0MPDE8AC0,True
GSCB_FLAGSHIP,Other / Review,Broad (US),,Americas,GSPUHPVP,Large Cap vs NPB,USD,Custom Basket,MASFT26XVEWJ0VN4,True
GSCB_FLAGSHIP,Factor,Broad / Cross-sector,Quality,Americas,GSXUBFAS,GS US Low Mgmt Quality,USD,Custom Basket,MASH2P6BRX55ETQW,False
GSCB_FLAGSHIP,Other / Review,Utilities,,Europe,GSXFCEUT,GS CEEMEA Utilities,USD,Custom Basket,MASHN938B49PGEA7,True
GSCB_FLAGSHIP,Factor,Broad / Cross-sector,Liquidity,Asia,GSXACBLS,GS China Liquidity Short,CNH,Custom Basket,MASHNPVRMJJGCRCP,False
GSCB_FLAGSHIP,Other / Review,Broad (US),,Americas,GSPUBABT,,USD,Custom Basket,MASHPSXCXXEGWVZH,True
GSCB_FLAGSHIP,Other / Review,Broad / Cross-sector,,Europe,GSXEDEBT,GS EU HY Debt,EUR,Custom Basket,MASHRN51ETHPH1PE,True
GSCB_FLAGSHIP,Factor,Broad / Cross-sector,Beta,Americas,GSXUBFBL,GS US Barra High Beta,USD,Custom Basket,MASJJCAJ6VD94V66,False
GSCB_FLAGSHIP,Factor,Broad / Cross-sector,Growth vs Value,Americas,GSXULGSV,GS US Hi Growth vs Value,USD,Custom Basket,MASJST2Y03J1BWHN,False
GSCB_FLAGSHIP,Factor,Broad / Cross-sector,Quality,Europe,GSCBSMQE,GS EU Quality Small Caps,EUR,Custom Basket,MASK0KW602R0PW2F,False
GSCB_FLAGSHIP,Other / Review,TMT / Tech,,Americas,GSCBMIDI,GS IT Services,USD,Custom Basket,MASKCF5SEPRVGN41,True
GSCB_FLAGSHIP,Factor,Broad / Cross-sector,Value,Europe,GSXEBFVS,EU Pure Expensive Value,EUR,Custom Basket,MASKKT2TJWM0S36M,False
GSCB_FLAGSHIP,Theme,TMT / Tech,TMT,Americas,GSTMTCYB,GS TMT Cyber Security,USD,Custom Basket,MASKS1MXMD7G1KZ3,False
GSCB_FLAGSHIP,Other / Review,Broad / Cross-sector,,Europe,GSCMSOLV,GS Solvay Hedge,EUR,Custom Basket,MASMPBAJ1SWRE86S,True
GSCB_FLAGSHIP,Other / Review,Financials,,Europe,GSXEUKFN,GS UK Rates Sensi Fins,GBP,Custom Basket,MASMQMSBKNVCXE21,True
GSCB_FLAGSHIP,Other / Review,Broad / Cross-sector,,Americas,GSXFBZDC,GS BZ Cyclicals (USD),USD,Custom Basket,MASNAD67CS357ZJV,True
GSCB_FLAGSHIP,Other / Review,Broad / Cross-sector,,Europe,GSCMCOLO,GS Coloplast Hedge,DKK,Custom Basket,MASNDJ9E3FRDKTD0,True
GSCB_FLAGSHIP,Other / Review,Broad / Cross-sector,,Asia,GSCBGNP1,Corp Gov & Def: Nuclear,JPY,Custom Basket,MASP3C9EJHNWG691,True
GSCB_FLAGSHIP,Factor,Broad / Cross-sector,Value,Asia,GSXAMFVL,GS Japan Value Long,JPY,Custom Basket,MASP51G42YE0Y3YE,False
GSCB_FLAGSHIP,Other / Review,Broad / Cross-sector,,Asia,GSXAJSTY,GS Japan Stay At Home,JPY,Custom Basket,MASPC5DG5ZM8FTQB,True
GSCB_FLAGSHIP,Other / Review,Broad / Cross-sector,,Americas,GSSIAIRL,GS Passenger Airlines,USD,Custom Basket,MASPNABKD2Q4VJPT,True
GSCB_FLAGSHIP,Other / Review,Broad / Cross-sector,,Europe,GSSBTRAD,EU Trading Services,EUR,Research Basket,MASPVVT71YER383E,True
GSCB_FLAGSHIP,Factor,Broad / Cross-sector,Value,Americas,GSXUMFVS,GS US Value Short,USD,Custom Basket,MASPYN060T4R7NYB,False
GSCB_FLAGSHIP,Other / Review,Broad / Cross-sector,,Americas,GSXUSPMI,US Services PMI Basket,USD,Custom Basket,MASQA3WRSF7KBXMX,True
GSCB_FLAGSHIP,Factor,Broad / Cross-sector,Dividend / Yield,Americas,GSCBHYEQ,High Yield Equities,USD,Custom Basket,MASQDE4M8X5CC7GJ,False
GSCB_FLAGSHIP,Factor,Broad / Cross-sector,Dividend / Yield,Americas,GSXUWFES,GS US Low Earnings Yield,USD,Custom Basket,MASR2J9G7PN5081W,False
GSCB_FLAGSHIP,Theme,Real Estate,China / Supply Chain,Americas,GSXACNRE,GS China Real Estate,USD,Custom Basket,MASRT18PKCPEH5KR,False
GSCB_FLAGSHIP,Other / Review,Broad / Cross-sector,,Asia,GSCBJMBA,GS Japan Multibaggers,JPY,Custom Basket,MASRYDW4N24DHFEZ,True
GSCB_FLAGSHIP,Other / Review,Broad / Cross-sector,,Americas,GSXGDFCS,Global Def + Cyber Sec,USD,Custom Basket,MASS0V0WK8P3FH4X,True
GSCB_FLAGSHIP,Other / Review,Broad / Cross-sector,,Europe,GSCMHCHG,GS Chemring Hedge,GBP,Custom Basket,MASS8CCPJBXYG425,True
GSCB_FLAGSHIP,Factor,Broad / Cross-sector,Dividend / Yield,Americas,GSXUWFEL,GS US Hi Earnings Yield,USD,Custom Basket,MASSW5ANTM0SRJ4Y,False
GSCB_FLAGSHIP,Other / Review,Broad / Cross-sector,,Europe,GSCMHACK,GS Hacksaw Hedge,SEK,Custom Basket,MASSYXMS1A5A02NH,True
GSCB_FLAGSHIP,Other / Review,Broad / Cross-sector,,Americas,GSSILEPR,Goldman Sachs Leisure Products Sector Basket,USD,Custom Basket,MAST4DRNQWZ0GYC5,True
GSCB_FLAGSHIP,Other / Review,Broad / Cross-sector,,Americas,GSBZEQUL,GSBZEQUL,BRL,Custom Basket,MAST4T1YMK43GSG9,True
GSCB_FLAGSHIP,Other / Review,Broad / Cross-sector,,Americas,GSXASHIB,GS Asia Shipbuilders,USD,Custom Basket,MASTB0Y2JVGX0XAV,True
GSCB_FLAGSHIP,Factor,Broad / Cross-sector,Momentum,Americas,GSXUBAMS,GS US Barra Low Momentum,USD,Custom Basket,MASTF7V6BX4TJVHA,False
GSCB_FLAGSHIP,Theme,Broad / Cross-sector,China / Supply Chain,Asia,GSXACNRS,GS China Natural Res.,CNH,Custom Basket,MASV4VVMEFEZ6FH5,False
GSCB_FLAGSHIP,Factor,Broad / Cross-sector,Quality,Europe,GSRPEQEP,GS RP Equity Quality EU Long/Short,EUR,Custom Basket,MASW4M8PA93VGPV2,False
GSCB_FLAGSHIP,Other / Review,Broad / Cross-sector,,Europe,GSCMHEN3,GS Henkel Hedge,EUR,Custom Basket,MASW942C6HHHSTJH,True
GSCB_FLAGSHIP,Other / Review,Broad / Cross-sector,,Europe,GSCBSV30,GS Saudi Vision 2030,SAR,Custom Basket,MASWA1Q0TRBQRCZ3,True
GSCB_FLAGSHIP,Other / Review,Broad / Cross-sector,,Europe,GSCMUMGH,GS Universal Music Hedge,EUR,Custom Basket,MASWDY79EC2WHN0Z,True
GSCB_FLAGSHIP,Other / Review,Broad / Cross-sector,,Asia,GSXAJPSL,GS Japan Parent Comp.,JPY,Custom Basket,MASWFSYZXX7S2GMJ,True
GSCB_FLAGSHIP,Other / Review,Broad / Cross-sector,,Asia,GSXAKSPD,GS Korea Sup Chain Diver,KRW,Custom Basket,MASWW7BMAJBSMEW8,True
GSCB_FLAGSHIP,Sector Factor,Consumer,Growth,Americas,GSCNBFGS,GS US Cons Growth Short,USD,Custom Basket,MASX569Q4MD20YWP,False
GSCB_FLAGSHIP,Theme,TMT / Tech,Profitability Theme (Profitable vs Nonprofitable),Americas,GSPUMENP,GS Mega vs Nonprof Tech,USD,Custom Basket,MASXCZG92BS7E0C3,False
GSCB_FLAGSHIP,Factor,Broad / Cross-sector,Growth,Europe,GSSTDIVG,EU Dividend Growth,EUR,Research Basket,MASXT9D772FYZJH3,False
GSCB_FLAGSHIP,Sector Factor,Energy,Value,Americas,GSENEVLS,GS ENE US Value Short,USD,Custom Basket,MASXXJZ8KYVVCRXS,False
GSCB_FLAGSHIP,Other / Review,Broad / Cross-sector,,Europe,GSCMSANF,GS Sanofi Hedge,EUR,Custom Basket,MASY07584XMQW3W3,True
GSCB_FLAGSHIP,Other / Review,Broad / Cross-sector,,Europe,GSXEHEVR,GS High Earnings Var,EUR,Custom Basket,MASYN6BYNSW4H28X,True
GSCB_FLAGSHIP,Other / Review,Broad / Cross-sector,,Europe,GSXEFISC,GS EU Fiscal Infrastruct,EUR,Custom Basket,MASZFBH8FYKCRKFG,True
GSCB_FLAGSHIP,Other / Review,Broad / Cross-sector,,Americas,GSIDLNRS,GS Non-Resi Construction,USD,Custom Basket,MASZV1R7RPPVA87T,True
GSCB_FLAGSHIP,Theme,Broad / Cross-sector,China / Supply Chain,Americas,GSCBCNUS,GS China ADRs w/ HK line,USD,Custom Basket,MAT0JY9R8097CRAK,False
GSCB_FLAGSHIP,Factor,Broad / Cross-sector,Growth,Europe,GSXEMFGL,EU Pure High Growth,EUR,Custom Basket,MAT181C7DR6ZRJZ5,False
GSCB_FLAGSHIP,Other / Review,Broad / Cross-sector,,Americas,GSXFBZSC,GS Brazil Small Caps,BRL,Custom Basket,MAT1DDCC4JNFVYAD,True
GSCB_FLAGSHIP,Theme,Broad / Cross-sector,AI,Americas,GSXAPROD,GS Asia AI Productivity,USD,Custom Basket,MAT2PS54ZVQKRYJK,False
GSCB_FLAGSHIP,Theme,Broad / Cross-sector,China / Supply Chain,Americas,GSXACSOL,GS China Solar,USD,Custom Basket,MAT3EZVQNNZCMCZC,False
GSCB_FLAGSHIP,Other / Review,Broad / Cross-sector,,Europe,GSQIU10L,QI US10Y Long,USD,Custom Basket,MAT3J68WW8ZGTKDY,True
GSCB_FLAGSHIP,Sector Factor,TMT / Tech,Beta,Americas,GSTMBETA,GS US TMT Beta,USD,Custom Basket,MAT3T45WBMTH4N98,False
GSCB_FLAGSHIP,Theme,Broad / Cross-sector,China / Supply Chain,Americas,GSXASHOR,GS Asia Onshoring,USD,Custom Basket,MAT3VEFV4GG2HMC6,False
GSCB_FLAGSHIP,Theme,Broad / Cross-sector,China / Supply Chain,Americas,GSCBCGGL,China Going Global Lead,USD,Custom Basket,MAT3XXCPTFP4E0X9,False
GSCB_FLAGSHIP,Other / Review,Broad / Cross-sector,,Asia,GSXAJCRS,GS Japan Critical Resrs.,JPY,Custom Basket,MAT4131GYHPQG99V,True
GSCB_FLAGSHIP,Other / Review,Consumer,,Americas,GSCNWFIL,GS US Consumer High SI,USD,Custom Basket,MAT42WQMY24HDHK4,True
GSCB_FLAGSHIP,Other / Review,Broad / Cross-sector,,Americas,GSCBFANG,FANG,USD,Custom Basket,MAT45M5FT8GKXFM0,True
GSCB_FLAGSHIP,Factor,Broad / Cross-sector,Beta,Europe,GSXEUKBL,UK Reactive High Beta,GBP,Custom Basket,MAT4T8Y4RTCCGW15,False
GSCB_FLAGSHIP,Other / Review,Broad / Cross-sector,,Americas,GSWLLEPL,GS Wolfe LEAP Long,USD,Custom Basket,MAT522NKKSTT4K7W,True
GSCB_FLAGSHIP,Other / Review,TMT / Tech,,Asia,GSXAHKTE,GS Hong Kong Tech,HKD,Custom Basket,MAT5FX5PJR2GG2XY,True
GSCB_FLAGSHIP,Theme,Broad / Cross-sector,Clean Energy / ESG,Europe,GSXEBFYL,EU Pure High ESG,EUR,Custom Basket,MAT5H92QRBJ7Z5YF,False
GSCB_FLAGSHIP,Sector Factor,TMT / Tech,Crowding,Americas,GSTMCRWD,GS US TMT Crowding,USD,Custom Basket,MAT5JS8QMS2QM1BV,False
GSCB_FLAGSHIP,Other / Review,Broad / Cross-sector,,Americas,GSP24RXC,.GSP24RXC,USD,Custom Basket,MAT60SBFJQ4C1Z8B,True
GSCB_FLAGSHIP,Factor,Broad / Cross-sector,Momentum,Asia,GSXAKMOL,GS Korea MOMO (HB) Long,KRW,Custom Basket,MAT6QB56J1TTBDNY,False
GSCB_FLAGSHIP,Other / Review,Broad / Cross-sector,,Asia,GSXATWIC,GS Taiwan IC Design,TWD,Custom Basket,MAT7GZXTS49CRDZ7,True
GSCB_FLAGSHIP,Other / Review,Consumer,,Americas,GSCNSMAL,GS Mall Levered Retail,USD,Custom Basket,MAT8932WXKERMKW0,True
GSCB_FLAGSHIP,Factor,Broad (US),Quality,Americas,GSPUMGMT,GS US Barra Mgmt Qual,USD,Custom Basket,MAT8A79RRPVPDR9H,False
GSCB_FLAGSHIP,Other / Review,Broad / Cross-sector,,Americas,GSXUBFSL,GS US Barra Hi Sentiment,USD,Custom Basket,MAT8XRQCW7YRAREZ,True
GSCB_FLAGSHIP,Theme,Broad / Cross-sector,Reopening / Reflation,Europe,GSXERCOV,GS EU Recovery,EUR,Custom Basket,MAT9K1DPZJ5DE3D9,False
GSCB_FLAGSHIP,Other / Review,Broad / Cross-sector,,Europe,GSCMNOBA,GS Noba Bank Hedge,SEK,Custom Basket,MATAA24XN808MSVA,True
GSCB_FLAGSHIP,Factor,Broad / Cross-sector,Size,Europe,GSXEHSIZ,GS EU High Size,EUR,Custom Basket,MATACYQMN7YEFFFG,False
GSCB_FLAGSHIP,Other / Review,Real Estate,,Asia,GSXAHKRE,GS Hong Kong Real Estate,HKD,Custom Basket,MATAEJNVQQZ56E2W,True
GSCB_FLAGSHIP,Other / Review,Broad / Cross-sector,,Americas,GSXAMLCS,GS Asia MLCCs,USD,Custom Basket,MATAFH97MB0P2KV4,True
GSCB_FLAGSHIP,Other / Review,Broad / Cross-sector,,Asia,GSJPMFUW,JP Foreign Funds UW,JPY,Research Basket,MATAVGM6AJSS7T49,True
GSCB_FLAGSHIP,Other / Review,Broad / Cross-sector,,Europe,GSCMTHYS,GS Thyssenkrupp Hedge,EUR,Custom Basket,MATB3XJJAH1QVWPE,True
GSCB_FLAGSHIP,Theme,Broad / Cross-sector,AI,Americas,GSSZAIGC,GS Asia Generative AI,USD,Research Basket,MATB8205GW18CGFJ,False
GSCB_FLAGSHIP,Theme,Utilities,HF / Positioning Theme,Americas,GSCBHVUT,HF VIP Utilities,USD,Custom Basket,MATBWHBTYMFMQ3QY,False
GSCB_FLAGSHIP,Other / Review,Consumer,,Americas,GSXUGENZ,GS Gen Z Consumer,USD,Custom Basket,MATC8XZBT0S42G1D,True
GSCB_FLAGSHIP,Other / Review,Financials,,Americas,GSFIWFIL,GS US Financial High SI,USD,Custom Basket,MATCAXEPP67QZWTP,True
GSCB_FLAGSHIP,Other / Review,Broad / Cross-sector,,Americas,GSWLLEPS,GS Wolfe LEAP Short,USD,Custom Basket,MATCBHN191JPHQEC,True
GSCB_FLAGSHIP,Theme,Broad / Cross-sector,China / Supply Chain,Americas,GSXATRIM,Asia US Tariffs Immune,USD,Custom Basket,MATCF9WBRRYXQ9S6,False
GSCB_FLAGSHIP,Other / Review,Broad / Cross-sector,,Asia,GSCBTOYS,GS JP Toyota Subs,JPY,Custom Basket,MATCG668N9BPPDM8,True
GSCB_FLAGSHIP,Sector Factor,Energy,Growth,Americas,GSENEGRS,GS ENE US Growth Short,USD,Custom Basket,MATCH2TK6271J7P8,False
GSCB_FLAGSHIP,Other / Review,Broad / Cross-sector,,Americas,GSSIMLIN,Goldman Sachs Insurance Brokers/Multi-line Sector Basket,USD,Custom Basket,MATCP7M61NY7P848,True
GSCB_FLAGSHIP,Other / Review,Broad / Cross-sector,,Europe,GSXENDEF,GS EU New Defense,EUR,Custom Basket,MATCRW6QGZM4FF45,True
GSCB_FLAGSHIP,Other / Review,Broad / Cross-sector,,Europe,GSCMENTH,GS Entain Hedge Basket,GBP,Custom Basket,MATD6BY8TDT77AH1,True
GSCB_FLAGSHIP,Theme,Broad / Cross-sector,China / Supply Chain,Americas,GSHLCPSC,GS Pharma Supply Chain,USD,Custom Basket,MATDDYQEK6JNFARE,False
GSCB_FLAGSHIP,Factor,Broad / Cross-sector,Growth,Europe,GSCBGRDV,GS EU Dividend Growth,EUR,Custom Basket,MATDFYGA5WEENPBM,False
GSCB_FLAGSHIP,Other / Review,Broad / Cross-sector,,Americas,GSXUDOSE,GS US Domestic Security,USD,Custom Basket,MATDGJBEWBAHRVCY,True
GSCB_FLAGSHIP,Other / Review,Broad / Cross-sector,,Americas,GSCBUHLT,GS US Unhealthy,USD,Custom Basket,MATF2JG3SAE3RJ6P,True
GSCB_FLAGSHIP,Other / Review,Consumer,,Americas,GSCNWFIS,GS US Consumer Low SI,USD,Custom Basket,MATFBK8HFDCSRKPT,True
GSCB_FLAGSHIP,Other / Review,Industrials,,Americas,GSINBFPL,GS US INL Profit Long,USD,Custom Basket,MATFEAXPFCW8GYK1,True
GSCB_FLAGSHIP,Factor,Broad / Cross-sector,Size,Americas,GSXUBFZS,GS US Low Size,USD,Custom Basket,MATGRJHHRA32S31Y,False
GSCB_FLAGSHIP,Sector Factor,Health Care,Leverage,Americas,GSHLCLEV,GS HC High Leverage,USD,Custom Basket,MATH3FJDTGX18VG6,False
GSCB_FLAGSHIP,Other / Review,Broad / Cross-sector,,Asia,GSJPCRTR,GS JP Critical Resources,JPY,Research Basket,MATHYRBXS9JGX40K,True
GSCB_FLAGSHIP,Other / Review,Broad / Cross-sector,,Europe,GSCMLEGG,GS LEG Immobilien Hedge,EUR,Custom Basket,MATJTVBQANKH457Q,True
GSCB_FLAGSHIP,Other / Review,Broad / Cross-sector,,Europe,GSXESHIP,GS EU Shipping,EUR,Custom Basket,MATJWP8VHA7KVRCE,True
GSCB_FLAGSHIP,Other / Review,Broad / Cross-sector,,Europe,GSCMSGSH,GS Sgs Hedge,CHF,Custom Basket,MATJZZK04S38JHGK,True
GSCB_FLAGSHIP,Other / Review,Broad / Cross-sector,,Europe,GSCMOERL,GS Oerlikon Hedge,CHF,Custom Basket,MATKR1RS5S41HQ0X,True
GSCB_FLAGSHIP,Other / Review,Broad / Cross-sector,,Europe,GSCMSAUD,GS Custom Saudi Winners,USD,Custom Basket,MATKT5FB5TPF3E7X,True
GSCB_FLAGSHIP,Other / Review,Broad / Cross-sector,,Europe,GSCBERIP,GS EU Outsized Outperfs,EUR,Custom Basket,MATKVESS9GST06D2,True
GSCB_FLAGSHIP,Theme,Broad / Cross-sector,AI,Asia,GSXATWAI,GS TW AI Ecosystem,TWD,Custom Basket,MATKWG8ZAX6K5A8C,False
GSCB_FLAGSHIP,Other / Review,Broad / Cross-sector,,Europe,GSXEFRDO,GS French Sales Exposure,EUR,Custom Basket,MATM94SPNVAZQD78,True
GSCB_FLAGSHIP,Other / Review,TMT / Tech,,Europe,GSCMVTSC,GS Vitesco Tech Hedge,EUR,Custom Basket,MATMF6C53KHYW2EB,True
GSCB_FLAGSHIP,Factor,Broad (US),Growth,Americas,GSPUMFGR,GS US Axioma Growth,USD,Custom Basket,MATMZJ52VSCJ298Y,False
GSCB_FLAGSHIP,Other / Review,Broad / Cross-sector,,Europe,GSXFCETK,GS CEEMEA Technology,USD,Custom Basket,MATN29E7PQC298CZ,True
GSCB_FLAGSHIP,Other / Review,Broad / Cross-sector,,Europe,GSWDDEFS,Global Defensives,USD,Research Basket,MATN2T2Q4KZ6464N,True
GSCB_FLAGSHIP,Other / Review,Health Care,,Americas,GSSIMANH,Goldman Sachs Managed Health Care Sector Basket,USD,Custom Basket,MATN6KKZVM2D7FV8,True
GSCB_FLAGSHIP,Other / Review,Broad / Cross-sector,,Europe,GSCMIFRM,GS Informa Hedge,GBP,Custom Basket,MATNFTG2CF1Z03B5,True
GSCB_FLAGSHIP,Other / Review,Broad / Cross-sector,,Asia,GSCBKOBK,GS Korea Banks,KRW,Custom Basket,MATNVDVKHX3XZSJW,True
GSCB_FLAGSHIP,Sector Factor,Energy,Momentum,Americas,GSENESML,GS Energy ST Momo Long,USD,Custom Basket,MATP1M3N1Z6B8QAE,False
GSCB_FLAGSHIP,Other / Review,Broad / Cross-sector,,Americas,GSXUMEME,GS Memes,USD,Custom Basket,MATPF5R35EN1M332,True
GSCB_FLAGSHIP,Other / Review,Broad / Cross-sector,,Asia,GSXAKMG7,GS Korea Magnificent 7,KRW,Custom Basket,MATPNXJJHSPK1F5W,True
GSCB_FLAGSHIP,Theme,TMT / Tech,TMT,Americas,GSTMWFIL,GS US TMT High Short Int,USD,Custom Basket,MATPP26YTYYH22J2,False
GSCB_FLAGSHIP,Other / Review,Broad / Cross-sector,,Asia,GSCBJCON,GS Japan Construction,JPY,Custom Basket,MATPXNVMDJ5P5499,True
GSCB_FLAGSHIP,Other / Review,Broad / Cross-sector,,Europe,GSCMHSXH,GS Hiscox Hedge,GBP,Custom Basket,MATQ8BBZ1Y8ZV0Y3,True
GSCB_FLAGSHIP,Other / Review,Broad / Cross-sector,,Europe,GSCMHOLN,GS Holcim Hedge,CHF,Custom Basket,MATQDJBPE25JACBB,True
GSCB_FLAGSHIP,Other / Review,Broad / Cross-sector,,Asia,GSCBJSHP,GS Japan Shipbuilders,JPY,Custom Basket,MATQG4NMCCP5GMYF,True
GSCB_FLAGSHIP,Theme,Broad / Cross-sector,AI,Asia,GSXACHAC,GS China AI Chips Supply,CNH,Custom Basket,MATQHW7SKWNCN4QF,False
GSCB_FLAGSHIP,Other / Review,Broad / Cross-sector,,Americas,GSTHLTAX,Low Tax,USD,Research Basket,MATQXV95JQGSFSXJ,True
GSCB_FLAGSHIP,Other / Review,Broad / Cross-sector,,Americas,GSXFLAIR,GS LatAm Airlines,USD,Custom Basket,MATR1Q6CEFN0D00V,True
GSCB_FLAGSHIP,Factor,Broad / Cross-sector,Size,Americas,GSXUBAZL,GS US High Size,USD,Custom Basket,MATRJB8MJKYJQRSZ,False
GSCB_FLAGSHIP,Theme,Broad / Cross-sector,Balance Sheet Strength,Americas,GSTHSBAL,Strong Balance Sheet US,USD,Research Basket,MATRNG2C1THJ73JV,False
GSCB_FLAGSHIP,Theme,TMT / Tech,Software,Americas,GSTMTSOS,GS US Software-At-Risk,USD,Custom Basket,MATRVH88FYD9BXTV,False
GSCB_FLAGSHIP,Other / Review,Broad / Cross-sector,,Europe,GSCMUUTH,GS United Utils Hedge,GBP,Custom Basket,MATT2KFTXP4NA00P,True
GSCB_FLAGSHIP,Other / Review,Broad / Cross-sector,,Europe,GSXEDEFX,GS EU Defense Exposed,EUR,Custom Basket,MATTACJ5BMH3BFKM,True
GSCB_FLAGSHIP,Other / Review,Broad / Cross-sector,,Asia,GSCBXAB2,GS JP Gov. Trifecta 2,JPY,Custom Basket,MATTZFC79YDP03Y0,True
GSCB_FLAGSHIP,Theme,Broad / Cross-sector,AI,Americas,GSXUPCAI,GS US PCs AI Upgrades,USD,Custom Basket,MATVE2DE4492Z8SM,False
GSCB_FLAGSHIP,Factor,Broad (US),Quality,Americas,GSPUERNQ,GS US Earnings Qual Pair,USD,Custom Basket,MATVFRFS4MGSJBQZ,False
GSCB_FLAGSHIP,Other / Review,Broad / Cross-sector,,Asia,GSXAHKLC,GS Hong Kong Large Cap,HKD,Custom Basket,MATVQV3VS4RC9PKR,True
GSCB_FLAGSHIP,Other / Review,Broad / Cross-sector,,Asia,GSCBTTXT,GS Japan Transport x Toy,JPY,Custom Basket,MATW3GRWA3T2VX67,True
GSCB_FLAGSHIP,Other / Review,Broad / Cross-sector,,Europe,GSCMARGX,GS Argenx Hedge,USD,Custom Basket,MATW45RJ5YG10XGH,True
GSCB_FLAGSHIP,Other / Review,Utilities,,Asia,GSCBIJUT,GS Custom JP Utilities,JPY,Custom Basket,MATW7BHFPTRP01WB,True
GSCB_FLAGSHIP,Other / Review,Broad / Cross-sector,,Europe,GSXEFRQL,GS Qlty French Exporters,EUR,Custom Basket,MATW8ZCTR9NYQ13T,True
GSCB_FLAGSHIP,Theme,Broad / Cross-sector,China / Supply Chain,Asia,GSXACAHA,GS China A/H Prem A Line,CNH,Custom Basket,MATWFCG0BE402FZB,False
GSCB_FLAGSHIP,Other / Review,Broad / Cross-sector,,Asia,GSXAKDIT,GS Korea Corporate Ref.,KRW,Custom Basket,MATWXVQ6Z9ABHC8Z,True
GSCB_FLAGSHIP,Theme,Broad / Cross-sector,AI,Americas,GSXABUPS,GS Asia AI Upstream Botl,USD,Custom Basket,MATX57K3JF7ST1DE,False
GSCB_FLAGSHIP,Other / Review,Broad / Cross-sector,,Asia,GSCBTSER,GS Japan REITs,JPY,Custom Basket,MATX7KYC23Z1Q2D2,True
GSCB_FLAGSHIP,Factor,Broad / Cross-sector,Growth,Asia,GSXAKGRS,GS Korea Growth (HB) Sho,KRW,Custom Basket,MATY7E1YRGWPZY4F,False
GSCB_FLAGSHIP,Other / Review,Broad / Cross-sector,,Europe,GSCMIMCD,GS IMCD NV Hedge,EUR,Custom Basket,MATYG8Z68XKK1HXP,True
GSCB_FLAGSHIP,Other / Review,Broad / Cross-sector,,Europe,GSCBBRKE,GS EU Brokers Basket,EUR,Custom Basket,MATZ0PN79MAVVMK0,True
GSCB_FLAGSHIP,Other / Review,Broad (US),,Americas,GSPUMRGN,GS US Margin Pair,USD,Custom Basket,MAV008E66FAYSF71,True
GSCB_FLAGSHIP,Other / Review,Broad / Cross-sector,,Americas,GSCMKRHB,Flagship KR Hedge,USD,Custom Basket,MAV0W4ZPN506H7EW,True
GSCB_FLAGSHIP,Other / Review,Broad / Cross-sector,,Americas,GSIPPERS,PE Short,USD,Research Basket,MAV0WWJPHJJ3EFNE,True
GSCB_FLAGSHIP,Other / Review,Broad / Cross-sector,,Europe,GSXFZADE,GS South Africa Domestic,ZAR,Custom Basket,MAV0YY4HKQRYPCJE,True
GSCB_FLAGSHIP,Factor,Broad / Cross-sector,Growth,Americas,GSIPEBIS,EBITDA Growth Short,USD,Research Basket,MAV14WEA8PRCQE2R,False
GSCB_FLAGSHIP,Other / Review,TMT / Tech,,Asia,GSXATEXT,GS Taiwan Ex Tech,TWD,Custom Basket,MAV1JBYND0SC8DCB,True
GSCB_FLAGSHIP,Factor,Broad / Cross-sector,Momentum,Americas,GSXUHMO6,US 6M Momentum Long,USD,Custom Basket,MAV1QY9XND9Y2D48,False
GSCB_FLAGSHIP,Other / Review,Broad / Cross-sector,,Asia,GSXATEXP,GS Taiwan Exporters,TWD,Custom Basket,MAV243G1ETGATCTA,True
GSCB_FLAGSHIP,Sector Factor,Consumer,Momentum,Asia,GSCNMOMO,GS US Consumer Momentum,USD,Custom Basket,MAV2AQGRA75V8SB5,False
GSCB_FLAGSHIP,Factor,Broad / Cross-sector,Momentum,Americas,GSXUBAML,GS US Barra Hi Momentum,USD,Custom Basket,MAV2GGT085MEE283,False
GSCB_FLAGSHIP,Other / Review,Broad / Cross-sector,,Europe,GSXGCAPX,GS Global Capex Boom,USD,Custom Basket,MAV2ZAYPMJY8KWKB,True
GSCB_FLAGSHIP,Factor,Broad / Cross-sector,Growth,Americas,GSHLCGRL,GS HLC US Growth Long,USD,Custom Basket,MAV3791XVTAPTE13,False
GSCB_FLAGSHIP,Other / Review,Broad / Cross-sector,,Asia,GSJPHALO,GS JP Capital Intensive,JPY,Research Basket,MAV3KSMZAZN3C2C1,True
GSCB_FLAGSHIP,Other / Review,Broad (US),,Americas,GSPUWBTA,,USD,Custom Basket,MAV3NYK9N7NG86H0,True
GSCB_FLAGSHIP,Other / Review,Broad / Cross-sector,,Americas,GSSBGLBL,Global,USD,Research Basket,MAV3QH09C387NGC1,True
GSCB_FLAGSHIP,Other / Review,Broad / Cross-sector,,Europe,GSCMROOH,GS Deliveroo Hedge,GBP,Custom Basket,MAV3X80WCDJXSEHM,True
GSCB_FLAGSHIP,Other / Review,Broad / Cross-sector,,Europe,GSCMPRXH,GS Prosus Hedge,EUR,Custom Basket,MAV48CXJ8WBQ253D,True
GSCB_FLAGSHIP,Theme,TMT / Tech,TMT,Americas,GSTMTGAM,GS TMT Video Game Pblshr,USD,Custom Basket,MAV49T4WG2AC7C2S,False
GSCB_FLAGSHIP,HF Positioning,HF Positioning,VIP vs Short,Americas,GSPRLEVR,GS Strong vs Weak BS,USD,Custom Basket,MAV4KPHWQD1R7W7X,False
GSCB_FLAGSHIP,Theme,Consumer,HF / Positioning Theme,Americas,GSCBHVCS,HF VIP Consumer Staples,USD,Custom Basket,MAV57NKD3AQR0TWP,False
GSCB_FLAGSHIP,Other / Review,Broad / Cross-sector,,Europe,GSCMDIAH,GS Diasorin Hedge,EUR,Custom Basket,MAV5D1JXQ0XQABT8,True
GSCB_FLAGSHIP,Other / Review,Broad / Cross-sector,,Europe,GSCMHPRY,GS Prysmian Hedge,EUR,Custom Basket,MAV5GB1T5Q40MV4N,True
GSCB_FLAGSHIP,Theme,TMT / Tech,Semiconductors,Asia,GSXAJSEM,GS Japan Semiconductors,JPY,Custom Basket,MAV5XEQR094AZ044,False
GSCB_FLAGSHIP,Sector Factor,Consumer,Short Interest,Americas,GSCNSHRT,GS US Consumer Short Interest,USD,Custom Basket,MAV5YHY6BADZA46R,False
GSCB_FLAGSHIP,Factor,Broad / Cross-sector,Size,Europe,GSXELSIZ,GS EU Low Size,EUR,Custom Basket,MAV6A5N4GV4276GM,False
GSCB_FLAGSHIP,Other / Review,Broad / Cross-sector,,Europe,GSXFZABK,GS South African Banks,ZAR,Custom Basket,MAV6QTMFXTCPY6SD,True
GSCB_FLAGSHIP,Other / Review,Broad / Cross-sector,,Americas,GSEMAMER,EM US Sales Exposure,USD,Research Basket,MAV7FWP2REFW976E,True
GSCB_FLAGSHIP,Other / Review,Broad / Cross-sector,,Europe,GSCMCANH,GS Canal+ Hedge,GBP,Custom Basket,MAV7VJT0K7MXTNPV,True
GSCB_FLAGSHIP,Theme,Broad / Cross-sector,China / Supply Chain,Asia,GSXACBIN,GS China Banks + Insurer,CNH,Custom Basket,MAV80YRBXE0WYX4F,False
GSCB_FLAGSHIP,Other / Review,Energy,,Americas,GSENOFFS,GS Energy Offshore,USD,Custom Basket,MAV901XY836C5VJS,True
GSCB_FLAGSHIP,Other / Review,Broad / Cross-sector,,Americas,GSSIGOLD,GS Gold and Silver Metal,USD,Custom Basket,MAV99MS3C817TDKX,True
GSCB_FLAGSHIP,Other / Review,Broad / Cross-sector,,Europe,GSXEHHPC,GS EU HH & Personal Care,EUR,Custom Basket,MAV9DCCM65E794TP,True
GSCB_FLAGSHIP,Other / Review,Broad / Cross-sector,,Americas,GSCBR1P1,GSCBR1P1,USD,Custom Basket,MAV9F4NE33253G1X,True
GSCB_FLAGSHIP,Factor,Broad (US),Dividend / Yield,Americas,GSPUWDIV,US Wolfe Div Yield Pair,USD,Custom Basket,MAV9QBMYCHZ22FQ3,False
GSCB_FLAGSHIP,Theme,Broad / Cross-sector,Labor / Wage,Europe,GSXEUKWG,GS UK High Labour Costs,GBP,Custom Basket,MAVA1GBDT0YP9TWY,False
GSCB_FLAGSHIP,Other / Review,Broad / Cross-sector,,Americas,GSKOERNY,GS US Ern Yld EFMUSALTS,USD,Custom Basket,MAVA23NNSV72NWX2,True
GSCB_FLAGSHIP,Theme,Broad / Cross-sector,China / Supply Chain,Americas,GSXACBIO,GS China Biotech,USD,Custom Basket,MAVC3G7DYZ4BYXM7,False
GSCB_FLAGSHIP,Other / Review,Broad / Cross-sector,,Europe,GSXELIPO,EU Liquid IPO Basket,EUR,Custom Basket,MAVC624F8S04MV7S,True
GSCB_FLAGSHIP,Other / Review,Broad / Cross-sector,,Americas,GSSITRUC,Goldman Sachs Trucking Sector Basket,USD,Custom Basket,MAVC7PX4S9YQR6ER,True
GSCB_FLAGSHIP,Theme,Broad / Cross-sector,Labor / Wage,Americas,GSTHLLAB,Low Labor Cost (US),USD,Research Basket,MAVC7WG7J3XNKQ0R,False
GSCB_FLAGSHIP,Other / Review,Broad / Cross-sector,,Europe,GSCMIPHG,GS Global IP Hedge,GBP,Custom Basket,MAVCY70C2PSR85DG,True
GSCB_FLAGSHIP,Other / Review,Broad / Cross-sector,,Europe,GSCMITRK,GS Intertek Hedge,GBP,Custom Basket,MAVD4MA30PGNBVX8,True
GSCB_FLAGSHIP,Other / Review,Broad / Cross-sector,,Europe,GSCMSSPL,GS SSP Group Hedge,GBP,Custom Basket,MAVD4Y4VY1N6KH3A,True
GSCB_FLAGSHIP,Other / Review,Broad / Cross-sector,,Americas,GSSZPOWE,Asia Power & Electricity,USD,Research Basket,MAVDZPNFYT2VJMFP,True
GSCB_FLAGSHIP,Theme,TMT / Tech,AI,Americas,GSCBSMHX,GS US AI Semis,USD,Custom Basket,MAVE1PNZZXBKZJAG,False
GSCB_FLAGSHIP,Other / Review,Financials,,Americas,GSFINNYO,GS Fins NYC Office,USD,Custom Basket,MAVE1SJW1SV2JMXM,True
GSCB_FLAGSHIP,Sector Factor,TMT / Tech,Value,Americas,GSTMVALU,GS US TMT Value,USD,Custom Basket,MAVESFNRW7R2M0QS,False
GSCB_FLAGSHIP,Other / Review,Broad / Cross-sector,,Americas,GSCMFTVH,FTV Hedge,USD,Custom Basket,MAVF5RYHXVVXSPDA,True
GSCB_FLAGSHIP,Other / Review,Utilities,,Europe,GSSBUTHY,EU Utilities Hybrid,EUR,Research Basket,MAVF6X11D286G576,True
GSCB_FLAGSHIP,Other / Review,Broad / Cross-sector,,Europe,GSCMUBSG,GS UBS Hedge Basket,CHF,Custom Basket,MAVFC4NKTF4J5W90,True
GSCB_FLAGSHIP,Other / Review,Broad / Cross-sector,,Europe,GSCMTEL2,GS Tele2 Hedge,SEK,Custom Basket,MAVGJ0A2V6H0W2F2,True
GSCB_FLAGSHIP,Other / Review,Broad / Cross-sector,,Americas,GSXUCAPX,GS Cap Ex Beneficiaries,USD,Custom Basket,MAVGSDTDCC9ZP9RQ,True
GSCB_FLAGSHIP,Theme,Broad / Cross-sector,AI,Americas,GSXUMOXS,GS Low Mo Ex AI & BTC,USD,Custom Basket,MAVGY26EKCRTHXEC,False
GSCB_FLAGSHIP,Other / Review,Broad / Cross-sector,,Asia,GSCBLGEH,GS Korea Hedge,KRW,Custom Basket,MAVHAQKDES4YY3ZM,True
GSCB_FLAGSHIP,Theme,Broad / Cross-sector,Reopening / Reflation,Americas,GSXACREC,GS China Recovery,USD,Custom Basket,MAVHBBYD8Q8KPY3M,False
GSCB_FLAGSHIP,Factor,Broad / Cross-sector,Value,Europe,GSXEMFVL,EU Pure Cheap Value,EUR,Custom Basket,MAVHGYVVYRJ9EV27,False
GSCB_FLAGSHIP,Other / Review,Broad / Cross-sector,,Europe,GSCMELFH,GS Essilor Hedge,EUR,Custom Basket,MAVHJPXABBG5KQC3,True
GSCB_FLAGSHIP,Factor,Broad / Cross-sector,Volatility,Asia,GSXAJBRS,GS JP Residual Vol Short,JPY,Custom Basket,MAVJ0AY31MDX6XSH,False
GSCB_FLAGSHIP,Other / Review,Broad / Cross-sector,,Europe,GSSBOILI,EU Integrated Oil & Gas,EUR,Research Basket,MAVJAJMT7583MSB7,True
GSCB_FLAGSHIP,Other / Review,Broad / Cross-sector,,Americas,GSCBASET,GS Global PE Firms,USD,Custom Basket,MAVJB3HG707QH2EE,True
GSCB_FLAGSHIP,Other / Review,Broad / Cross-sector,,Americas,GSSBCYCL,Cyclicals,USD,Research Basket,MAVJYSK1BAPHYBC2,True
GSCB_FLAGSHIP,Other / Review,Real Estate,,Americas,GSCBMSRE,Real Estate Most Short,USD,Custom Basket,MAVK2TJJ8BV8M1SK,True
GSCB_FLAGSHIP,Factor,Broad / Cross-sector,Value,Global,GSPAJPVA,GS Japan Value,JPY,Custom Basket,MAVKKXFXEVPC3ESQ,False
GSCB_FLAGSHIP,Other / Review,Broad / Cross-sector,,Americas,GSXACPUS,GS Asia CPU Ecosystem,USD,Custom Basket,MAVM8M2EJ4M6NJTK,True
GSCB_FLAGSHIP,Other / Review,Broad / Cross-sector,,Asia,GSXAKHDT,GS Korea Div Tax Benefic,KRW,Custom Basket,MAVMG2N7ZHYHKBK0,True
GSCB_FLAGSHIP,Theme,Broad / Cross-sector,China / Supply Chain,Americas,GSCBUSCN,GS China ADR w/o HK line,USD,Custom Basket,MAVNBRQH6KRG5ZHN,False
GSCB_FLAGSHIP,Other / Review,Broad / Cross-sector,,Europe,GSXEFRBK,GS French Banks,EUR,Custom Basket,MAVPEAM8NMQA48RR,True
GSCB_FLAGSHIP,Other / Review,Broad / Cross-sector,,Americas,GSRHACQN,M&A Candidates (US),USD,Research Basket,MAVPWFWMSFBT82DD,True
GSCB_FLAGSHIP,HF Positioning,HF Positioning,VIP vs Short,Americas,GSPRSTAY,.GSPRSTAY,USD,Custom Basket,MAVQWVBPYCPC3F6S,False
GSCB_FLAGSHIP,Theme,Broad / Cross-sector,China / Supply Chain,Americas,GSXATREX,Asia US Tariffs Exposed,USD,Custom Basket,MAVR6Y2C30VDRND2,False
GSCB_FLAGSHIP,Other / Review,Consumer,,Americas,GSXUGOOD,GS US Consumer Goods,USD,Custom Basket,MAVRB27170K4GG9N,True
GSCB_FLAGSHIP,Other / Review,Broad / Cross-sector,,Europe,GSCMBATS,GS BATS LN Hedge,GBP,Custom Basket,MAVS04ZJMKG8RCYT,True
GSCB_FLAGSHIP,Other / Review,Broad / Cross-sector,,Europe,GSXEPENS,GS EU Pensions,EUR,Custom Basket,MAVS13PKYKA1VBNY,True
GSCB_FLAGSHIP,Factor,Broad / Cross-sector,Growth,Americas,GSXFBZGL,Brazil Growth Long,BRL,Custom Basket,MAVS97H5TRNPGJ1V,False
GSCB_FLAGSHIP,Factor,Broad / Cross-sector,Momentum,Americas,GSRPEMUP,GS RP Equity Momentum US Long/Short,USD,Custom Basket,MAVS9ZH4PH2QR1FY,False
GSCB_FLAGSHIP,Other / Review,Broad / Cross-sector,,Europe,GSCMPUIG,GS PUIG Hedge,EUR,Custom Basket,MAVSQ27B8TR7A317,True
GSCB_FLAGSHIP,Other / Review,Broad / Cross-sector,,Asia,GSCBJMBO,GS Japan MBO Candidates,JPY,Custom Basket,MAVSTB2EBGH5PTPG,True
GSCB_FLAGSHIP,Other / Review,Broad / Cross-sector,,Europe,GSSTCAPX,EU Capex Beneficiaries,EUR,Research Basket,MAVSYVCK1N1MJ4A3,True
GSCB_FLAGSHIP,Other / Review,Health Care,,Americas,GSCBMSHC,Health Care Most Short,USD,Custom Basket,MAVTAQM02ADZXM7V,True
GSCB_FLAGSHIP,Other / Review,Energy,,Europe,GSXEENSH,GS EU Energy Shortage,EUR,Custom Basket,MAVVA37RV6YXGF9V,True
GSCB_FLAGSHIP,Other / Review,Broad / Cross-sector,,Europe,GSRWWERT,Testing,EUR,Custom Basket,MAVVBZBNK6R6Z5B0,True
GSCB_FLAGSHIP,Other / Review,Energy,,Americas,GSPUNATO,Nat Gas vs Oily Energy,USD,Custom Basket,MAVVC1XVD4XH8CWS,True
GSCB_FLAGSHIP,Other / Review,Real Estate,,Europe,GSSBREEU,EU Real Estate - Europe,EUR,Research Basket,MAVVKJH5D5VF9PER,True
GSCB_FLAGSHIP,Other / Review,Broad / Cross-sector,,Europe,GSSBSTAF,EU Staffing,EUR,Research Basket,MAVVNAX4MJA7972E,True
GSCB_FLAGSHIP,Other / Review,Broad / Cross-sector,,Americas,GSCBFLOH,GS Hi Flt Rt Debt Hedge,USD,Custom Basket,MAVVWQKKXK4GQD1P,True
GSCB_FLAGSHIP,Factor,Broad / Cross-sector,Growth,Americas,GSIPSALS,Sales Growth Short,USD,Research Basket,MAVWDN7T8W7TZTJC,False
GSCB_FLAGSHIP,Other / Review,Broad / Cross-sector,,Asia,GSXAJTOP,GS Japan Top Performers,JPY,Custom Basket,MAVWDV55GVNKYHDB,True
GSCB_FLAGSHIP,Other / Review,TMT / Tech,,Asia,GSXATWHT,GS Taiwan Hardware Tech,TWD,Custom Basket,MAVWPGF8WJEEJVS0,True
GSCB_FLAGSHIP,Factor,Broad / Cross-sector,Value,Americas,GSXUBGVS,GS US GEMLT Low Value,USD,Custom Basket,MAVX6H9BSTC0RKFJ,False
GSCB_FLAGSHIP,Other / Review,Broad / Cross-sector,,Global,GSPAJBEY,.GSPAJBEY,JPY,Custom Basket,MAVXG4DAF1DP5SD0,True
GSCB_FLAGSHIP,Other / Review,Broad / Cross-sector,,Europe,GSCMFERH,GS Ferrovial Hedge,EUR,Custom Basket,MAVXP4V48PXNNVNB,True
GSCB_FLAGSHIP,Other / Review,Broad / Cross-sector,,Europe,GSSBBKNO,EU Banks - Nordic,EUR,Research Basket,MAVXS6M1AMX39XC6,True
GSCB_FLAGSHIP,Other / Review,Broad / Cross-sector,,Europe,GSCMHFME,GS Fresenius Medical Hdg,EUR,Custom Basket,MAVXSZNNRFNJTAPT,True
GSCB_FLAGSHIP,Theme,Broad / Cross-sector,Rates Sensitivity,Americas,GSTHSDUR,Short Duration,USD,Research Basket,MAVYES4R5J2VQV3W,False
GSCB_FLAGSHIP,Other / Review,Broad / Cross-sector,,Americas,GSSITRAD,Goldman Sachs Trading Companies & Distributo Sector Basket,USD,Custom Basket,MAVYEYT3E1JM6DPA,True
GSCB_FLAGSHIP,Other / Review,Broad / Cross-sector,,Europe,GSCMQIAH,GS Qiagen Hedge,EUR,Custom Basket,MAVYKH8ZQHWPRBV4,True
GSCB_FLAGSHIP,Sector Factor,Financials,Momentum,Americas,GSFINMOM,Financial Momo (Hi/Lo),USD,Custom Basket,MAVYWY5EC9143GV0,False
GSCB_FLAGSHIP,Other / Review,Broad / Cross-sector,,Asia,GSXAKHIT,GS Korea Greatest Hits,KRW,Custom Basket,MAVZAQK8KS3X9HBK,True
GSCB_FLAGSHIP,Other / Review,Broad / Cross-sector,,Europe,GSCMTMVR,GS Teamviewer Hedge,EUR,Custom Basket,MAVZPAM119DVF3QE,True
GSCB_FLAGSHIP,Other / Review,Broad / Cross-sector,,Europe,GSCMSUBC,GS Subsea 7 Hedge,NOK,Custom Basket,MAW0QJ2V0VYDMEGB,True
GSCB_FLAGSHIP,Other / Review,Broad / Cross-sector,,Americas,GSXFBZFX,GS Brazil FX Sens,BRL,Custom Basket,MAW16PK2HVPQSWM5,True
GSCB_FLAGSHIP,Theme,Broad / Cross-sector,Healthcare Innovation,Americas,GSSIPHAR,Goldman Sachs Pharmaceuticals Sector Basket,USD,Custom Basket,MAW1VZQV92596RYJ,False
GSCB_FLAGSHIP,Other / Review,Consumer,,Americas,GSSZREVW,APJ Cons Revision Winner,USD,Research Basket,MAW2766902GG7XW8,True
GSCB_FLAGSHIP,Theme,Broad / Cross-sector,AI,Europe,GSCBGAIC,GS Global AI Capex Benef,USD,Custom Basket,MAW32RNY6VDKW7NQ,False
GSCB_FLAGSHIP,Other / Review,Broad / Cross-sector,,Europe,GSCBDXB1,GS Dubai Economy,USD,Custom Basket,MAW369T12BPJ6XMA,True
GSCB_FLAGSHIP,Sector Factor,Health Care,Crowding,Americas,GSHCBTXC,GS Low Crowded Biotech,USD,Custom Basket,MAW383ZS5RYBSY5G,False
GSCB_FLAGSHIP,Other / Review,Broad / Cross-sector,,Asia,GSCB268H,GS Custom Hedge,JPY,Custom Basket,MAW45XDB1QRKZAQR,True
GSCB_FLAGSHIP,Other / Review,Utilities,,Europe,GSSBUTIW,EU Utilities Water,GBP,Research Basket,MAW4KP21T2HEKW01,True
GSCB_FLAGSHIP,Other / Review,Broad / Cross-sector,,Americas,GSXUWFWL,GS US Wolfe High Vol,USD,Custom Basket,MAW4V25RKC3XVXD8,True
GSCB_FLAGSHIP,Other / Review,Broad / Cross-sector,,Asia,GSXAJREI,GS Japan REITs,JPY,Custom Basket,MAW58TMCBG9E5HH3,True
GSCB_FLAGSHIP,Other / Review,Broad / Cross-sector,,Asia,GSXATDYL,GS Taiwan (HB) Div Y Lon,TWD,Custom Basket,MAW58XTG1K8VD4FT,True
GSCB_FLAGSHIP,Other / Review,Broad / Cross-sector,,Americas,GSIPVALP,GS Investment Profile (IP) Valuation Factor Pair,USD,Custom Basket,MAW595W0MXHTG94R,True
GSCB_FLAGSHIP,Factor,Broad / Cross-sector,Size,Americas,GSXUBFZL,GS US High Size,USD,Custom Basket,MAW5A7RNP8WARRKH,False
GSCB_FLAGSHIP,Other / Review,Broad / Cross-sector,,Europe,GSXENGAS,GS EU Nat Gas Exposed,EUR,Custom Basket,MAW5E4B4GFM5X6R2,True
GSCB_FLAGSHIP,Other / Review,Broad / Cross-sector,,Europe,GSSTCYCL,EU Cyclicals,EUR,Research Basket,MAW5NP7KDGE88422,True
GSCB_FLAGSHIP,Other / Review,Broad / Cross-sector,,Europe,GSXGMISL,GS Global Missiles,USD,Custom Basket,MAW64KSTPFPGCB2W,True
GSCB_FLAGSHIP,Other / Review,Broad / Cross-sector,,Americas,GSIPREVS,Revision Factor Short,USD,Research Basket,MAW6Q5B104A2YKG9,True
GSCB_FLAGSHIP,Other / Review,Broad / Cross-sector,,Asia,GSCBJTOG,GS Japan Toyota Group,JPY,Custom Basket,MAW6VQY8NPFFP1J3,True
GSCB_FLAGSHIP,Theme,Broad / Cross-sector,China / Supply Chain,Americas,GSXACDCY,GS China Dom Cyclicals,USD,Custom Basket,MAW6WEPD520NW224,False
GSCB_FLAGSHIP,Factor,Broad / Cross-sector,Value,Europe,GSXEUKVS,UK Reactive Expens Value,GBP,Custom Basket,MAW7DHTQQH1AETPT,False
GSCB_FLAGSHIP,Theme,Broad / Cross-sector,China / Supply Chain,Asia,GSXAHEVS,GS China-H EVs,HKD,Custom Basket,MAW7QN9AWWMM7W42,False
GSCB_FLAGSHIP,Theme,Broad / Cross-sector,Buybacks / Capital Return,Americas,GSXULQBB,GS Unsustainable Buyback,USD,Custom Basket,MAW88T6ZZW20MQNJ,False
GSCB_FLAGSHIP,Other / Review,Broad / Cross-sector,,Europe,GSCMRWEG,GS RWE Hedge,EUR,Custom Basket,MAW8A04Y9SC1E26S,True
GSCB_FLAGSHIP,Other / Review,Broad / Cross-sector,,Americas,GSXG800V,Global 800V Data Centers,USD,Custom Basket,MAW8FN09WF9R9850,True
GSCB_FLAGSHIP,Sector Factor,Financials,Size,Americas,GSFIBFZS,GS US Fin Size Short,USD,Custom Basket,MAW8TVTWNCKTHBA1,False
GSCB_FLAGSHIP,Other / Review,Health Care,,Americas,GSHLCT25,GS HC Tax Loss 2025,USD,Custom Basket,MAW9MMVNKQCAPK4G,True
GSCB_FLAGSHIP,Theme,Broad / Cross-sector,China / Supply Chain,Americas,GSXACDEF,GS China Defensives,USD,Custom Basket,MAW9N3EG2ZGCQMAY,False
GSCB_FLAGSHIP,Other / Review,Broad / Cross-sector,,Americas,GSCBLOWS,GS GIR Insensitive Port.,USD,Custom Basket,MAW9THFY7WRF88EN,True
GSCB_FLAGSHIP,Sector Factor,Industrials,Profitability,Americas,GSINPROF,GS US Industrial Profitability,USD,Custom Basket,MAWA9BG18TN46MVH,False
GSCB_FLAGSHIP,Other / Review,Broad / Cross-sector,,Asia,GSXAJYUT,GS Japan Yuutai SMIDs,JPY,Custom Basket,MAWABFZAKBQX2XR3,True
GSCB_FLAGSHIP,Sector Factor,Health Care,Beta,Americas,GSHCBFBS,GS US HC Beta Short,USD,Custom Basket,MAWAC4W5JR1D7Y4P,False
GSCB_FLAGSHIP,Other / Review,Broad / Cross-sector,,Asia,GSXAJPHN,GS Japan High Divs - NTR,JPY,Custom Basket,MAWACYA2XFBC53A5,True
GSCB_FLAGSHIP,Factor,Broad / Cross-sector,Beta,Americas,GSXUBGBL,GS US GEMLT High Beta,USD,Custom Basket,MAWAXP66RQW6H5ER,False
GSCB_FLAGSHIP,Other / Review,Broad / Cross-sector,,Americas,GSXASEBK,GS ASEAN Banks,USD,Custom Basket,MAWBNGRH83HWM5KY,True
GSCB_FLAGSHIP,Other / Review,Broad / Cross-sector,,Asia,GSXATWHD,GS Taiwan High Divs,TWD,Custom Basket,MAWBYKQET6ZSA360,True
GSCB_FLAGSHIP,Other / Review,Broad / Cross-sector,,Asia,GSXAKSIB,GS Korea Shipbuilders,KRW,Custom Basket,MAWC0YFH0A4036HB,True
GSCB_FLAGSHIP,Other / Review,Broad / Cross-sector,,Europe,GSXEXWIN,GS Europe ex Winners,EUR,Custom Basket,MAWDBN4FM0XYJMYQ,True
GSCB_FLAGSHIP,Sector Factor,Consumer,Beta,Americas,GSCNBETA,GS US Consumer Beta,USD,Custom Basket,MAWDES9KGRF95XVC,False
GSCB_FLAGSHIP,Other / Review,Broad / Cross-sector,,Europe,GSCMGNDC,GS GN Store Nord Hedge,DKK,Custom Basket,MAWDK4ZB2Z6WKMMN,True
GSCB_FLAGSHIP,Other / Review,TMT / Tech,,Europe,GSXEINOV,GS EU Tech Innovation,EUR,Custom Basket,MAWDKTG4AB3M9WND,True
GSCB_FLAGSHIP,Other / Review,Broad / Cross-sector,,Americas,GSXUFCFL,GS US Low FCF,USD,Custom Basket,MAWDVA5H8NT4RT76,True
GSCB_FLAGSHIP,Other / Review,Broad / Cross-sector,,Europe,GSXETECH,GS EU Technology,EUR,Custom Basket,MAWE37FACHB1VA1F,True
GSCB_FLAGSHIP,Other / Review,Broad / Cross-sector,,Asia,GSCBNAVH,GS Korea Hold Cos,KRW,Custom Basket,MAWEHYYZD34E9BZD,True
GSCB_FLAGSHIP,Theme,Broad / Cross-sector,China / Supply Chain,Americas,GSXGSHOR,Global Onshoring & Benef,USD,Custom Basket,MAWEQ1CFT8MY7637,False
GSCB_FLAGSHIP,Factor,Broad / Cross-sector,Volatility,Americas,GSKORSVL,GS US Res Vol (EFMUSALTS),USD,Custom Basket,MAWF46CN2GYC4FRE,False
GSCB_FLAGSHIP,Other / Review,Broad / Cross-sector,,Europe,GSXEINTL,GS EU Internationals,EUR,Custom Basket,MAWF5CQ64PFQ66FC,True
GSCB_FLAGSHIP,Other / Review,Broad / Cross-sector,,Americas,GSXUSELF,GS Autonomous Vehicles,USD,Custom Basket,MAWF9CEWJGF0HPXA,True
GSCB_FLAGSHIP,Other / Review,Consumer,,Americas,GSCNSJNK,GS US Junk Food Exposed,USD,Custom Basket,MAWG6WP28CSVPWJS,True
GSCB_FLAGSHIP,Other / Review,Broad / Cross-sector,,Asia,GSXAKLP1,GS Korea Low PB,KRW,Custom Basket,MAWGB93N2Z80Z44G,True
GSCB_FLAGSHIP,Other / Review,Broad / Cross-sector,,Europe,GSXEBFIL,EU Pure Hi Short Intrst,EUR,Custom Basket,MAWGDJR9KH1JZXK8,True
GSCB_FLAGSHIP,Other / Review,Broad / Cross-sector,,Americas,GSXUTHEM,Theme of Themes Basket,USD,Custom Basket,MAWGXYCN4K3RKAAC,True
GSCB_FLAGSHIP,Other / Review,Broad / Cross-sector,,Europe,GSCMSCRH,GS Scor Hedge,EUR,Custom Basket,MAWGZS5KRX38ER0C,True
GSCB_FLAGSHIP,Other / Review,Consumer,,Europe,GSXECONS,GS EU Cons Discretionary,EUR,Custom Basket,MAWH42A0NXZNYDQC,True
GSCB_FLAGSHIP,Factor,Broad (US),Crowding,Americas,GSPUCRWD,GS US Wolfe Crowding,USD,Custom Basket,MAWJ07ZQES1177J9,False
GSCB_FLAGSHIP,Other / Review,Broad / Cross-sector,,Americas,GSSZSTFL,APxJ Stagflation Losers,USD,Research Basket,MAWJCN0QCT1WEH7Q,True
GSCB_FLAGSHIP,Other / Review,Broad / Cross-sector,,Europe,GSXEUKSM,GS UK Supermarkets,GBP,Custom Basket,MAWJMNRZRN38ZB00,True
GSCB_FLAGSHIP,Other / Review,Broad / Cross-sector,,Americas,GSCBMAG8,GS US Mag 8,USD,Custom Basket,MAWJZKGY1358FJCX,True
GSCB_FLAGSHIP,Factor,Broad / Cross-sector,Momentum,Europe,GSXEMFMS,GS EU Momentum Short,EUR,Custom Basket,MAWK0N13CR8A258C,False
GSCB_FLAGSHIP,Theme,Broad / Cross-sector,China / Supply Chain,Americas,GSXGTRFS,GS Global Tariff Risk,USD,Custom Basket,MAWK668CHD620H4N,False
GSCB_FLAGSHIP,Factor,Broad / Cross-sector,Size,Americas,GSKOSIZE,GS US Size (EFMUSALTS),USD,Custom Basket,MAWKAD7K552GA1JV,False
GSCB_FLAGSHIP,Other / Review,Broad / Cross-sector,,Americas,GSCBTH26,MF Tax Loss Hedge 2026,USD,Custom Basket,MAWM2FMC6EWMCEVA,True
GSCB_FLAGSHIP,Factor,Broad / Cross-sector,Momentum,Europe,GSXEBFML,EU Pure High Momo,EUR,Custom Basket,MAWM3W4BRQ5RFZGR,False
GSCB_FLAGSHIP,Other / Review,Broad / Cross-sector,,Europe,GSXEDISR,GS EU New Cycle Disrupto,EUR,Custom Basket,MAWMBE0RADMNGCBA,True
GSCB_FLAGSHIP,Other / Review,Broad / Cross-sector,,Americas,GSXUGLDM,Gold & Silver Miners,USD,Custom Basket,MAWMN5PV9MFAK9NX,True
GSCB_FLAGSHIP,Theme,Broad / Cross-sector,China / Supply Chain,Americas,GSXACSOE,GS China SOEs,USD,Custom Basket,MAWMPQ7843Z0R1PQ,False
GSCB_FLAGSHIP,Other / Review,Broad / Cross-sector,,Asia,GSJPDFSV,GS Japan Defensives,JPY,Research Basket,MAWN5FSMXJ3A2Q0Y,True
GSCB_FLAGSHIP,Theme,Broad / Cross-sector,China / Supply Chain,Americas,GSXAADEX,GS APAC Tariff Resilient,USD,Custom Basket,MAWN9MTAR0Z1KYC6,False
GSCB_FLAGSHIP,Theme,Broad / Cross-sector,Reopening / Reflation,Europe,GSXEISRU,GS Israeli Recovery USD,USD,Custom Basket,MAWNKT2CXCX33HTR,False
GSCB_FLAGSHIP,Other / Review,Broad / Cross-sector,,Europe,GSXEUKIN,GS UK Intl. Exposure,GBP,Custom Basket,MAWNN0V3QZCV99HW,True
GSCB_FLAGSHIP,Other / Review,Broad / Cross-sector,,Americas,GSCMAMRH,GS Flagship Hedge,USD,Custom Basket,MAWPBSCR0N12366D,True
GSCB_FLAGSHIP,Theme,Broad / Cross-sector,China / Supply Chain,Asia,GSXACHCO,GS China-H Consumption,HKD,Custom Basket,MAWPEAC5M6T3ZRA6,False
GSCB_FLAGSHIP,Other / Review,Broad / Cross-sector,,Europe,GSCMBAMI,GS Banco BPM Hedge,EUR,Custom Basket,MAWPNPP1SMZDQEKW,True
GSCB_FLAGSHIP,Other / Review,Broad / Cross-sector,,Global,GSPAJBBE,.GSPAJBBE,JPY,Custom Basket,MAWPYW81SSPMYJXK,True
GSCB_FLAGSHIP,Factor,Broad / Cross-sector,Size,Americas,GSXUBGZL,GS US GEMLT High Size,USD,Custom Basket,MAWQC4BVMRP6QCW6,False
GSCB_FLAGSHIP,HF Positioning,TMT / Tech,VIP vs Short,Americas,GSPRVSIT,GS US IT VIP vs Short,USD,Custom Basket,MAWQPP3JQS85KV44,False
GSCB_FLAGSHIP,Other / Review,Broad / Cross-sector,,Asia,GSXASBFA,GS Southbound Favorites,HKD,Custom Basket,MAWQQXWVW02K96JA,True
GSCB_FLAGSHIP,Other / Review,Broad / Cross-sector,,Asia,GSXAJPST,GS Japan Stimulus,JPY,Custom Basket,MAWQVPE45YTY8P5A,True
GSCB_FLAGSHIP,Other / Review,Broad / Cross-sector,,Europe,GSCMH2OH,GS Enapter Hedge,USD,Custom Basket,MAWQXPPDQRZ68BE7,True
GSCB_FLAGSHIP,Theme,TMT / Tech,China / Supply Chain,Americas,GSCBCSST,GS China Tech Self Suffi,USD,Custom Basket,MAWRCEQXQ2ER52D6,False
GSCB_FLAGSHIP,Theme,Health Care,Healthcare Innovation,Americas,GSHLCDRP,GS HC Drug Pricing,USD,Custom Basket,MAWRHDVNV9CDN875,False
GSCB_FLAGSHIP,Theme,Financials,HF / Positioning Theme,Americas,GSCBHVFN,HF VIP Financials,USD,Custom Basket,MAWRJ5PCGZY749CX,False
GSCB_FLAGSHIP,Other / Review,Broad / Cross-sector,,Americas,GSXFBDEF,GS BZ Defensives (USD),USD,Custom Basket,MAWSBW567B5C861P,True
GSCB_FLAGSHIP,Other / Review,Broad / Cross-sector,,Europe,GSCMCHRC,GS Hansen Hedge,DKK,Custom Basket,MAWT4GHC0NSDRFFQ,True
GSCB_FLAGSHIP,Theme,Broad / Cross-sector,AI,Americas,GSXAFOIL,Asia AI Copper Foil,USD,Custom Basket,MAWTJEV9DZYJ3A6C,False
GSCB_FLAGSHIP,Other / Review,Broad / Cross-sector,,Americas,GSSITHSP,"Goldman Sachs Technology Hardware, Storage & Sector Basket",USD,Custom Basket,MAWTQBPGDWZKDXJF,True
GSCB_FLAGSHIP,Factor,Broad / Cross-sector,Volatility,Americas,GSXUBGRS,GS US GEMLT Low Res Vol,USD,Custom Basket,MAWVG5623G1DWXG6,False
GSCB_FLAGSHIP,Other / Review,Broad / Cross-sector,,Asia,GSCBGHS1,Corp Gov & Def: High Seg,JPY,Custom Basket,MAWVG7PSY2G15M0G,True
GSCB_FLAGSHIP,Other / Review,Broad / Cross-sector,,Americas,GSXADFSE,GS Pacific Rim Defense,USD,Custom Basket,MAWVPGZKA421KBCZ,True
GSCB_FLAGSHIP,Other / Review,TMT / Tech,,Asia,GSXAJCRT,GS Japan Critical Tech.,JPY,Custom Basket,MAWVT5EXJ5Q6CQWX,True
GSCB_FLAGSHIP,Other / Review,Broad / Cross-sector,,Europe,GSCMCADL,GS Cadeler Hedge,NOK,Custom Basket,MAWWN0YFZTF119B4,True
GSCB_FLAGSHIP,Sector Factor,Consumer,Value,Americas,GSCNBFVS,GS US Cons Value Short,USD,Custom Basket,MAWXDKD0HBS84EWX,False
GSCB_FLAGSHIP,Theme,Broad (US),Healthcare Innovation,Global,GSPUGLPP,GS GLP-1 Pair,USD,Custom Basket,MAWXPBD78A4YZV2Q,False
GSCB_FLAGSHIP,Other / Review,Broad / Cross-sector,,Europe,GSXGEYES,GS Global Eyecare,USD,Custom Basket,MAWXTJJYKQPVXBRF,True
GSCB_FLAGSHIP,Other / Review,Broad / Cross-sector,,Europe,GSCMCLAR,GS Clariant Hedge,CHF,Custom Basket,MAWYRJYD6FFEC5ZP,True
GSCB_FLAGSHIP,Other / Review,Broad / Cross-sector,,Asia,GSXAHKSO,GS HK SOEs,HKD,Custom Basket,MAWZ2ZGTA38P9SGJ,True
GSCB_FLAGSHIP,Other / Review,Broad / Cross-sector,,Americas,GSXFBRNK,GSXFBRNK,USD,Custom Basket,MAWZ3GA6DYTXKPN5,True
GSCB_FLAGSHIP,Factor,Broad / Cross-sector,Momentum,Americas,GSXUHMO1,US 1M Momentum Long,USD,Custom Basket,MAWZNTHPJ2YDRDBJ,False
GSCB_FLAGSHIP,Other / Review,Broad / Cross-sector,,Americas,GSBZIVBX,GSBZIVBX,BRL,Custom Basket,MAX0M33QRC64HFGF,True
GSCB_FLAGSHIP,Theme,Broad / Cross-sector,Inflation / Pricing Power,Asia,GSXAJIFL,GS Japan Inflation Loser,JPY,Custom Basket,MAX0R3XCW1RQYQFG,False
GSCB_FLAGSHIP,Other / Review,Broad / Cross-sector,,Europe,GSCMSBSH,GS Stratec Hedge,EUR,Custom Basket,MAX1H0856JTTEQ9B,True
GSCB_FLAGSHIP,Other / Review,Broad / Cross-sector,,Europe,GSSBAUTO,EU Automobiles,EUR,Research Basket,MAX1H3Y92S57B6SW,True
GSCB_FLAGSHIP,Other / Review,Broad / Cross-sector,,Americas,GSIPROCL,ROCE Long,USD,Research Basket,MAX1N1328RSGGZMG,True
GSCB_FLAGSHIP,Sector Factor,Health Care,Short Interest,Americas,GSHCSHRT,GS US Health Care Short Interest,USD,Custom Basket,MAX2J7X7RC1TMX73,False
GSCB_FLAGSHIP,Other / Review,Broad / Cross-sector,,Europe,GSXEBFXL,EU High Ex-EU Exposure,EUR,Custom Basket,MAX2QJNA193Z52Y0,True
GSCB_FLAGSHIP,Other / Review,Broad / Cross-sector,,Europe,GSXENBUP,GS EU Non Broken Underp,EUR,Custom Basket,MAX2VARW1D0YEYK7,True
GSCB_FLAGSHIP,Other / Review,Broad / Cross-sector,,Americas,GSSIHOPR,Goldman Sachs Household & Personal Products Sector Basket,USD,Custom Basket,MAX30ZNW8ZDP8PD1,True
GSCB_FLAGSHIP,Other / Review,Broad / Cross-sector,,Americas,GSXANDEF,GS Asia New Defense,USD,Custom Basket,MAX394HKF2VKMDB2,True
GSCB_FLAGSHIP,Other / Review,Broad / Cross-sector,,Americas,GSXUGARP,GS GARP,USD,Custom Basket,MAX3DA4ZH8FGR4DR,True
GSCB_FLAGSHIP,Other / Review,Broad / Cross-sector,,Europe,GSCMOHBH,GS OHB Se Hedge,EUR,Custom Basket,MAX3YTPP5HVYPV68,True
GSCB_FLAGSHIP,Other / Review,Broad / Cross-sector,,Asia,GSCB300N,GSCB300N,CNY,Custom Basket,MAX422Z5QTKBW5X7,True
GSCB_FLAGSHIP,Theme,Broad / Cross-sector,Labor / Wage,Americas,GSTHHLAB,High Labor Cost (US),USD,Research Basket,MAX455PXPNZYJR0S,False
GSCB_FLAGSHIP,Theme,TMT / Tech,AI,Asia,GSCBHAIT,GS HK Tech AI Benefic,HKD,Custom Basket,MAX47YX28V97T54Q,False
GSCB_FLAGSHIP,Other / Review,Broad / Cross-sector,,Americas,GSXUROBO,GS US Robotic/Automation,USD,Custom Basket,MAX4YSRQ8BVQPZZB,True
GSCB_FLAGSHIP,Theme,Industrials,HF / Positioning Theme,Americas,GSCBHVIN,HF VIP Industrials,USD,Custom Basket,MAX533AW7RJ0KEXR,False
GSCB_FLAGSHIP,Other / Review,Broad / Cross-sector,,Americas,GSRHSMBX,US SMB Exposed Cos.,USD,Research Basket,MAX57ZC3DQ4RMS14,True
GSCB_FLAGSHIP,Other / Review,Broad / Cross-sector,,Europe,GSXFCECO,GS CEEMEA Commo Levered,USD,Custom Basket,MAX5A5H03SAJ8PN3,True
GSCB_FLAGSHIP,Theme,TMT / Tech,HF / Positioning Theme,Americas,GSCBHVIT,HF VIP Info Tech,USD,Custom Basket,MAX5SKTVHN2R0E6H,False
GSCB_FLAGSHIP,Other / Review,Broad / Cross-sector,,Asia,GSJPLAHO,GS JP Capital Light,JPY,Research Basket,MAX6E3DRN7FTH2DG,True
GSCB_FLAGSHIP,Other / Review,Broad / Cross-sector,,Americas,GSXAADEF,GS Asia ex JP Defensives,USD,Custom Basket,MAX6JWEY2YC4E682,True
GSCB_FLAGSHIP,Other / Review,Broad / Cross-sector,,Europe,GSCMKTNH,GS Kontron Hedge,EUR,Custom Basket,MAX6KHSG38N3YSD3,True
GSCB_FLAGSHIP,Other / Review,Broad / Cross-sector,,Europe,GSSBMEBR,EU Media - Broadcasting,EUR,Research Basket,MAX6KZ4AK2D2JBEA,True
GSCB_FLAGSHIP,Other / Review,Broad / Cross-sector,,Asia,GSXAJMOT,GS Custom Japan Mothers,JPY,Custom Basket,MAX78XYSZFWWG8DH,True
GSCB_FLAGSHIP,Other / Review,Telecom / Comm Svcs,,Europe,GSCMTITR,GS Telecom Italia Hedge,EUR,Custom Basket,MAX7KJSNPG1HYNXX,True
GSCB_FLAGSHIP,Other / Review,Broad / Cross-sector,,Americas,GSCBFREI,GS US Freight Sensitive,USD,Custom Basket,MAX8FQ4JX7Q60R3N,True
GSCB_FLAGSHIP,Other / Review,Consumer,,Europe,GSXEINGR,GS EU Cons Ingredients,EUR,Custom Basket,MAX8TCZPKR52YH2Q,True
GSCB_FLAGSHIP,Other / Review,Broad / Cross-sector,,Americas,GSIPAMEA,GIR AMER Coverage,USD,Research Basket,MAX9N3TGCG3PKXPC,True
GSCB_FLAGSHIP,Sector Factor,Financials,Leverage,Americas,GSFIBFLL,GS US Fin Leverage Long,USD,Custom Basket,MAXA5AE6WQ35HKWE,False
GSCB_FLAGSHIP,Sector Factor,TMT / Tech,Crowding,Americas,GSTMWFCL,GS US TMT Long Crowding,USD,Custom Basket,MAXA80EMNYYEF1AZ,False
GSCB_FLAGSHIP,Sector Factor,Financials,Size,Americas,GSFIBFZL,GS US Fin Size Long,USD,Custom Basket,MAXAH4HXV0DDCKHV,False
GSCB_FLAGSHIP,Other / Review,Broad / Cross-sector,,Americas,GSXUGPMI,US Goods PMI Basket,USD,Custom Basket,MAXAJNRT7ZSZHK19,True
GSCB_FLAGSHIP,Other / Review,Broad / Cross-sector,,Asia,GSXAKCOS,GS Korea K-Beauty,KRW,Custom Basket,MAXAY28JV5CHJ6X8,True
GSCB_FLAGSHIP,Other / Review,Broad / Cross-sector,,Americas,GSCMNDXE,Top 100 NDX Equal Weight,USD,Custom Basket,MAXBKB2H14YTPTS7,True
GSCB_FLAGSHIP,Other / Review,Energy,,Americas,GSXUHYXE,HY Debt Ex Energy,USD,Custom Basket,MAXBTTTX7ZJM4JZX,True
GSCB_FLAGSHIP,Other / Review,Broad / Cross-sector,,Europe,GSXELUXG,GS EU Luxury Goods,EUR,Custom Basket,MAXC99YFM6TW5B6K,True
GSCB_FLAGSHIP,Other / Review,Broad / Cross-sector,,Americas,GSSZLTAX,APJ Low Tax,USD,Research Basket,MAXCHZQW18M0VHJY,True
GSCB_FLAGSHIP,Other / Review,Broad (US),,Americas,GSPUBAMO,,USD,Custom Basket,MAXCZ4SZ09XPJVFC,True
GSCB_FLAGSHIP,Other / Review,Broad / Cross-sector,,Europe,GSCMSUNR,GS Sunrise Hedge,CHF,Custom Basket,MAXDSZCJRZGTEWN7,True
GSCB_FLAGSHIP,Theme,Broad / Cross-sector,Inflation / Pricing Power,Europe,GSXEHIPP,GS EU High Pricing Power,EUR,Custom Basket,MAXEN44X1KEEHA2V,False
GSCB_FLAGSHIP,Other / Review,Broad / Cross-sector,,Americas,GSSHFOXA,GSSHFOXA,USD,Custom Basket,MAXEZC5QFACE38G1,True
GSCB_FLAGSHIP,Sector Factor,Health Care,Crowding,Americas,GSHCCRWD,GS US Health Care Crowding,USD,Custom Basket,MAXF5Q7Z458M5ZD5,False
GSCB_FLAGSHIP,Factor,Broad / Cross-sector,Crowding,Europe,GSXECRWS,GS EU Crowded Shorts,EUR,Custom Basket,MAXFHHDE2RFENRX7,False
GSCB_FLAGSHIP,Sector Factor,TMT / Tech,Leverage,Americas,GSTMLEVG,GS US TMT Leverage,USD,Custom Basket,MAXFZ8TW4X5Y3SJX,False
GSCB_FLAGSHIP,Other / Review,Broad / Cross-sector,,Europe,GSSBSTEL,EU Basic Res. Steel,EUR,Research Basket,MAXG22KGZ97N7Z1J,True
GSCB_FLAGSHIP,Other / Review,Broad / Cross-sector,,Europe,GSCBREUK,GS UK Retail,GBP,Custom Basket,MAXG9E3GCMV8V9R2,True
GSCB_FLAGSHIP,Other / Review,Broad / Cross-sector,,Europe,GSXEGRBK,GS Greek Banks,EUR,Custom Basket,MAXH8H9V9TZ78NYD,True
GSCB_FLAGSHIP,Other / Review,Broad / Cross-sector,,Europe,GSSTBRIC,EU EM Exposure,EUR,Research Basket,MAXHYAV7BXSTGAEE,True
GSCB_FLAGSHIP,Other / Review,Broad / Cross-sector,,Europe,GSCMSNTH,GS Santos Global Hedge,USD,Custom Basket,MAXJAW9R7X1SENGA,True
GSCB_FLAGSHIP,Other / Review,Broad / Cross-sector,,Asia,GSCBGLA1,Corp Gov & Def: 2024 Lag,JPY,Custom Basket,MAXJDR0S5HN2VVY6,True
GSCB_FLAGSHIP,Theme,Broad / Cross-sector,Buybacks / Capital Return,Asia,GSXACHBB,GS China Buyback Candidt,CNH,Custom Basket,MAXJPB22DW34B1H6,False
GSCB_FLAGSHIP,Other / Review,Broad / Cross-sector,,Europe,GSCBCONA,GS Continental AG Hedge,EUR,Custom Basket,MAXKW872PB8JATER,True
GSCB_FLAGSHIP,Other / Review,Broad / Cross-sector,,Europe,GSXENUCP,GS EU Nuclear Power,EUR,Custom Basket,MAXMA1QKRZ6ECZNX,True
GSCB_FLAGSHIP,Other / Review,Broad / Cross-sector,,Americas,GSXURANI,GS US Uranium,USD,Custom Basket,MAXMHR8GEQK56M29,True
GSCB_FLAGSHIP,Other / Review,Broad / Cross-sector,,Europe,GSCMRWIH,GS Renewi Hedge,GBP,Custom Basket,MAXMZWZ510AMYW8Q,True
GSCB_FLAGSHIP,Factor,Broad / Cross-sector,Momentum,Europe,GSXEHMPL,GS Poland High Momo,PLN,Custom Basket,MAXN7BWSWGCZ44QQ,False
GSCB_FLAGSHIP,Other / Review,Broad / Cross-sector,,Europe,GSXEESIN,GS Spanish International,EUR,Custom Basket,MAXNW4X3TV614W21,True
GSCB_FLAGSHIP,Other / Review,Broad / Cross-sector,,Americas,GS24DEMS,GS24 Dem Pol Undrperform,USD,Custom Basket,MAXNX36T53XHCP07,True
GSCB_FLAGSHIP,Other / Review,Industrials,,Asia,GSINLCCP,India LargecapCompounder,INR,Research Basket,MAXP1NPJXJN2FTK4,True
GSCB_FLAGSHIP,Factor,Broad / Cross-sector,Quality,Europe,GSSTQUAL,EU Quality,EUR,Research Basket,MAXPQ7HDQ8Z6BDFK,False
GSCB_FLAGSHIP,Other / Review,Broad / Cross-sector,,Americas,GSXFBEPV,GS Brazil ex PV,BRL,Custom Basket,MAXPS68R9CE39G08,True
GSCB_FLAGSHIP,Theme,TMT / Tech,Mega Cap,Americas,GSMEGTOP,GS Megacap Tech,USD,Custom Basket,MAXRQCXK7TBEBG9M,False
GSCB_FLAGSHIP,Theme,Broad / Cross-sector,Healthcare Innovation,Americas,GSHLCSPG,GS Spec Pharma/Generics,USD,Custom Basket,MAXS8JPM63Q370H4,False
GSCB_FLAGSHIP,Other / Review,Broad / Cross-sector,,Europe,GSCMSFWG,GS Smurfit WestRock Hedg,GBP,Custom Basket,MAXSGNK4ZVKQNYET,True
GSCB_FLAGSHIP,Other / Review,Broad / Cross-sector,,Americas,GSCBSPX0,GSCBSPX0,USD,Custom Basket,MAXSHGBKNFM5F19E,True
GSCB_FLAGSHIP,Other / Review,Broad / Cross-sector,,Asia,GSCBGBB1,Corp Gov & Def: BB,JPY,Custom Basket,MAXSS9D82P68JQ6C,True
GSCB_FLAGSHIP,Other / Review,Broad (US),,Americas,GSPUPOWR,GS US Power Pair,USD,Custom Basket,MAXT2JRXXQKE9ZCW,True
GSCB_FLAGSHIP,Other / Review,Broad / Cross-sector,,Americas,GSXUFCFH,GS US High FCF,USD,Custom Basket,MAXT8P4VAY81E3W0,True
GSCB_FLAGSHIP,Other / Review,Broad / Cross-sector,,Europe,GSSBBIOT,EU Biotechnology,EUR,Research Basket,MAXTD8E042P04CWW,True
GSCB_FLAGSHIP,Other / Review,Health Care,,Americas,GSHLCOPT,GS HC Ophthalmology,USD,Custom Basket,MAXTG43AXDY0TVTQ,True
GSCB_FLAGSHIP,Other / Review,Broad / Cross-sector,,Global,GSTEDZPA,.GSTEDZPA,USD,Custom Basket,MAXTNX8ADWGN1DS4,True
GSCB_FLAGSHIP,Other / Review,Broad / Cross-sector,,Europe,GSCBSIPI,GS Saudi Steel Pipes,USD,Custom Basket,MAXTPJYPFWK6BPMK,True
GSCB_FLAGSHIP,Other / Review,Energy,,Americas,GSENOILB,Oil Levered Energy,USD,Custom Basket,MAXVME4ERS5H5PX3,True
GSCB_FLAGSHIP,Factor,Broad / Cross-sector,Short Interest,Americas,GSIPSHOL,Short Interest Long,USD,Research Basket,MAXWRPY6VPKW28X4,False
GSCB_FLAGSHIP,Theme,Broad / Cross-sector,AI,Europe,GSXELEAI,GS EU AI Leaders,EUR,Custom Basket,MAXXDTQR4SVE8QSS,False
GSCB_FLAGSHIP,Other / Review,Broad / Cross-sector,,Asia,GSCBTDIX,GS Taiwan High Div Excl.,TWD,Custom Basket,MAXXS48V213D62CA,True
GSCB_FLAGSHIP,Factor,Broad (US),Leverage,Americas,GSPULEVG,GS US Barra Leverage,USD,Custom Basket,MAXYES9JT3M4P3ZZ,False
GSCB_FLAGSHIP,Other / Review,Broad / Cross-sector,,Europe,GSXELPRW,EU Reactive Lo Profit,EUR,Custom Basket,MAXYFWCGY31JX71Z,True
GSCB_FLAGSHIP,Other / Review,Industrials,,Americas,GSINBFPS,GS US INL Profit Short,USD,Custom Basket,MAXYXPSHP1F4H0QM,True
GSCB_FLAGSHIP,Theme,Broad / Cross-sector,China / Supply Chain,Americas,GSXACGGL,GS China Going Global Le,USD,Custom Basket,MAY02H0PQ45AZQC8,False
GSCB_FLAGSHIP,Theme,Telecom / Comm Svcs,HF / Positioning Theme,Americas,GSCBHVTL,HF VIP Telecom,USD,Custom Basket,MAY04AC66QQQFDKX,False
GSCB_FLAGSHIP,Other / Review,Broad / Cross-sector,,Europe,GSCMS4HG,GS S4 Capital Hedge,GBP,Custom Basket,MAY0GZ5C683F2K3P,True
GSCB_FLAGSHIP,Other / Review,Broad / Cross-sector,,Europe,GSCMSMIN,GS Smiths Group Hedge,GBP,Custom Basket,MAY0X7TJW9ZVYDRD,True
GSCB_FLAGSHIP,Other / Review,Broad / Cross-sector,,Europe,GSXEBEVS,GS EU Beverages,EUR,Custom Basket,MAY1CCWMQXJG7DX2,True
GSCB_FLAGSHIP,Other / Review,Broad / Cross-sector,,Americas,GSKOINVQ,GS US inv Ql EFMUSALTS,USD,Custom Basket,MAY1R8S2453HX8AD,True
GSCB_FLAGSHIP,Other / Review,Broad / Cross-sector,,Americas,GSSIIOIL,Goldman Sachs Integrated Oil & Gas Sector Basket,USD,Custom Basket,MAY1V1SNFSEFP17F,True
GSCB_FLAGSHIP,Other / Review,Broad / Cross-sector,,Europe,GSCMDNRH,GS DNR IM Hedge Basket,EUR,Custom Basket,MAY1ZEDNSB3XZGJB,True
GSCB_FLAGSHIP,Other / Review,Broad / Cross-sector,,Asia,GSCBINOW,GS India Mutual Fund OW,INR,Custom Basket,MAY20SF8YZDDP8VQ,True
GSCB_FLAGSHIP,Sector Factor,Consumer,Leverage,Americas,GSCNBFLS,GS US Low Cons Leverage,USD,Custom Basket,MAY22V1EV68XCD0D,False
GSCB_FLAGSHIP,Other / Review,Broad / Cross-sector,,Europe,GSXGALUM,GS Global Aluminium,USD,Custom Basket,MAY24ZG2H260PS9K,True
GSCB_FLAGSHIP,Other / Review,Broad / Cross-sector,,Europe,GSXEBFSS,EU Pure Lo Analyst Senti,EUR,Custom Basket,MAY2QRSHQK9M18RT,True
GSCB_FLAGSHIP,Theme,Broad / Cross-sector,Reopening / Reflation,Americas,GSCBARCV,GS APAC Recovery,USD,Custom Basket,MAY3KWR59BJANTKJ,False
GSCB_FLAGSHIP,Other / Review,Broad / Cross-sector,,Europe,GSCMLAGH,GS Lagardere Hedge,EUR,Custom Basket,MAY3R4J73XSXME8F,True
GSCB_FLAGSHIP,Other / Review,Broad (US),,Americas,GSPUGMPT,GS Margin Pair,USD,Custom Basket,MAY48TPVBHW35X9P,True
GSCB_FLAGSHIP,Other / Review,Broad (US),,Americas,GSPUDIVD,GS US Barra Div Yld Pair,USD,Custom Basket,MAY5DY963083BGFD,True
GSCB_FLAGSHIP,Theme,Broad / Cross-sector,China / Supply Chain,Americas,GSXACNAU,GS China Auto,USD,Custom Basket,MAY6CFTPG5DC7PFM,False
GSCB_FLAGSHIP,Other / Review,Financials,,Americas,GSFIBFPS,GS US Fin Profit Short,USD,Custom Basket,MAY6KSXECAA0V8DP,True
GSCB_FLAGSHIP,Other / Review,Broad / Cross-sector,,Europe,GSSBCIVA,EU Civil Aerospace,EUR,Research Basket,MAY6N34VW60GZ2GR,True
GSCB_FLAGSHIP,Other / Review,Broad / Cross-sector,,Europe,GSCMKIND,GS Kindred Hedge,SEK,Custom Basket,MAY6QCVPCT7HP2FY,True
GSCB_FLAGSHIP,Other / Review,Broad / Cross-sector,,Europe,GSCMADMI,GS ADMIE Hedge,EUR,Custom Basket,MAY7MQYWM1DXHG7N,True
GSCB_FLAGSHIP,Other / Review,Broad / Cross-sector,,Asia,GSXAKSND,GS Korea Spend,KRW,Custom Basket,MAY7SBN77WAWSBRM,True
GSCB_FLAGSHIP,Factor,Broad / Cross-sector,Growth,Asia,GSXAMFGS,GS Japan Growth Short,JPY,Custom Basket,MAY82CAED9B093S7,False
GSCB_FLAGSHIP,Factor,Broad / Cross-sector,Beta,Europe,GSXEHBTA,EU Reactive High Beta,EUR,Custom Basket,MAY85998PTJF44RY,False
GSCB_FLAGSHIP,Other / Review,Broad / Cross-sector,,Europe,GSXELEVR,GS Low Earnings Var,EUR,Custom Basket,MAY86R3AN3D0JPWB,True
GSCB_FLAGSHIP,Other / Review,Broad / Cross-sector,,Europe,GSXEHRAT,EU Hi Rates Sensitivity,EUR,Custom Basket,MAY899H28998DBPJ,True
GSCB_FLAGSHIP,Theme,TMT / Tech,Semiconductors,Americas,GSXASEMI,GS Asia Semis,USD,Custom Basket,MAY8JQNV5KCTJ2DV,False
GSCB_FLAGSHIP,Other / Review,Broad / Cross-sector,,Europe,GSSTUKDE,UK Domestic Exposure,GBP,Research Basket,MAY8VKJ4FAFG2PE9,True
GSCB_FLAGSHIP,Other / Review,Broad / Cross-sector,,Asia,GSXASJPY,GS Japan Strong Yen,JPY,Custom Basket,MAY9BNVAD7VPBFJW,True
GSCB_FLAGSHIP,Other / Review,Broad / Cross-sector,,Americas,GSRHGOVT,Govt Exposed Cos. (US),USD,Research Basket,MAY9PXHEMXQHFNCH,True
GSCB_FLAGSHIP,Other / Review,Broad / Cross-sector,,Asia,GSCBTWS2,GS Taiwan ExTech Liq Opt,TWD,Custom Basket,MAY9SG48P8R66X41,True
GSCB_FLAGSHIP,Other / Review,Broad / Cross-sector,,Europe,GSCMFDRH,GS Fluidra Hedge,EUR,Custom Basket,MAYA83TFXWEADVDK,True
GSCB_FLAGSHIP,Other / Review,TMT / Tech,,Asia,GSXAJPIT,GS Japan IT,JPY,Custom Basket,MAYAW9BYHJCEK3DW,True
GSCB_FLAGSHIP,Other / Review,Broad / Cross-sector,,Europe,GSSBTINF,EU Infrastructure,EUR,Research Basket,MAYAX634C6SRFAVK,True
GSCB_FLAGSHIP,Factor,Broad / Cross-sector,Beta,Europe,GSXEBFBS,EU Pure Low Beta,EUR,Custom Basket,MAYAZDTBB9E4ZKAB,False
GSCB_FLAGSHIP,Other / Review,Broad / Cross-sector,,Asia,GSCBJLP1,Japan Low P/B,JPY,Custom Basket,MAYB25NFR1RPE9QH,True
GSCB_FLAGSHIP,Other / Review,Consumer,,Americas,GSCNBFPL,GS US Cons Profit Long,USD,Custom Basket,MAYBB1NY9HZPF720,True
GSCB_FLAGSHIP,Other / Review,TMT / Tech,,Americas,GSTMTINT,Domestic Internet Basket,USD,Custom Basket,MAYBD5TP4KVYYRZ7,True
GSCB_FLAGSHIP,Theme,Broad / Cross-sector,Labor / Wage,Europe,GSXEWAGE,GS EU High Labor Costs,EUR,Custom Basket,MAYBG09AJN4AWDK3,False
GSCB_FLAGSHIP,Other / Review,Broad / Cross-sector,,Europe,GSCBBULD,GS EU Build Construction,EUR,Custom Basket,MAYC6P0RN1BZZJSK,True
GSCB_FLAGSHIP,Other / Review,Broad / Cross-sector,,Americas,GSCMSPXC,Flagship Space Hedge,USD,Custom Basket,MAYCM8NQB4A25J1T,True
GSCB_FLAGSHIP,Other / Review,Broad / Cross-sector,,Americas,GSSIREST,GS Restaurants Sector,USD,Custom Basket,MAYCR9N7JS418M1Y,True
GSCB_FLAGSHIP,Other / Review,Broad / Cross-sector,,Europe,GSXEBEST,GS Europe Best in Class,EUR,Custom Basket,MAYD3S60Q6NTHV7G,True
GSCB_FLAGSHIP,Other / Review,Broad / Cross-sector,,Europe,GSXESTAY,GS EU Stay at Home,EUR,Custom Basket,MAYDAXBRJ9WAXC11,True
GSCB_FLAGSHIP,Factor,Broad / Cross-sector,Momentum,Europe,GSXEHMO6,EU 6M Momentum Long,EUR,Custom Basket,MAYDB5TPT7K5SHDW,False
GSCB_FLAGSHIP,Theme,TMT / Tech,Software,Americas,GSPUSOSE,Software vs Semis,USD,Custom Basket,MAYDFNZ4F46XWHC5,False
GSCB_FLAGSHIP,Factor,Broad / Cross-sector,Dividend / Yield,Europe,GSXEBFDL,EU Pure Hi Div Yield,EUR,Custom Basket,MAYE5KZXS06R5RQQ,False
GSCB_FLAGSHIP,Other / Review,Broad / Cross-sector,,Europe,GSXFTRBK,GS Turkish Banks (USD),USD,Custom Basket,MAYE65W2F0WQM83V,True
GSCB_FLAGSHIP,Other / Review,Consumer,,Europe,GSXETTFX,GS EU Nat Gas Consumers,EUR,Custom Basket,MAYEA8DW7XHYB6JE,True
GSCB_FLAGSHIP,Other / Review,Broad / Cross-sector,,Americas,GSSIRERE,Goldman Sachs Residential REITs Sector Basket,USD,Custom Basket,MAYEFHKQ4PN6GWMZ,True
GSCB_FLAGSHIP,Theme,Energy,China / Supply Chain,Americas,GSXACENS,GS China Energy Sec USD,USD,Custom Basket,MAYEVSZ655JREF29,False
GSCB_FLAGSHIP,Other / Review,Broad / Cross-sector,,Asia,GSXAKDCY,GS Korea Dom Cyclicals,KRW,Custom Basket,MAYEXE4KRH70HKX0,True
GSCB_FLAGSHIP,Factor,Broad / Cross-sector,Volatility,Asia,GSXAJBRL,GS JP Residual Vol Long,JPY,Custom Basket,MAYF57D9JDFCY57W,False
GSCB_FLAGSHIP,Theme,Broad / Cross-sector,Balance Sheet Strength,Europe,GSSTSBAL,EU Strong Balance Sheet,EUR,Research Basket,MAYFQXT14PP2TB0M,False
GSCB_FLAGSHIP,Other / Review,Broad / Cross-sector,,Europe,GSCMASML,GS ASML Hedge,EUR,Custom Basket,MAYGDRGDG69GA7M7,True
GSCB_FLAGSHIP,Other / Review,Broad / Cross-sector,,Europe,GSXGNEWC,GS Post Pandemic Cycle,USD,Custom Basket,MAYGFTHN3C060JV2,True
GSCB_FLAGSHIP,Other / Review,Broad / Cross-sector,,Americas,GSSIGMBL,GS Casinos and Gaming,USD,Custom Basket,MAYGK6HFYC5Z92TZ,True
GSCB_FLAGSHIP,Factor,Broad / Cross-sector,Profitability,Americas,GSXUHQBB,GS US Profitable Buyback,USD,Custom Basket,MAYHHDMZGBVQXTWD,False
GSCB_FLAGSHIP,Other / Review,Broad / Cross-sector,,Asia,GSCBJROE,GS Japan ROE Reform,JPY,Custom Basket,MAYJ1YKVHFK3JNH3,True
GSCB_FLAGSHIP,Factor,Broad / Cross-sector,Dividend / Yield,Americas,GSXUBFEL,GS US Hi Earnings Yield,USD,Custom Basket,MAYJ5YZ50CKZ839R,False
GSCB_FLAGSHIP,Other / Review,Broad / Cross-sector,,Europe,GSXECOMX,GS EU Cmdty Input Costs,EUR,Custom Basket,MAYJAJG4MFYEQX3W,True
GSCB_FLAGSHIP,Other / Review,Broad / Cross-sector,,Europe,GSCBTRBT,GS Turkish Banks (TRY),TRY,Custom Basket,MAYJGDT7PRF17GW8,True
GSCB_FLAGSHIP,Other / Review,Broad / Cross-sector,,Europe,GSCBPHXC,GS Custom Basket,EUR,Custom Basket,MAYJX1948CZPXXD6,True
GSCB_FLAGSHIP,Other / Review,Broad / Cross-sector,,Asia,GSXAKRUK,GS Korea Ukraine Rebuild,KRW,Custom Basket,MAYKWY6Q2970WSQ5,True
GSCB_FLAGSHIP,Other / Review,Real Estate,,Americas,GSFINLLR,GS Fins Long Lease REIT,USD,Custom Basket,MAYNPBZ9J071X4E1,True
GSCB_FLAGSHIP,Other / Review,Broad / Cross-sector,,Europe,GSXGSILV,GS Global Silver Miners,USD,Custom Basket,MAYP2FJY5EDRMZAZ,True
GSCB_FLAGSHIP,Other / Review,Broad / Cross-sector,,Americas,GSTHLAIR,Low Asset Intensity,USD,Research Basket,MAYP40VFYACH2T9N,True
GSCB_FLAGSHIP,Other / Review,Broad / Cross-sector,,Americas,GSCBHMXI,GS US High & Mid-Income,USD,Custom Basket,MAYPRCW25M4A0SB7,True
GSCB_FLAGSHIP,Other / Review,Broad / Cross-sector,,Europe,GSCMEZJH,GS Easyjet Hedge,GBP,Custom Basket,MAYQ3B9CG5SKJDEN,True
GSCB_FLAGSHIP,Theme,Broad / Cross-sector,China / Supply Chain,Asia,GSXACNPM,GS China Property Mgmt.,HKD,Custom Basket,MAYQM87BDZ4F7TQ8,False
GSCB_FLAGSHIP,Other / Review,Broad / Cross-sector,,Americas,GSSIRAIL,GS Railroads Sector,USD,Custom Basket,MAYR2HW5XHX09Q4T,True
GSCB_FLAGSHIP,Other / Review,Broad / Cross-sector,,Americas,GSXUWFFS,GS US Wolfe Low ETF Flow,USD,Custom Basket,MAYR42QCFC13T5K8,True
GSCB_FLAGSHIP,Other / Review,Broad / Cross-sector,,Americas,GSSICHEM,Goldman Sachs Chemicals Sector Basket,USD,Custom Basket,MAYRCYZS3YKX827B,True
GSCB_FLAGSHIP,Other / Review,Broad / Cross-sector,,Americas,GSSIHOMI,Goldman Sachs Home Improvement/Furnishing Retail Sector Basket,USD,Custom Basket,MAYRRSV5EQXM8PMW,True
GSCB_FLAGSHIP,Other / Review,Broad / Cross-sector,,Americas,GSSIRSCS,Goldman Sachs Research and Consulting Servic Sector Basket,USD,Custom Basket,MAYSJ5GXWXQGMSFT,True
GSCB_FLAGSHIP,Theme,Broad / Cross-sector,China / Supply Chain,Asia,GSXACHEE,GS China CHEERS,CNH,Custom Basket,MAYTBXVSNWZ90T61,False
GSCB_FLAGSHIP,Theme,Broad / Cross-sector,AI,Europe,GSXEAICP,GS EU Broad AI,EUR,Custom Basket,MAYTF6SYXAV2K1WS,False
GSCB_FLAGSHIP,Theme,Broad / Cross-sector,Rates Sensitivity,Europe,GSXESDUR,GS EU Short Duration,EUR,Custom Basket,MAYTFXYX1EM10CF8,False
GSCB_FLAGSHIP,Other / Review,Broad / Cross-sector,,Asia,GSXATWBK,GS Taiwan Banks,TWD,Custom Basket,MAYTMFTWVRQM3BSY,True
GSCB_FLAGSHIP,Other / Review,Broad / Cross-sector,,Americas,GSCBAMEV,GS APAC Memory Users,USD,Custom Basket,MAYTPD60YWJGHHDG,True
GSCB_FLAGSHIP,Other / Review,Broad / Cross-sector,,Asia,GSXAJLAG,GS Japan Second Movers,JPY,Custom Basket,MAYTS9XJKZ20R682,True
GSCB_FLAGSHIP,Factor,Broad / Cross-sector,Value,Asia,GSXACBVL,GS China Barra Value Lon,CNH,Custom Basket,MAYTXF6332193HZZ,False
GSCB_FLAGSHIP,Sector Factor,Consumer,Momentum,Americas,GSCNDMOS,GS CND US Momentum Short,USD,Custom Basket,MAYV1QZV9411TDPC,False
GSCB_FLAGSHIP,Factor,Broad / Cross-sector,Beta,Asia,GSXAJBBL,GS Japan Barra Beta Long,JPY,Custom Basket,MAYV9RASNKFS7F92,False
GSCB_FLAGSHIP,Other / Review,Broad / Cross-sector,,Asia,GSXAJCON,GS Japan Construction,JPY,Custom Basket,MAYVR70R886B26NE,True
GSCB_FLAGSHIP,Factor,Broad / Cross-sector,Growth,Asia,GSXAJBGS,GS Japan Barra Growth Sh,JPY,Custom Basket,MAYWETWE78ZRFQP9,False
GSCB_FLAGSHIP,Other / Review,Energy,,Americas,GSENSERV,GS Energy Service,USD,Custom Basket,MAYWN31D186QTTGY,True
GSCB_FLAGSHIP,Other / Review,Broad / Cross-sector,,Europe,GSXFCEIN,GS CEEMEA Exporters,USD,Custom Basket,MAYWWA77WSVZ9MXT,True
GSCB_FLAGSHIP,Other / Review,Broad / Cross-sector,,Americas,GSSZMSGC,Global Cyclicals (AeJ),USD,Research Basket,MAYX063F6571KQZJ,True
GSCB_FLAGSHIP,Theme,Health Care,China / Supply Chain,Asia,GSXACHHE,GS China-H Healthcare,HKD,Custom Basket,MAYX12HWVBQDZ2NE,False
GSCB_FLAGSHIP,Other / Review,Broad / Cross-sector,,Europe,GSCMDSMF,GS DSFIR NA Hedge,EUR,Custom Basket,MAYXGCKG7KRFXNFA,True
GSCB_FLAGSHIP,Theme,Broad / Cross-sector,AI,Americas,GSSZAIPH,GS Asia Physical AI,USD,Research Basket,MAYXGYQZVXMKS5F5,False
GSCB_FLAGSHIP,Theme,Financials,China / Supply Chain,Asia,GSCBAHFA,GS China AH Fin. A-Line,CNH,Custom Basket,MAYXS7WSEY5X53JV,False
GSCB_FLAGSHIP,Factor,Broad / Cross-sector,Momentum,Europe,GSXEHMO1,EU 1M Momo (Winners),EUR,Custom Basket,MAYYF7N0T1PQHB2G,False
GSCB_FLAGSHIP,Theme,Broad / Cross-sector,China / Supply Chain,Americas,GSXACNET,GS China Internet,USD,Custom Basket,MAYYKFGVGBEDMS0Q,False
GSCB_FLAGSHIP,Factor,Broad / Cross-sector,Volatility,Americas,GSIPVOLL,Volatility Factor Long,USD,Research Basket,MAYYMXTNRRJ9QM4E,False
GSCB_FLAGSHIP,Theme,Broad / Cross-sector,China / Supply Chain,Americas,GSXACALO,GS China HALO,USD,Custom Basket,MAYYPRF3MAYV49T1,False
GSCB_FLAGSHIP,Other / Review,Utilities,,Americas,GSXUUTIL,GS US Utilities,USD,Custom Basket,MAYYS9FQ40DC1X1Z,True
GSCB_FLAGSHIP,Theme,TMT / Tech,Software,Americas,GSSIHMEN,Goldman Sachs Systems/Home Entertainment Software Sector Basket,USD,Custom Basket,MAYZ4K089T156W56,False
GSCB_FLAGSHIP,Sector Factor,Financials,Short Interest,Americas,GSFISHRT,GS US Financials Short Interest,USD,Custom Basket,MAYZ9EG4BVT6QTWV,False
GSCB_FLAGSHIP,Factor,Broad / Cross-sector,Momentum,Europe,GSXEHMTR,GS Turkey High Momo,TRY,Custom Basket,MAZ00402TG0CJH9G,False
GSCB_FLAGSHIP,Other / Review,Broad / Cross-sector,,Americas,GSKOMOMO,.GSKOMOMO,USD,Custom Basket,MAZ05JT4CC2HZGAN,True
GSCB_FLAGSHIP,Sector Factor,Consumer,Growth,Americas,GSCNDGRS,GS CND US Growth Short,USD,Custom Basket,MAZ063VV89381NXF,False
GSCB_FLAGSHIP,Other / Review,Broad / Cross-sector,,Americas,GSXAACYC,GS  Asia ex JP Cyclicals,USD,Custom Basket,MAZ0B9FCY51ZA4KB,True
GSCB_FLAGSHIP,Other / Review,Broad / Cross-sector,,Americas,GSXAINFS,GS Asia Infra Spend,USD,Custom Basket,MAZ0W8Q7GJHG3ERE,True
GSCB_FLAGSHIP,Factor,Broad / Cross-sector,Beta,Americas,GSXUBABL,GS US Barra High Beta,USD,Custom Basket,MAZ1E6V8T8BBTV1S,False
GSCB_FLAGSHIP,Other / Review,Broad / Cross-sector,,Asia,GSJPDOMS,GS Japan Domestics,JPY,Research Basket,MAZ1Y8752T7X35GN,True
GSCB_FLAGSHIP,Theme,Broad / Cross-sector,China / Supply Chain,Asia,GSC1000P,GS China PR Basket,CNY,Custom Basket,MAZ20AKXPAVY5156,False
GSCB_FLAGSHIP,Other / Review,Broad / Cross-sector,,Europe,GSXEHNII,GS EU High NII Banks,EUR,Custom Basket,MAZ3A1YKSRFS7E80,True
GSCB_FLAGSHIP,Other / Review,Broad / Cross-sector,,Americas,GSSZPOWU,GS Power Up Asia,USD,Research Basket,MAZ3CBR59545AAEH,True
GSCB_FLAGSHIP,Theme,Broad / Cross-sector,China / Supply Chain,Americas,GSXACEME,GS China EM Exporters,USD,Custom Basket,MAZ3YWKAH9P1MV9H,False
GSCB_FLAGSHIP,Other / Review,Broad / Cross-sector,,Asia,GSXAJEPC,GS Japan EPCOs,JPY,Custom Basket,MAZ4R7VK89VHR4XH,True
GSCB_FLAGSHIP,Factor,Broad (US),Short Interest,Americas,GSPUWSHI,GS Short Interest,USD,Custom Basket,MAZ5TXA7DXY2BXWG,False
GSCB_FLAGSHIP,Other / Review,Broad / Cross-sector,,Europe,GSXETRLE,GS EU T&L ex-Gaming,EUR,Custom Basket,MAZ5W5YJ8NA6JRVT,True
GSCB_FLAGSHIP,Factor,Broad / Cross-sector,Beta,Americas,GSXUHBCY,GS High Beta Cyclicals,USD,Custom Basket,MAZ5XRFAZ5X5CCR6,False
GSCB_FLAGSHIP,Other / Review,Broad / Cross-sector,,Americas,GSSIBEVG,Goldman Sachs Beverages Sector Basket,USD,Custom Basket,MAZ6FFY05DQJB5C4,True
GSCB_FLAGSHIP,Other / Review,Broad / Cross-sector,,Americas,GSSZAIAP,GS Asia AIGC Application,USD,Research Basket,MAZ6V1Q6SYSQNPN5,True
GSCB_FLAGSHIP,Theme,TMT / Tech,TMT,Americas,GSTMTCON,GS TMT Consulting,USD,Custom Basket,MAZ722RV6C3GVKF5,False
GSCB_FLAGSHIP,Factor,Broad / Cross-sector,Liquidity,Europe,GSXELLIW,EU Reactive Lo Liquidity,EUR,Custom Basket,MAZ7CVNV13P52E1F,False
GSCB_FLAGSHIP,Other / Review,Financials,,Americas,GSFINBRO,GS Fins US Brokers,USD,Custom Basket,MAZ7G66MJY3Y5CGS,True
GSCB_FLAGSHIP,Other / Review,Broad / Cross-sector,,Americas,GSCMPREM,US at a Premium,USD,Custom Basket,MAZ7HBCQ29X2NBBD,True
GSCB_FLAGSHIP,Sector Factor,Health Care,Beta,Americas,GSHCBFBL,GS US HC Beta Long,USD,Custom Basket,MAZ7KB2N544HXCZC,False
GSCB_FLAGSHIP,Other / Review,Broad / Cross-sector,,Europe,GSXFSAUD,GS Saudi Struct. Winners,USD,Custom Basket,MAZ7M6R705YR2QM0,True
GSCB_FLAGSHIP,Other / Review,Broad / Cross-sector,,Asia,GSCBJNIS,GS Japan NISA,JPY,Custom Basket,MAZ8CK3JKR6C8FX7,True
GSCB_FLAGSHIP,Other / Review,Broad / Cross-sector,,Americas,GSXAAUTO,GS Asia Auto,USD,Custom Basket,MAZ8EY8FFJR3F1MN,True
GSCB_FLAGSHIP,Sector Factor,Health Care,Momentum,Americas,GSHCBFML,GS US HC Momentum Long,USD,Custom Basket,MAZ8NJ7DK0AFX3ZH,False
GSCB_FLAGSHIP,Theme,Broad / Cross-sector,China / Supply Chain,Americas,GSXACNCT,GS China Construction,USD,Custom Basket,MAZ8T3NM3GH2KG5B,False
GSCB_FLAGSHIP,Other / Review,Broad / Cross-sector,,Europe,GSCMENXH,GS Euronext Hedge,EUR,Custom Basket,MAZ8TTGQZ3PFNVHH,True
GSCB_FLAGSHIP,Other / Review,Broad / Cross-sector,,Europe,GSCBVIVL,GS Vivendi Hedge,EUR,Custom Basket,MAZ93B3BT8SPS3SM,True
GSCB_FLAGSHIP,Other / Review,Broad / Cross-sector,,Europe,GSCMCARM,GS Carmila Hedge,EUR,Custom Basket,MAZ94XJEF98XZRD5,True
GSCB_FLAGSHIP,Factor,Broad / Cross-sector,Growth,Americas,GSXUWAGE,GS US Wage Growth Basket,USD,Custom Basket,MAZ9Z0JB7HZNK3ZZ,False
GSCB_FLAGSHIP,Other / Review,Broad / Cross-sector,,Europe,GSXECEAS,GS Ukraine Ceasefire,EUR,Custom Basket,MAZAKVMV3TP22AGS,True
GSCB_FLAGSHIP,Other / Review,Industrials,,Americas,GSIDLSHP,GS Industrials Shipping,USD,Custom Basket,MAZBCP3NJSAGEG19,True
GSCB_FLAGSHIP,Other / Review,Health Care,,Americas,GSHLCVAX,GS US HC Vaccine Exposed,USD,Custom Basket,MAZCA2B1H8R30QND,True
GSCB_FLAGSHIP,Theme,Broad / Cross-sector,Buybacks / Capital Return,Asia,GSCBJHD1,Japan High Divs/Buybacks,JPY,Custom Basket,MAZCM66H4HXY6SKK,False
GSCB_FLAGSHIP,Factor,Broad / Cross-sector,Momentum,Americas,GSCBHMOM,High Beta Momentum Long,USD,Custom Basket,MAZD45QN8RKAJDE6,False
GSCB_FLAGSHIP,Theme,Broad / Cross-sector,China / Supply Chain,Europe,GSXETRFS,GS EU Tariffs Exposed,EUR,Custom Basket,MAZD4P9CP9VJQCKN,False
GSCB_FLAGSHIP,Other / Review,Broad / Cross-sector,,Europe,GSCMPCOH,GS Pepco Group Hedge,PLN,Custom Basket,MAZDC0CH0JN2ZCTB,True
GSCB_FLAGSHIP,Other / Review,Broad / Cross-sector,,Americas,GSXUMAHA,GS US Health Risk,USD,Custom Basket,MAZDERPW4VJ1PY0V,True
GSCB_FLAGSHIP,Theme,Broad / Cross-sector,China / Supply Chain,Europe,GSXECRSK,GS EU China Risk,EUR,Custom Basket,MAZDFNJGC2XZNSYJ,False
GSCB_FLAGSHIP,Other / Review,Consumer,,Americas,GSXFBZCO,GS BZ Consumer,USD,Custom Basket,MAZDJBS16Y367CM3,True
GSCB_FLAGSHIP,Other / Review,Broad / Cross-sector,,Americas,GSXUMRSH,GS Margin Risk Hedge,USD,Custom Basket,MAZDNFCF5WSVYPXR,True
GSCB_FLAGSHIP,Theme,Broad / Cross-sector,China / Supply Chain,Americas,GSXACINF,GS China Infra,USD,Custom Basket,MAZEVEZT3YTBDS7D,False
GSCB_FLAGSHIP,Other / Review,Energy,,Americas,GSENMIDS,GS Energy Mid C Corps,USD,Custom Basket,MAZEXAN921F21E1D,True
GSCB_FLAGSHIP,Other / Review,Broad / Cross-sector,,Europe,GSCMASRH,GS Asr Nederland Hedge,EUR,Custom Basket,MAZEY6K8CFJVXJKR,True
GSCB_FLAGSHIP,Other / Review,Consumer,,Europe,GSXEGOOD,GS EU Consumer Goods,EUR,Custom Basket,MAZEZ62482KVTKZ2,True
GSCB_FLAGSHIP,Sector Factor,Health Care,Size,Americas,GSHCBFZS,GS US HC Size Short,USD,Custom Basket,MAZEZDPWXQP1KFQT,False
GSCB_FLAGSHIP,Sector Factor,Financials,Leverage,Americas,GSFIBFLS,GS US Fin Leverage Short,USD,Custom Basket,MAZF1MWKXVM0XRF0,False
GSCB_FLAGSHIP,Factor,Broad / Cross-sector,Beta,Asia,GSCBJLO2,GS JP Low Beta xCons,JPY,Custom Basket,MAZF6XFZSZQ7AYG8,False
GSCB_FLAGSHIP,Other / Review,Consumer,,Americas,GSXFBZCD,GS Brazil Consumer Disc,BRL,Custom Basket,MAZFQWVQFY4M83PZ,True
GSCB_FLAGSHIP,Factor,Broad (US),Leverage,Americas,GSPUWLEV,Wolfe Leverage Pair,USD,Custom Basket,MAZGFYTBBHF3KSQC,False
GSCB_FLAGSHIP,Other / Review,Real Estate,,Americas,GSXURLST,GS US Real Estate,USD,Custom Basket,MAZGVMBBMCPWSXTH,True
GSCB_FLAGSHIP,Other / Review,Broad / Cross-sector,,Europe,GSCMUNIP,GS Uniper Hedge,EUR,Custom Basket,MAZH0BRJPAEBRQB5,True
GSCB_FLAGSHIP,Other / Review,Consumer,,Asia,GSXAJDCO,GS Japan Domestic Cons.,JPY,Custom Basket,MAZH5NKYEQJWEMKD,True
GSCB_FLAGSHIP,Other / Review,Industrials,,Europe,GSCMCNHH,GS CNH Industrial Hedge,EUR,Custom Basket,MAZHFV27ZDGYK34C,True
GSCB_FLAGSHIP,Other / Review,Broad / Cross-sector,,Americas,GSKOSINT,GS US Shrt Int EFMUSALTS,USD,Custom Basket,MAZHXN6Q1B8WFW0M,True
GSCB_FLAGSHIP,Other / Review,Broad / Cross-sector,,Americas,GSSZINTL,AeJ International Sales,USD,Research Basket,MAZJAB1HXR7BT457,True
GSCB_FLAGSHIP,Theme,Broad / Cross-sector,Mega Cap,Asia,GSXAJMEB,GS Japan Mega Banks,JPY,Custom Basket,MAZJFBQ0ZGHAX4C1,False
GSCB_FLAGSHIP,Factor,Broad / Cross-sector,Value,Europe,GSXEMIVS,EU Rctv Low Midcap Value,EUR,Custom Basket,MAZK69J6GVXBYE8T,False
GSCB_FLAGSHIP,Other / Review,Broad / Cross-sector,,Europe,GSCBAGRE,GS EU Agriculture,EUR,Custom Basket,MAZK8CYS60S9YPT3,True
GSCB_FLAGSHIP,Other / Review,Broad / Cross-sector,,Asia,GSXAHBYS,GS Hong Kong Div Y Short,HKD,Custom Basket,MAZKHQ9P24B7MDEG,True
GSCB_FLAGSHIP,Theme,Health Care,Healthcare Innovation,Americas,GSHLCBMI,GS HC GLP-1 Exposure,USD,Custom Basket,MAZKKJY1RC12NG4J,False
GSCB_FLAGSHIP,Other / Review,Broad / Cross-sector,,Europe,GSXFMINE,GS EM Miners,USD,Custom Basket,MAZKQ057TVBGQAZS,True
GSCB_FLAGSHIP,Factor,Broad / Cross-sector,Growth,Asia,GSXAMFGL,GS Japan Growth Long,JPY,Custom Basket,MAZMT232C8KT3GGE,False
GSCB_FLAGSHIP,Other / Review,Broad / Cross-sector,,Americas,GSXUDEBT,GS HY Debt Sensitivity,USD,Custom Basket,MAZNC57YVYTGR0KF,True
GSCB_FLAGSHIP,Other / Review,Broad / Cross-sector,,Europe,GSCMMLNH,GS Metlen Hedge,EUR,Custom Basket,MAZNETCZX5JCE5QC,True
GSCB_FLAGSHIP,Factor,Broad / Cross-sector,Momentum,Asia,GSXAJMSL,GS High Beta ST MOMO Lon,JPY,Custom Basket,MAZNT6HV579RKGH1,False
GSCB_FLAGSHIP,Other / Review,Broad / Cross-sector,,Europe,GSXEBFWS,EU Pure Lo News Senti,EUR,Custom Basket,MAZNT8MG7DEVT8JB,True
GSCB_FLAGSHIP,Factor,Broad / Cross-sector,Profitability,Americas,GSXUWFPS,GS US Wolfe Low Prof,USD,Custom Basket,MAZP81VKN4XNM1DS,False
GSCB_FLAGSHIP,Theme,Broad / Cross-sector,AI,Asia,GSXAJPAI,GS Japan AI,JPY,Custom Basket,MAZPACBT3WT5MDTB,False
GSCB_FLAGSHIP,Theme,TMT / Tech,Profitability Theme (Profitable vs Nonprofitable),Americas,GSCBNOPL,Secular Non-Profit. Tech,USD,Custom Basket,MAZQ9VRBAGRY7Q4B,False
GSCB_FLAGSHIP,Other / Review,Broad / Cross-sector,,Europe,GSCMRSWH,GS Renishaw Hedge,GBP,Custom Basket,MAZR4Q5P9JZWGCE7,True
GSCB_FLAGSHIP,Factor,Broad / Cross-sector,Quality,Americas,GSRPEQUP,GS RP Equity Quality US Long/Short,USD,Custom Basket,MAZRVNQ3BTRSA363,False
GSCB_FLAGSHIP,Sector Factor,Industrials,Crowding,Americas,GSINWFCL,GS US INL Crowding Long,USD,Custom Basket,MAZS1Q1DY0ZDW6X1,False
GSCB_FLAGSHIP,Theme,TMT / Tech,TMT,Americas,GSTMWFIS,GS US TMT Low Short Int,USD,Custom Basket,MAZSDC5NTQK46NW0,False
GSCB_FLAGSHIP,Theme,Broad / Cross-sector,China / Supply Chain,Europe,GSCBCLAG,GS EU China Laggards,EUR,Custom Basket,MAZSERBFC3NZ2BGS,False
GSCB_FLAGSHIP,Other / Review,Broad / Cross-sector,,Americas,GSSIPAFO,Goldman Sachs Paper & Forest Products Sector Basket,USD,Custom Basket,MAZSNRMPZK1R3AQX,True
GSCB_FLAGSHIP,Other / Review,Consumer,,Europe,GSCBCSPR,GS EU Consumers Priority,EUR,Custom Basket,MAZT7KKPXTWCW6H8,True
GSCB_FLAGSHIP,Other / Review,Broad / Cross-sector,,Americas,GSXFMXDO,GS MX Domestics (USD),USD,Custom Basket,MAZTAZGWX1ZPWX15,True
GSCB_FLAGSHIP,Other / Review,Utilities,,Americas,GSCBMSUT,Utilities Most Short,USD,Custom Basket,MAZTW0MSFJ71VKPY,True
GSCB_FLAGSHIP,Other / Review,Broad (US),,Americas,GSPUBGLV,GS US GEMLT Lev Pair,USD,Custom Basket,MAZW0GZNP2C5H200,True
GSCB_FLAGSHIP,Other / Review,Consumer,,Asia,GSXAICOS,GS India Mass Cons.,INR,Custom Basket,MAZW0MKQWZDZPNJZ,True
GSCB_FLAGSHIP,Other / Review,Broad / Cross-sector,,Europe,GSCMDPHL,GS Dechra Hedge,GBP,Custom Basket,MAZWEV8NW8JRNWPB,True
GSCB_FLAGSHIP,Other / Review,Broad (US),,Americas,GSPUHALO,,USD,Custom Basket,MAZWH6PQ4WG2TA0A,True
GSCB_FLAGSHIP,Factor,Broad / Cross-sector,Size,Asia,GSXAKSIL,GS Korea Size (HB) Long,KRW,Custom Basket,MAZWR9Q024DB0BCY,False
GSCB_FLAGSHIP,Other / Review,Broad / Cross-sector,,Americas,GSSICONP,GS Containers&Packaging,USD,Custom Basket,MAZX97H8MHMG2912,True
GSCB_FLAGSHIP,Theme,Broad / Cross-sector,Reopening / Reflation,Europe,GSXEISRI,GS Israeli Recovery,ILS,Custom Basket,MAZXFE07P4AQ4E62,False
GSCB_FLAGSHIP,Other / Review,Broad / Cross-sector,,Europe,GSCMAKTR,GS Aktor SA Hedge,EUR,Custom Basket,MAZXNSQ3C684W96Q,True
GSCB_FLAGSHIP,Other / Review,Broad / Cross-sector,,Europe,GSXEHLIW,GS EU Wolfe High Liquid,EUR,Custom Basket,MAZXRJXKRSA3YF4Y,True
GSCB_FLAGSHIP,Theme,Broad / Cross-sector,China / Supply Chain,Americas,GSGLITCH,GS China Internet,USD,Custom Basket,MAZXSGD9HPZ9003P,False
GSCB_FLAGSHIP,Theme,Broad / Cross-sector,AI,Americas,GSCBCCAI,GS China AI ADRs,USD,Custom Basket,MAZY0S72Z7STKXB4,False
GSCB_FLAGSHIP,Other / Review,Broad / Cross-sector,,Europe,GSCMDAXL,German Basket ex Linde,EUR,Custom Basket,MAZY876E9S4GMD86,True
GSCB_FLAGSHIP,Other / Review,Broad / Cross-sector,,Europe,GSCMPHPH,GS Primary Health Hedge,GBP,Custom Basket,MAZYA3127YA1XA4D,True
GSCB_FLAGSHIP,Theme,Broad / Cross-sector,China / Supply Chain,Asia,GSCBCHEP,GS China-H US Exposed,HKD,Custom Basket,MAZYK3AXJF72M4XG,False
GSCB_FLAGSHIP,Other / Review,Broad / Cross-sector,,Europe,GSXEBRIC,GS EU Emerging Markets,EUR,Custom Basket,MAZYKBZC91GZ03DE,True
GSCB_FLAGSHIP,HF Positioning,HF Positioning,VIP vs Short,Americas,GSPRHVMS,GS HF VIP vs Most Short,USD,Custom Basket,MAZYVPZSJP2EZ9W0,False
GSCB_FLAGSHIP,Other / Review,Broad / Cross-sector,,Europe,GSQIEFXS,EUR USD Short Leg,EUR,Custom Basket,MAZZAHMZ1T3NVC3W,True
GSCB_FLAGSHIP,Other / Review,Broad / Cross-sector,,Europe,GSSTCAPL,Europe Capital-Light,EUR,Research Basket,MAZZGTXD2PB4FF54,True
GSCB_FLAGSHIP,Factor,Broad / Cross-sector,Volatility,Europe,GSXEBFRS,EU Pure Lo Residual Vol,EUR,Custom Basket,MAZZQ6SZG0GCQW7M,False
